"","p_val","avg_log2FC","pct.1","pct.2","p_val_adj"
"CD4",5.7136879804299e-47,-2.21754230365182,0.947,0.818,7.82775253318897e-45
"CD5",1.21111557336675e-34,0.611021140895915,0.978,0.879,1.65922833551245e-32
"CD7",2.22044315745127e-18,10.4673866079911,0.93,0.854,3.04200712570824e-16
"CD47",1.20730234887631e-17,1.64048172618464,0.354,0.155,1.65400421796055e-15
"ICOS",1.91224100013056e-16,1.22889185131188,0.531,0.322,2.61977017017887e-14
"CD2",9.32507427499254e-15,6.69735576457362,0.949,0.881,1.27753517567398e-12
"CD27",5.38625691605835e-14,-8.57775132930697,0.628,0.627,7.37917197499994e-12
"CD38",6.16698347042543e-14,8.99416751686248,0.653,0.477,8.44876735448283e-12
"PECAM1",2.16023012824962e-13,1.75702195982826,0.239,0.089,2.95951527570198e-11
"CD3D",2.36994640852871e-11,6.07547154331475,0.944,0.871,3.24682657968434e-09
"CD44",3.83930949635628e-11,0.842062388384122,0.886,0.775,5.2598540100081e-09
"CD244",1.36528422710964e-10,8.94356944736922,0.01,0.072,1.87043939114021e-08
"DPP4",2.79488380499354e-09,-0.207465012769784,0.631,0.468,3.82899081284116e-07
"GGT1",3.01456644057283e-08,2.16997807865611,0.082,0.015,4.12995602358478e-06
"CD45",3.64863346011358e-08,0.720281209917482,0.89,0.867,4.9986278403556e-06
"CD69",2.08873721666412e-07,2.25324604972046,0.153,0.064,2.86156998682985e-05
"ADGRG1",1.52740109206042e-06,2.97572567691342,0.017,0.07,0.000209253949612278
"KLRD1",1.84182603790394e-06,-5.16942508240616,0.007,0.047,0.00025233016719284
"CD45RA",4.86089746960755e-06,0.16284855744628,0.853,0.763,0.000665942953336235
"IL7R",8.68061649868104e-06,0.684070015635439,0.461,0.331,0.0011892444603193
"FCGR3A",1.1548323980313e-05,-2.91799346418581,0.018,0.057,0.00158212038530289
"ITGAX",4.83339980215369e-05,12.4005758373272,0.012,0.049,0.00662175772895055
"CD33",5.92207903840281e-05,-9.63306053543842,0.018,0.053,0.00811324828261186
"CD48",0.000160791112228405,0.169076889646968,0.853,0.881,0.0220283823752914
"ITGB1",0.000296443473586099,-1.8958032372306,0.042,0.083,0.0406127558812956
"NCAM1",0.000442341543242364,-3.47090036680918,0.014,0.038,0.0606007914242039
"LAMP1",0.000611506303155652,3.28062871907064,0.061,0.019,0.0837763635323243
"SELL",0.000903823241430233,6.38689488276074,0.55,0.602,0.123823784075942
"CD28",0.00192659708929582,1.2618845836702,0.476,0.405,0.263943801233527
"TCR-AB",0.0032253419822172,-1.09853813370141,0.74,0.678,0.441871851563757
"SIGLEC7",0.00532749775973087,-3.99257780101126,0.011,0.036,0.729867193083129
"ITGAE",0.00624814234997808,10.7225611294038,0.022,0.051,0.855995501946998
"ITGA4",0.0174587391644638,1.64482928308848,0.222,0.195,1
"CD82",0.0285153505086893,0.7807692202946,0.091,0.055,1
"CD36",0.0313499042828606,2.38082542484691,0.012,0.015,1
"FAS",0.0320471577736509,1.84093801164688,0.014,0.025,1
"SLAMF6",0.0322363699751812,0.816417567930305,0.207,0.229,1
"TCR-vD2",0.0325941329056252,-2.06492605075248,0.006,0.021,1
"B3GAT1",0.0364374446086241,-6.659919200504,0.01,0.028,1
"TFRC",0.0420087977408852,5.17242402087111,0.031,0.049,1
"CR1",0.0432680979752106,3.51433156106926,0.083,0.053,1
"ITGA2",0.0440844952666346,-1.64894442022496,0.004,0.017,1
"SELP",0.0441119140167921,0.560459944281534,0.007,0.019,1
"CD8A",0.0644805951319079,-2.46647517021463,0.042,0.07,1
"CD19",0.0708396999518723,2.09232409766586,0.04,0.064,1
"CD52",0.0730595141928223,1.22389710908932,0.39,0.358,1
"Rat-IgG2b",0.0739145617987288,3.38758074418132,0.01,0.004,1
"ITGB7",0.0744982464831227,-0.564450824594456,0.042,0.025,1
"CCR4",0.0822956559957528,-2.12920012003089,0.021,0.023,1
"CCR6",0.094505946900414,0.473877265703165,0.014,0.03,1
"Hamster-IgG",0.0952966871381306,-27.8483655742739,0.012,0.013,1
"ANPEP",0.102583176617172,0.188895288182322,0.011,0.021,1
"ICAM1",0.116418671166787,-1.64420090145089,0.014,0.03,1
"ITGAL",0.120504068824016,3.07861446417563,0.59,0.619,1
"CD81",0.132154982867333,1.35494740560994,0.153,0.117,1
"TNFRSF14",0.133875024865759,0.673317627237798,0.028,0.013,1
"KIR2DL3",0.140563604229076,1.47138807866491,0.011,0.023,1
"BTLA",0.149054931032487,0.567689503607333,0.079,0.053,1
"CLEC12A",0.150525358713605,3.1726057476395,0.016,0.013,1
"CX3CR1",0.189256489625039,-1.81259246997059,0.003,0.011,1
"CD22",0.192049795762533,-0.351644781308398,0.047,0.049,1
"CD14",0.196065280763806,0.271809066056862,0.015,0.008,1
"TNFRSF13C",0.216805158383226,2.34845491956469,0.018,0.03,1
"C5AR1",0.230637890527577,2.41628027634512,0.01,0.004,1
"CD99",0.232376814571717,1.77809171228513,0.271,0.242,1
"Mouse-IgG2b",0.248747760014695,4.94890368248114,0.014,0.028,1
"CR2",0.265283246312251,1.85819212754588,0.24,0.214,1
"KLRG1",0.304327807465992,-4.6239592560551,0.016,0.028,1
"PDCD1",0.330586708207731,2.76604371313296,0.01,0.008,1
"CD45RO",0.36104514956554,2.39692553312439,0.016,0.021,1
"CD163",0.36816938179287,6.00527699007702,0.009,0.019,1
"KLRK1",0.381328361261719,0.155970817508419,0.013,0.023,1
"NCR1",0.394127203334892,-0.998209608652158,0.023,0.017,1
"KIR3DL1",0.421101393576437,2.02741869139445,0.016,0.025,1
"CD86",0.421911797496267,1.8653781631203,0.016,0.025,1
"CD1D",0.451860034610135,-2.52006070594373,0.007,0.011,1
"TNFRSF9",0.467982311547632,0.523774988176987,0.046,0.034,1
"TCR-vA7.2",0.48610736951686,2.43539238224998,0.028,0.021,1
"CD1C",0.513367744941174,5.71928950450485,0.039,0.047,1
"HLA-DRA",0.513919597761681,-2.13110655552764,0.014,0.021,1
"KLRB1",0.531687761567594,9.57726863559542,0.006,0.011,1
"GP1BB",0.587924305775748,-1.40301796076544,0.011,0.019,1
"ITGAM",0.621991142158641,-1.21007151487285,0.009,0.013,1
"ENTPD1",0.647060489338949,-1.84080640892609,0.023,0.03,1
"ITGA1",0.662870920049204,1.85814638211573,0.03,0.03,1
"IL3RA",0.665489754385088,3.31580378254045,0.014,0.019,1
"Rat-IgG1",0.674165044276231,1.66294630183691,0.012,0.011,1
"ITGA6",0.737667457623152,-0.571699746283298,0.014,0.019,1
"ITGB2",0.769294612872003,1.76824588649548,0.497,0.513,1
"KIR2DL1",0.769632559489118,0.323035673467173,0.012,0.017,1
"IGHD",0.779681985956029,2.6223139563615,0.034,0.032,1
"CD101",0.796302987737308,0.448481338271765,0.062,0.053,1
"NT5E",0.810910419937389,1.22650685784601,0.037,0.034,1
"IL2RB",0.876266880742422,3.14243786345226,0.01,0.015,1
"CD40",0.87934357872817,-0.583597568069457,0.015,0.019,1
"ITGA2B",0.908854044828515,0.130232976660161,0.02,0.017,1
"IL2RA",0.934999203407825,0.237218767911146,0.031,0.028,1
"Rat-IgG2a",0.944411019618585,0.94343247824661,0.01,0.011,1
"MS4A1",0.972911935098074,2.08133924022562,0.024,0.023,1
"FCGR1A",0.983723099462673,-0.356026151472406,0.022,0.021,1
"CLEC4C",0.996530819436968,0.246688787326281,0.014,0.015,1
