Readout,Time_Point_std,Condition,Metric,DenominatorGate,DenominatorLabel,LineageGate,n_pos,n_neg,median_pos,median_neg,median_diff_pp,p_value,cliffs_delta,p_adj,note_imbalance
CCR6- CXCR3- / CCR4+,12wks,BCG,Freq. of Grandparent,Proliferating,Freq. of Grandparent: Proliferating,CD4,10,25,0.385,0.85,-0.46499999999999997,0.18250829410155087,-0.296,0.6083609803385029,NA
CCR6+ CXCR3- / CD161+,12wks,BCG,Freq. of Parent,CCR6+ CXCR3-,Freq. of Parent: CCR6+ CXCR3-,CD4,10,25,45.54597701149426,38.940809968847354,6.6051670426469045,0.2425823130092763,0.26,0.6738397583591008,NA
CCR6- CXCR3- / CCR4+,12wks,BCG,Freq. of Parent,CCR6- CXCR3-,Freq. of Parent: CCR6- CXCR3-,CD4,10,25,1.025,2.33,-1.3050000000000002,0.08610393948079843,-0.38,0.40699070696085826,NA
CD45RO+ CD27+ / CXCR5+,12wks,BCG,Freq. of Parent,CD45RO+ CD27+,Freq. of Parent: CD45RO+ CD27+,CD4,10,25,9.132099447513811,1.2946153846153845,7.837484062898427,0.03576376659097793,0.464,0.3065465707798108,NA
IFNy,12wks,BCG,Freq. of Parent,Proliferating,Freq. of Parent: Proliferating,CD4,10,25,39.3,53.9,-14.600000000000001,0.13918016711962208,-0.328,0.502359550329083,NA
CD45RO- CD27+,12wks,BCG,Freq. of Parent,Proliferating,Freq. of Parent: Proliferating,CD4,10,25,18.266101694915257,3.907323943661972,14.358777751253285,0.43205823906122,0.176,0.8054947418785711,NA
CCR6- CXCR3+,12wks,BCG,Freq. of Parent,Proliferating,Freq. of Parent: Proliferating,CD4,10,25,42.45570652173913,28.22857142857143,14.2271350931677,0.015172438639677557,0.536,0.2528739773279593,NA
CCR6- CXCR3-,12wks,BCG,Freq. of Parent,Proliferating,Freq. of Parent: Proliferating,CD4,10,25,65.84681496461073,52.21356321839081,13.63325174621992,0.26540682203485627,0.248,0.6923656226996251,NA
CD45RO+ CD27-,12wks,BCG,Freq. of Parent,Proliferating,Freq. of Parent: Proliferating,CD4,10,25,50.52771639042358,63.072803347280335,-12.545086956856757,0.42175358332010887,-0.18,0.7957614779624695,NA
CD45RO+ CD27+,12wks,BCG,Freq. of Parent,Proliferating,Freq. of Parent: Proliferating,CD4,10,25,36.66159879507801,27.53623188405797,9.125366911020038,0.5228166539190887,0.144,0.8536733851551673,NA
TNFa,12wks,BCG,Freq. of Parent,Proliferating,Freq. of Parent: Proliferating,CD4,10,25,93.84004796163069,87,6.840047961630688,0.10408468071838259,0.36,0.4525420900799243,NA
CCR6+ CXCR3-,12wks,BCG,Freq. of Parent,Proliferating,Freq. of Parent: Proliferating,CD4,10,25,7.429818925233645,4.605084745762712,2.8247341794709335,0.08283742515880632,0.384,0.40699070696085826,NA
IL-17a,12wks,BCG,Freq. of Parent,Proliferating,Freq. of Parent: Proliferating,CD4,10,25,45.74468085106383,48.26530612244898,-2.52062527138515,0.7562749546662035,-0.072,0.9075299455994442,NA
HLA-DR+ CD38+,12wks,BCG,Freq. of Parent,Proliferating,Freq. of Parent: Proliferating,CD4,10,25,9.878109296482414,11.868075801749272,-1.9899665052668585,0.027164372823010503,-0.488,0.2787310279773624,NA
IL-21,12wks,BCG,Freq. of Parent,Proliferating,Freq. of Parent: Proliferating,CD4,10,25,13.380885960926854,11.615094339622644,1.76579162130421,0.5714073926759137,0.128,0.8536733851551673,NA
CCR6+ CXCR3+,12wks,BCG,Freq. of Parent,Proliferating,Freq. of Parent: Proliferating,CD4,10,25,12.147311827956987,10.4,1.7473118279569864,0.33318874581239727,0.216,0.7411817394387133,NA
PD-1,12wks,BCG,Freq. of Parent,Proliferating,Freq. of Parent: Proliferating,CD4,10,25,12.975206611570247,11.612108353922727,1.3630982576475201,0.6113150068978533,NA,0.8536733851551673,NA
CD45RO- CD27-,12wks,BCG,Freq. of Parent,Proliferating,Freq. of Parent: Proliferating,CD4,10,25,0.41500000000000004,1.73,-1.315,0.020411733926352003,-0.512,0.2662400077350261,NA
IL-22,12wks,BCG,Freq. of Parent,Proliferating,Freq. of Parent: Proliferating,CD4,10,25,3.9850000000000003,4.41,-0.4249999999999998,0.5227875407001529,-0.144,0.8536733851551673,NA
IL-2,12wks,BCG,Freq. of Parent,Proliferating,Freq. of Parent: Proliferating,CD4,10,25,2.9783483343333996,2.977938144329897,4.101900035027306e-4,0.8694817827381617,-0.04,0.9625259587507325,NA
TNFa,12wks,BCG,Freq. of Parent,Proliferating,Freq. of Parent: Proliferating,CD8,10,25,80.29006861365235,58.04816223067173,22.241906382980623,0.05075519391840709,0.432,0.3239693228834495,NA
IL-2,12wks,BCG,Freq. of Parent,Proliferating,Freq. of Parent: Proliferating,CD8,10,25,44,22,22,0.06514560834738749,0.408,0.38320946086698526,NA
CD107a,12wks,BCG,Freq. of Parent,Proliferating,Freq. of Parent: Proliferating,CD8,10,25,9.153846153846155,26.133333333333336,-16.97948717948718,2.4279621360694058e-4,-0.808,0.06375999942691445,NA
IL-21,12wks,BCG,Freq. of Parent,Proliferating,Freq. of Parent: Proliferating,CD8,10,25,18.6,3.86,14.740000000000002,6.375999942691444e-4,0.752,0.06375999942691445,NA
CCR6+ CXCR3-,12wks,BCG,Freq. of Parent,Proliferating,Freq. of Parent: Proliferating,CD8,10,25,19.3,6.12,13.18,0.0014880020100034106,0.7,0.08928012060020464,NA
HLA-DR+ CD38+,12wks,BCG,Freq. of Parent,Proliferating,Freq. of Parent: Proliferating,CD8,10,25,87.05,77.5,9.549999999999997,0.5109796143289606,0.148,0.8536733851551673,NA
CCR6- CXCR3-,12wks,BCG,Freq. of Parent,Proliferating,Freq. of Parent: Proliferating,CD8,10,25,70.85835341089006,62.50107913669064,8.357274274199419,0.24604610623500153,0.256,0.6758225768035415,NA
IL-22,12wks,BCG,Freq. of Parent,Proliferating,Freq. of Parent: Proliferating,CD8,10,25,8.63,3.39,5.24,0.29795972621577166,0.232,0.7151033429178519,NA
CD45RO- CD27+,12wks,BCG,Freq. of Parent,Proliferating,Freq. of Parent: Proliferating,CD8,10,25,7.181492293464858,3.663650190114069,3.517842103350789,0.5713804466842325,0.128,0.8536733851551673,NA
CCR6+ CXCR3+,12wks,BCG,Freq. of Parent,Proliferating,Freq. of Parent: Proliferating,CD8,10,25,13.55,16.9,-3.349999999999998,0.5714073926759137,-0.128,0.8536733851551673,NA
CD45RO- CD27-,12wks,BCG,Freq. of Parent,Proliferating,Freq. of Parent: Proliferating,CD8,10,25,0.16999999999999998,3.200689655172414,-3.0306896551724143,0.02694951952964873,-0.488,0.2787310279773624,NA
CCR6- CXCR3+,12wks,BCG,Freq. of Parent,Proliferating,Freq. of Parent: Proliferating,CD8,10,25,29.19179964539007,32.21739130434783,-3.025591658957758,0.7286732435303449,-0.08,0.9041011426105107,NA
CD45RO+ CD27+,12wks,BCG,Freq. of Parent,Proliferating,Freq. of Parent: Proliferating,CD8,10,25,35.06999327472739,32.726605504587155,2.3433877701402324,0.5714073926759137,0.128,0.8536733851551673,NA
IL-17a,12wks,BCG,Freq. of Parent,Proliferating,Freq. of Parent: Proliferating,CD8,10,25,52.299056310813604,54,-1.7009436891863956,0.8394939339415868,0.048,0.9497213755276983,NA
IFNy,12wks,BCG,Freq. of Parent,Proliferating,Freq. of Parent: Proliferating,CD8,10,25,46.45,48.1,-1.6499999999999986,0.476440424923894,-0.16,0.8340927225730593,NA
CD45RO+ CD27-,12wks,BCG,Freq. of Parent,Proliferating,Freq. of Parent: Proliferating,CD8,10,25,29.888028169014085,29.53427109974424,0.35375706926984307,0.3517871764644995,-0.208,0.7538296638524988,NA
PD-1,12wks,BCG,Freq. of Parent,Proliferating,Freq. of Parent: Proliferating,CD8,10,25,9.682246059207998,9.975619834710745,-0.29337377550274724,0.3820641785217363,NA,0.7606271037955847,NA
CCR6- CXCR3-,12wks,BCG,Freq. of Parent,Proliferating,Freq. of Parent: Proliferating,gd TCR,10,25,90.55216535433073,63.02868852459016,27.523476829740567,0.47470286689331603,0.16,0.8340927225730593,NA
CD107a,12wks,BCG,Freq. of Parent,Proliferating,Freq. of Parent: Proliferating,gd TCR,10,25,43.029121368245995,57,-13.970878631754005,0.25002118448607447,-0.256,0.6758225768035415,NA
IL-2,12wks,BCG,Freq. of Parent,Proliferating,Freq. of Parent: Proliferating,gd TCR,10,25,22.799999999999997,15.6,7.1999999999999975,0.25005435341731036,0.256,0.6758225768035415,NA
CCR6+ CXCR3+,12wks,BCG,Freq. of Parent,Proliferating,Freq. of Parent: Proliferating,gd TCR,10,25,42.02108626198083,49.20775862068966,-7.186672358708833,0.9563199039155036,-0.016,1,NA
TNFa,12wks,BCG,Freq. of Parent,Proliferating,Freq. of Parent: Proliferating,gd TCR,10,25,57.53081896551724,50.8572347266881,6.673584238829143,0.5964828214814786,0.12,0.8536733851551673,NA
IL-22,12wks,BCG,Freq. of Parent,Proliferating,Freq. of Parent: Proliferating,gd TCR,10,25,1.73,7.15,-5.42,0.11217181611598265,-0.352,0.4673825671499277,NA
IL-17a,12wks,BCG,Freq. of Parent,Proliferating,Freq. of Parent: Proliferating,gd TCR,10,25,37.55204671134931,32.1875,5.364546711349313,0.6480768681391461,0.104,0.8641024908521948,NA
IFNy,12wks,BCG,Freq. of Parent,Proliferating,Freq. of Parent: Proliferating,gd TCR,10,25,8.66746531745393,13.2,-4.5325346825460695,0.13918016711962208,-0.328,0.502359550329083,NA
CCR6+ CXCR3-,12wks,BCG,Freq. of Parent,Proliferating,Freq. of Parent: Proliferating,gd TCR,10,25,6.5350209745762715,3.1389605911330043,3.396060383443267,0.029807964323144573,0.48,0.27944966552948036,NA
IL-21,12wks,BCG,Freq. of Parent,Proliferating,Freq. of Parent: Proliferating,gd TCR,10,25,13.076617559901784,9.809247027741083,3.267370532160701,0.23533326650958575,0.264,0.6660375467252426,NA
CCR6- CXCR3+,12wks,BCG,Freq. of Parent,Proliferating,Freq. of Parent: Proliferating,gd TCR,10,25,22.75,24.8,-2.0500000000000007,0.42162349256844617,-0.18,0.7957614779624695,NA
PD-1,12wks,BCG,Freq. of Parent,Proliferating,Freq. of Parent: Proliferating,gd TCR,10,25,9.940760869565219,8.279661456333052,1.6610994132321668,0.23039360977427312,NA,0.6582674564979232,NA
HLA-DR+ CD38+,12wks,BCG,Freq. of Parent,Proliferating,Freq. of Parent: Proliferating,gd TCR,10,25,10.209458128078818,11.16167441860465,-0.9522162905258309,0.5964571046787523,-0.12,0.8536733851551673,NA
CCR6- CXCR3- / CCR4+,12wks,DosR,Freq. of Grandparent,Proliferating,Freq. of Grandparent: Proliferating,CD4,9,25,0.95,3.07,-2.12,0.020103071064480612,-0.5333333333333333,0.2662400077350261,NA
CCR6+ CXCR3- / CD161+,12wks,DosR,Freq. of Parent,CCR6+ CXCR3-,Freq. of Parent: CCR6+ CXCR3-,CD4,9,25,70.55749128919861,38.940809968847354,31.616681320351255,0.008405480671188775,0.6044444444444445,0.23140817415562034,NA
CCR6- CXCR3- / CCR4+,12wks,DosR,Freq. of Parent,CCR6- CXCR3-,Freq. of Parent: CCR6- CXCR3-,CD4,9,25,1.78,7.27,-5.489999999999999,0.013113129868818485,-0.5688888888888889,0.23140817415562034,NA
CD45RO+ CD27+ / CXCR5+,12wks,DosR,Freq. of Parent,CD45RO+ CD27+,Freq. of Parent: CD45RO+ CD27+,CD4,9,25,3.1079999999999997,2.5659375,0.5420624999999997,0.5845759839376364,0.1288888888888889,0.8536733851551673,NA
CD45RO- CD27+,12wks,DosR,Freq. of Parent,Proliferating,Freq. of Parent: Proliferating,CD4,9,25,35.77423728813559,7.2,28.57423728813559,0.469001423577576,0.1688888888888889,0.8340927225730593,NA
IL-17a,12wks,DosR,Freq. of Parent,Proliferating,Freq. of Parent: Proliferating,CD4,9,25,90.78014184397165,67.09677419354838,23.683367650423264,0.6363394223553709,0.1111111111111111,0.8611139234322513,NA
CCR6- CXCR3-,12wks,DosR,Freq. of Parent,Proliferating,Freq. of Parent: Proliferating,CD4,9,25,77.79627906976745,60.77946127946128,17.01681779030617,0.45707302237715275,0.17333333333333334,0.8331092632965698,NA
CCR6- CXCR3+,12wks,DosR,Freq. of Parent,Proliferating,Freq. of Parent: Proliferating,CD4,9,25,22.127329192546586,8.081012658227847,14.04631653431874,0.003007572583849032,0.68,0.12889596787924423,NA
CD45RO+ CD27+,12wks,DosR,Freq. of Parent,Proliferating,Freq. of Parent: Proliferating,CD4,9,25,54.54545454545454,61.73333333333333,-7.1878787878787875,0.2918219606789519,-0.24444444444444444,0.7119407331566213,NA
TNFa,12wks,DosR,Freq. of Parent,Proliferating,Freq. of Parent: Proliferating,CD4,9,25,72.01762749445676,66.7,5.317627494456758,0.6117992593612033,0.12,0.8536733851551673,NA
CCR6+ CXCR3-,12wks,DosR,Freq. of Parent,Proliferating,Freq. of Parent: Proliferating,CD4,9,25,16.03492647058824,19.979906542056078,-3.944980071467839,0.10946589671982633,-0.3688888888888889,0.4673825671499277,NA
PD-1,12wks,DosR,Freq. of Parent,Proliferating,Freq. of Parent: Proliferating,CD4,9,25,29.168264462809915,31.579839633447882,-2.411575170637967,0.7114180211180643,NA,0.9041011426105107,NA
CD45RO+ CD27-,12wks,DosR,Freq. of Parent,Proliferating,Freq. of Parent: Proliferating,CD4,9,25,27.130386740331495,29.5,-2.3696132596685047,0.639450075085221,-0.1111111111111111,0.8611139234322513,NA
IFNy,12wks,DosR,Freq. of Parent,Proliferating,Freq. of Parent: Proliferating,CD4,9,25,11.6,13.3,-1.700000000000001,0.45821009481311337,-0.17333333333333334,0.8331092632965698,NA
IL-22,12wks,DosR,Freq. of Parent,Proliferating,Freq. of Parent: Proliferating,CD4,9,25,4.62,3.08,1.54,0.5068737196465689,0.15555555555555556,0.8536733851551673,NA
IL-21,12wks,DosR,Freq. of Parent,Proliferating,Freq. of Parent: Proliferating,CD4,9,25,10.701290322580645,12.18923076923077,-1.487940446650125,0.8452403504095852,-0.04888888888888889,0.9497213755276983,NA
CD45RO- CD27-,12wks,DosR,Freq. of Parent,Proliferating,Freq. of Parent: Proliferating,CD4,9,25,0.13,1.46,-1.33,0.5193229035690273,-0.1511111111111111,0.8536733851551673,NA
HLA-DR+ CD38+,12wks,DosR,Freq. of Parent,Proliferating,Freq. of Parent: Proliferating,CD4,9,25,5.5741008403361345,6.646122448979593,-1.0720216086434586,0.2261988793054759,-0.28,0.6581963330999677,NA
IL-2,12wks,DosR,Freq. of Parent,Proliferating,Freq. of Parent: Proliferating,CD4,9,25,2.0582567726737335,2.3070090634441085,-0.24875229077037497,0.6117720558462352,-0.12,0.8536733851551673,NA
CCR6+ CXCR3+,12wks,DosR,Freq. of Parent,Proliferating,Freq. of Parent: Proliferating,CD4,9,25,10.331020408163266,10.521544715447156,-0.1905243072838907,0.6117992593612033,-0.12,0.8536733851551673,NA
IL-21,12wks,DosR,Freq. of Parent,Proliferating,Freq. of Parent: Proliferating,CD8,9,25,29.9,3.54,26.36,0.02203658642406995,0.5244444444444445,0.2714557212454709,NA
CCR6- CXCR3-,12wks,DosR,Freq. of Parent,Proliferating,Freq. of Parent: Proliferating,CD8,9,25,89.13969849246232,68.2543165467626,20.88538194569972,0.4000164850239477,0.19555555555555557,0.7699883632757315,NA
IL-2,12wks,DosR,Freq. of Parent,Proliferating,Freq. of Parent: Proliferating,CD8,9,25,45.7,30.5,15.200000000000003,0.11825116805802234,0.36,0.47300467223208936,NA
CCR6+ CXCR3+,12wks,DosR,Freq. of Parent,Proliferating,Freq. of Parent: Proliferating,CD8,9,25,9.5,19.7,-10.2,0.09321513336868202,-0.38666666666666666,0.4237051516758274,NA
CCR6+ CXCR3-,12wks,DosR,Freq. of Parent,Proliferating,Freq. of Parent: Proliferating,CD8,9,25,25,15.8,9.2,0.12286345406283997,0.35555555555555557,0.47868878206301285,NA
CD107a,12wks,DosR,Freq. of Parent,Proliferating,Freq. of Parent: Proliferating,CD8,9,25,4.140769230769231,12.54782608695652,-8.407056856187289,0.028802206224327446,-0.5022222222222222,0.2787310279773624,NA
CD45RO+ CD27-,12wks,DosR,Freq. of Parent,Proliferating,Freq. of Parent: Proliferating,CD8,9,25,6.155625000000001,12.865329341317366,-6.709704341317366,0.1976462445738272,-0.29777777777777775,0.6178433715638144,NA
CD45RO- CD27+,12wks,DosR,Freq. of Parent,Proliferating,Freq. of Parent: Proliferating,CD8,9,25,11.211,4.55,6.6610000000000005,0.23950974249693538,0.27111111111111114,0.671522642514772,NA
IL-22,12wks,DosR,Freq. of Parent,Proliferating,Freq. of Parent: Proliferating,CD8,9,25,12.4,6.36,6.04,0.5188110016696462,0.1511111111111111,0.8536733851551673,NA
TNFa,12wks,DosR,Freq. of Parent,Proliferating,Freq. of Parent: Proliferating,CD8,9,25,61.71875,55.822328931572635,5.896421068427365,0.9688593064498996,0.013333333333333334,1,NA
IL-17a,12wks,DosR,Freq. of Parent,Proliferating,Freq. of Parent: Proliferating,CD8,9,25,95.93023255813954,100,-4.0697674418604635,0.6400946830846401,-0.10222222222222223,0.8611139234322513,NA
CCR6- CXCR3+,12wks,DosR,Freq. of Parent,Proliferating,Freq. of Parent: Proliferating,CD8,9,25,17.78501628664495,13.8138,3.9712162866449496,0.042338005844292294,0.4666666666666667,0.317176376742723,NA
PD-1,12wks,DosR,Freq. of Parent,Proliferating,Freq. of Parent: Proliferating,CD8,9,25,25.884444444444448,29.1974305785124,-3.312986134067952,0.3063980012186142,NA,0.7241348992411595,NA
IFNy,12wks,DosR,Freq. of Parent,Proliferating,Freq. of Parent: Proliferating,CD8,9,25,7.69,10.9,-3.21,0.3384729943436791,-0.2222222222222222,0.7411817394387133,NA
HLA-DR+ CD38+,12wks,DosR,Freq. of Parent,Proliferating,Freq. of Parent: Proliferating,CD8,9,25,58.3,60,-1.7000000000000028,0.8299771867394158,0.05333333333333334,0.9497213755276983,NA
CD45RO+ CD27+,12wks,DosR,Freq. of Parent,Proliferating,Freq. of Parent: Proliferating,CD8,9,25,44.001037613488975,43.541772151898726,0.45926546159024895,1,0.0044444444444444444,1,NA
CD45RO- CD27-,12wks,DosR,Freq. of Parent,Proliferating,Freq. of Parent: Proliferating,CD8,9,25,0,0,0,0.3445995883250347,-0.2,0.7491295398370319,NA
CD107a,12wks,DosR,Freq. of Parent,Proliferating,Freq. of Parent: Proliferating,gd TCR,9,25,24.70074183976261,42.73341463414634,-18.032672794383732,0.1010545209801254,-0.37777777777777777,0.4500501784192019,NA
CCR6- CXCR3-,12wks,DosR,Freq. of Parent,Proliferating,Freq. of Parent: Proliferating,gd TCR,9,25,41.43366141732283,53.00454545454545,-11.57088403722262,0.7845792226264181,0.06666666666666667,0.9195228450007032,NA
TNFa,12wks,DosR,Freq. of Parent,Proliferating,Freq. of Parent: Proliferating,gd TCR,9,25,52.24137931034483,45.5148359486448,6.726543361700031,0.8148033890009139,0.057777777777777775,0.9401737853648473,NA
CCR6+ CXCR3+,12wks,DosR,Freq. of Parent,Proliferating,Freq. of Parent: Proliferating,gd TCR,9,25,63.6,57.024406779661014,6.5755932203389875,0.7846434472227047,0.06666666666666667,0.9195228450007032,NA
IL-22,12wks,DosR,Freq. of Parent,Proliferating,Freq. of Parent: Proliferating,gd TCR,9,25,3.48,6,-2.52,0.27431691913237727,-0.25333333333333335,0.7033767157240444,NA
PD-1,12wks,DosR,Freq. of Parent,Proliferating,Freq. of Parent: Proliferating,gd TCR,9,25,21.4023097826087,23.542478970806535,-2.1401691881978344,0.4726692869463845,NA,0.8340927225730593,NA
IL-2,12wks,DosR,Freq. of Parent,Proliferating,Freq. of Parent: Proliferating,gd TCR,9,25,15.9,14.4,1.5,0.2258439458897659,0.28,0.6581963330999677,NA
IFNy,12wks,DosR,Freq. of Parent,Proliferating,Freq. of Parent: Proliferating,gd TCR,9,25,2.23318339100346,3.6627352941176468,-1.4295519031141866,0.07895969049129029,-0.40444444444444444,0.40148995165062856,NA
CCR6+ CXCR3-,12wks,DosR,Freq. of Parent,Proliferating,Freq. of Parent: Proliferating,gd TCR,9,25,5.95728813559322,4.693408163265306,1.2638799723279144,0.3487548312896111,0.21777777777777776,0.7527082689703837,NA
CCR6- CXCR3+,12wks,DosR,Freq. of Parent,Proliferating,Freq. of Parent: Proliferating,gd TCR,9,25,20.8,22,-1.1999999999999993,0.6393732769573957,0.1111111111111111,0.8611139234322513,NA
IL-17a,12wks,DosR,Freq. of Parent,Proliferating,Freq. of Parent: Proliferating,gd TCR,9,25,58.457997698504016,57.49999999999999,0.9579976985040233,0.9067673731397972,0.03111111111111111,0.9750263046673008,NA
IL-21,12wks,DosR,Freq. of Parent,Proliferating,Freq. of Parent: Proliferating,gd TCR,9,25,16.050393700787403,16.583621683967703,-0.5332279831803,0.7846434472227047,0.06666666666666667,0.9195228450007032,NA
HLA-DR+ CD38+,12wks,DosR,Freq. of Parent,Proliferating,Freq. of Parent: Proliferating,gd TCR,9,25,6.65704433497537,6.4664006791171476,0.19064365585822252,0.9377660304714766,-0.022222222222222223,0.9871221373383963,NA
CCR6- CXCR3- / CCR4+,12wks,MED,Freq. of Grandparent,Proliferating,Freq. of Grandparent: Proliferating,CD4,10,25,0.525,3.66,-3.1350000000000002,0.07407186954130512,-0.392,0.40148995165062856,NA
CCR6+ CXCR3- / CD161+,12wks,MED,Freq. of Parent,CCR6+ CXCR3-,Freq. of Parent: CCR6+ CXCR3-,CD4,10,25,37.87889139395596,19.560669456066947,18.318221937889014,0.3213186657227137,0.22,0.7411817394387133,NA
CCR6- CXCR3- / CCR4+,12wks,MED,Freq. of Parent,CCR6- CXCR3-,Freq. of Parent: CCR6- CXCR3-,CD4,10,25,0.905,6.7,-5.795,0.08682468415164976,-0.376,0.40699070696085826,NA
CD45RO+ CD27+ / CXCR5+,12wks,MED,Freq. of Parent,CD45RO+ CD27+,Freq. of Parent: CD45RO+ CD27+,CD4,10,25,2.203491712707182,0.5884615384615384,1.6150301742456434,0.36349637021606945,0.2,0.759764506309006,NA
CCR6- CXCR3+,12wks,MED,Freq. of Parent,Proliferating,Freq. of Parent: Proliferating,CD4,10,25,30.72158385093168,10.967088607594935,19.754495243336745,0.0012301767891959286,0.712,0.08928012060020464,NA
CD45RO+ CD27+,12wks,MED,Freq. of Parent,Proliferating,Freq. of Parent: Proliferating,CD4,10,25,49.62566844919785,64,-14.374331550802147,0.038953349501274805,-0.456,0.317176376742723,NA
IL-17a,12wks,MED,Freq. of Parent,Proliferating,Freq. of Parent: Proliferating,CD4,10,25,46.92737430167598,32.688172043010745,14.239202258665237,0.5963799248708557,0.12,0.8536733851551673,NA
IFNy,12wks,MED,Freq. of Parent,Proliferating,Freq. of Parent: Proliferating,CD4,10,25,5.695,13,-7.305,0.22706498166424455,-0.268,0.6581963330999677,NA
CD45RO+ CD27-,12wks,MED,Freq. of Parent,Proliferating,Freq. of Parent: Proliferating,CD4,10,25,25.941087856630467,19.98909612625538,5.951991730375088,0.8694817827381617,0.04,0.9625259587507325,NA
TNFa,12wks,MED,Freq. of Parent,Proliferating,Freq. of Parent: Proliferating,CD4,10,25,57.484922394678485,60.58273736128237,-3.0978149666038846,0.476440424923894,-0.16,0.8340927225730593,NA
CD45RO- CD27-,12wks,MED,Freq. of Parent,Proliferating,Freq. of Parent: Proliferating,CD4,10,25,0.355,3.17,-2.815,0.9127158105373891,-0.028,0.9779097970043454,NA
IL-21,12wks,MED,Freq. of Parent,Proliferating,Freq. of Parent: Proliferating,CD4,10,25,4.699741935483871,7.101328903654486,-2.401586968170615,0.9270860403806611,-0.024,0.9830376317997662,NA
CD45RO- CD27+,12wks,MED,Freq. of Parent,Proliferating,Freq. of Parent: Proliferating,CD4,10,25,24.652542372881356,22.3,2.3525423728813557,0.755677813173834,0.072,0.9075299455994442,NA
HLA-DR+ CD38+,12wks,MED,Freq. of Parent,Proliferating,Freq. of Parent: Proliferating,CD4,10,25,5.1636050420168065,6.907389770723104,-1.7437847287062977,0.2009269146507635,-0.284,0.6178433715638144,NA
IL-2,12wks,MED,Freq. of Parent,Proliferating,Freq. of Parent: Proliferating,CD4,10,25,1.544534746760895,3.036907216494845,-1.49237246973395,0.017614160623562688,-0.524,0.25647955311438475,NA
CCR6+ CXCR3+,12wks,MED,Freq. of Parent,Proliferating,Freq. of Parent: Proliferating,CD4,10,25,10.254538507723378,8.835772357723577,1.4187661499998008,1,0,1,NA
IL-22,12wks,MED,Freq. of Parent,Proliferating,Freq. of Parent: Proliferating,CD4,10,25,0.94,1.73,-0.79,0.5444394313166616,-0.136,0.8536733851551673,NA
CCR6+ CXCR3-,12wks,MED,Freq. of Parent,Proliferating,Freq. of Parent: Proliferating,CD4,10,25,9.708578431372551,10.208259587020649,-0.4996811556480978,0.30655044067875753,-0.228,0.7241348992411595,NA
CCR6- CXCR3-,12wks,MED,Freq. of Parent,Proliferating,Freq. of Parent: Proliferating,CD4,10,25,80.6062221633086,80.69889807162535,-0.09267590831674966,0.7553441663234882,0.072,0.9075299455994442,NA
PD-1,12wks,MED,Freq. of Parent,Proliferating,Freq. of Parent: Proliferating,CD4,10,25,30.569586776859502,30.596874840248788,-0.027288063389285355,0.5555199902561382,NA,0.8536733851551673,NA
IL-17a,12wks,MED,Freq. of Parent,Proliferating,Freq. of Parent: Proliferating,CD8,10,25,62.13662790697675,11.149999999999999,50.98662790697675,0.6644708201725315,0.096,0.8690112869889587,NA
IL-21,12wks,MED,Freq. of Parent,Proliferating,Freq. of Parent: Proliferating,CD8,10,25,33.5,1.68,31.82,0.01795356871800693,0.512,0.25647955311438475,NA
IL-2,12wks,MED,Freq. of Parent,Proliferating,Freq. of Parent: Proliferating,CD8,10,25,38.5,15.4,23.1,0.2973498105220124,0.232,0.7151033429178519,NA
TNFa,12wks,MED,Freq. of Parent,Proliferating,Freq. of Parent: Proliferating,CD8,10,25,45.599489795918366,29.411764705882355,16.18772509003601,0.2732880849542586,0.244,0.7033767157240444,NA
HLA-DR+ CD38+,12wks,MED,Freq. of Parent,Proliferating,Freq. of Parent: Proliferating,CD8,10,25,56.650000000000006,44.4,12.250000000000007,0.3796324160315208,0.196,0.7606271037955847,NA
CD45RO- CD27+,12wks,MED,Freq. of Parent,Proliferating,Freq. of Parent: Proliferating,CD8,10,25,19.665865384615383,9.307724550898204,10.35814083371718,0.6214609348146132,0.112,0.8599737838651724,NA
CD107a,12wks,MED,Freq. of Parent,Proliferating,Freq. of Parent: Proliferating,CD8,10,25,2.5889437585733877,11.429599999999999,-8.840656241426611,0.049849854503213345,-0.432,0.3239693228834495,NA
PD-1,12wks,MED,Freq. of Parent,Proliferating,Freq. of Parent: Proliferating,CD8,10,25,19.455845959595962,26.562900000000003,-7.107054040404041,0.290444412424265,NA,0.7119407331566213,NA
CD45RO+ CD27+,12wks,MED,Freq. of Parent,Proliferating,Freq. of Parent: Proliferating,CD8,10,25,41.57998322733216,47.501999999999995,-5.922016772667838,0.18848072842516436,-0.292,0.6146110709516229,NA
IFNy,12wks,MED,Freq. of Parent,Proliferating,Freq. of Parent: Proliferating,CD8,10,25,3.265,8.33,-5.0649999999999995,0.3868183084594151,-0.192,0.7606271037955847,NA
CCR6+ CXCR3-,12wks,MED,Freq. of Parent,Proliferating,Freq. of Parent: Proliferating,CD8,10,25,13.8,9.27,4.530000000000001,0.33247663672977706,0.216,0.7411817394387133,NA
CCR6+ CXCR3+,12wks,MED,Freq. of Parent,Proliferating,Freq. of Parent: Proliferating,CD8,10,25,3.965,7.69,-3.7250000000000005,0.4976516830520196,-0.152,0.8536733851551673,NA
CCR6- CXCR3+,12wks,MED,Freq. of Parent,Proliferating,Freq. of Parent: Proliferating,CD8,10,25,19.783938595883292,17.544144144144145,2.2397944517391473,0.8982773797201087,0.032,0.9750263046673008,NA
IL-22,12wks,MED,Freq. of Parent,Proliferating,Freq. of Parent: Proliferating,CD8,10,25,8.415,7.25,1.1649999999999991,0.4712713216072642,0.16,0.8340927225730593,NA
CD45RO- CD27-,12wks,MED,Freq. of Parent,Proliferating,Freq. of Parent: Proliferating,CD8,10,25,0,0.48,-0.48,0.7090490456281078,-0.08,0.9041011426105107,NA
CCR6- CXCR3-,12wks,MED,Freq. of Parent,Proliferating,Freq. of Parent: Proliferating,CD8,10,25,99.79452054794521,100,-0.20547945205478868,0.9843303953892035,-0.008,1,NA
CD45RO+ CD27-,12wks,MED,Freq. of Parent,Proliferating,Freq. of Parent: Proliferating,CD8,10,25,5.053125,4.992199488491049,0.06092551150895087,0.8245744821911909,-0.052,0.9477867611392998,NA
CD107a,12wks,MED,Freq. of Parent,Proliferating,Freq. of Parent: Proliferating,gd TCR,10,25,24.76593406593407,50,-25.23406593406593,0.19469253659200897,-0.288,0.6178433715638144,NA
CCR6- CXCR3-,12wks,MED,Freq. of Parent,Proliferating,Freq. of Parent: Proliferating,gd TCR,10,25,85.00602409638554,62.5,22.506024096385545,0.5299701727221497,0.14,0.8536733851551673,NA
IL-17a,12wks,MED,Freq. of Parent,Proliferating,Freq. of Parent: Proliferating,gd TCR,10,25,33.37088121363393,42.679127725856695,-9.308246512222766,0.37096022349431207,-0.2,0.7606271037955847,NA
IL-22,12wks,MED,Freq. of Parent,Proliferating,Freq. of Parent: Proliferating,gd TCR,10,25,1.635,5.92,-4.285,0.007958197850821256,-0.584,0.23140817415562034,NA
PD-1,12wks,MED,Freq. of Parent,Proliferating,Freq. of Parent: Proliferating,gd TCR,10,25,19.788790760869567,23.672476764728476,-3.8836860038589087,0.3603202206167057,NA,0.759764506309006,NA
IL-2,12wks,MED,Freq. of Parent,Proliferating,Freq. of Parent: Proliferating,gd TCR,10,25,16.15,12.9,3.2499999999999982,0.9708493946331184,0.012,1,NA
TNFa,12wks,MED,Freq. of Parent,Proliferating,Freq. of Parent: Proliferating,gd TCR,10,25,28.74908405172414,31.47898832684825,-2.7299042751241096,0.6220477036624747,-0.112,0.8599737838651724,NA
IL-21,12wks,MED,Freq. of Parent,Proliferating,Freq. of Parent: Proliferating,gd TCR,10,25,4.046036745406824,6.456920077972709,-2.410883332565885,0.5704612633860995,-0.128,0.8536733851551673,NA
CCR6+ CXCR3+,12wks,MED,Freq. of Parent,Proliferating,Freq. of Parent: Proliferating,gd TCR,10,25,50.43364448208168,52,-1.5663555179183177,0.8408302496157976,0.048,0.9497213755276983,NA
IFNy,12wks,MED,Freq. of Parent,Proliferating,Freq. of Parent: Proliferating,gd TCR,10,25,1.4153979238754326,2.438304721030043,-1.0229067971546102,0.2281747288079888,-0.268,0.6581963330999677,NA
HLA-DR+ CD38+,12wks,MED,Freq. of Parent,Proliferating,Freq. of Parent: Proliferating,gd TCR,10,25,7.388423645320197,6.382559456398641,1.0058641889215556,0.8408302496157976,-0.048,0.9497213755276983,NA
CCR6+ CXCR3-,12wks,MED,Freq. of Parent,Proliferating,Freq. of Parent: Proliferating,gd TCR,10,25,1.660016313559322,2.213755102040816,-0.5537387884814942,0.9853760414949534,-0.008,1,NA
CCR6- CXCR3+,12wks,MED,Freq. of Parent,Proliferating,Freq. of Parent: Proliferating,gd TCR,10,25,23.75,23.4,0.3500000000000014,0.609130397716287,0.116,0.8536733851551673,NA
CCR6- CXCR3- / CCR4+,44wks,BCG,Freq. of Grandparent,Proliferating,Freq. of Grandparent: Proliferating,CD4,9,25,1.03,1.85,-0.8200000000000001,0.08539347148576912,-0.39555555555555555,0.40699070696085826,NA
CCR6+ CXCR3- / CD161+,44wks,BCG,Freq. of Parent,CCR6+ CXCR3-,Freq. of Parent: CCR6+ CXCR3-,CD4,9,25,61.925287356321846,53.7,8.225287356321843,0.43496716061442836,0.18222222222222223,0.8054947418785711,NA
CCR6- CXCR3- / CCR4+,44wks,BCG,Freq. of Parent,CCR6- CXCR3-,Freq. of Parent: CCR6- CXCR3-,CD4,9,25,2.56,4.91,-2.35,0.04616463403123585,-0.4577777777777778,0.317176376742723,NA
CD45RO+ CD27+ / CXCR5+,44wks,BCG,Freq. of Parent,CD45RO+ CD27+,Freq. of Parent: CD45RO+ CD27+,CD4,9,25,14.398342541436461,3.047344913151364,11.350997628285096,0.13785625475216798,0.3422222222222222,0.502359550329083,NA
IL-17a,44wks,BCG,Freq. of Parent,Proliferating,Freq. of Parent: Proliferating,CD4,9,25,40.44692737430168,65.19607843137256,-24.749151057070875,0.15724396464470647,-0.3244444444444444,0.5549786987460228,NA
CCR6- CXCR3+,44wks,BCG,Freq. of Parent,Proliferating,Freq. of Parent: Proliferating,CD4,9,25,43.72360248447205,21.3,22.423602484472053,0.3904552466150668,0.2,0.7606271037955847,NA
CD45RO+ CD27+,44wks,BCG,Freq. of Parent,Proliferating,Freq. of Parent: Proliferating,CD4,9,25,23.814616755793224,30.48016701461378,-6.665550258820556,0.042369536467289845,-0.4666666666666667,0.317176376742723,NA
PD-1,44wks,BCG,Freq. of Parent,Proliferating,Freq. of Parent: Proliferating,CD4,9,25,8.40793388429752,13.509834981499148,-5.101901097201628,0.07088120752213664,NA,0.40148995165062856,NA
HLA-DR+ CD38+,44wks,BCG,Freq. of Parent,Proliferating,Freq. of Parent: Proliferating,CD4,9,25,7.2044505494505495,12.268257261410788,-5.063806711960239,0.003866105354156378,-0.6622222222222223,0.14497895078086417,NA
CCR6+ CXCR3+,44wks,BCG,Freq. of Parent,Proliferating,Freq. of Parent: Proliferating,CD4,9,25,15.299462365591395,10.6,4.699462365591396,0.8452520242196514,0.04888888888888889,0.9497213755276983,NA
IL-21,44wks,BCG,Freq. of Parent,Proliferating,Freq. of Parent: Proliferating,CD4,9,25,13.018064516129035,16.692857142857143,-3.6747926267281077,0.257579541782939,-0.26222222222222225,0.685190515965002,NA
CCR6- CXCR3-,44wks,BCG,Freq. of Parent,Proliferating,Freq. of Parent: Proliferating,CD4,9,25,66.43219512195122,63.11661237785017,3.3155827441010572,0.3903103870006982,0.2,0.7606271037955847,NA
CD45RO- CD27+,44wks,BCG,Freq. of Parent,Proliferating,Freq. of Parent: Proliferating,CD4,9,25,6.447118644067797,3.28,3.167118644067797,0.8758818814146117,0.04,0.9660461927367041,NA
IFNy,44wks,BCG,Freq. of Parent,Proliferating,Freq. of Parent: Proliferating,CD4,9,25,43.9,47,-3.1000000000000014,0.1718245890793555,-0.31555555555555553,0.5791840081326589,NA
TNFa,44wks,BCG,Freq. of Parent,Proliferating,Freq. of Parent: Proliferating,CD4,9,25,88.01870503597121,85.48631319358817,2.532391842383035,0.5322493448159554,0.14666666666666667,0.8536733851551673,NA
CCR6+ CXCR3-,44wks,BCG,Freq. of Parent,Proliferating,Freq. of Parent: Proliferating,CD4,9,25,7.307720588235295,9.35514018691589,-2.0474195986805945,0.5581846494226574,-0.13777777777777778,0.8536733851551673,NA
IL-22,44wks,BCG,Freq. of Parent,Proliferating,Freq. of Parent: Proliferating,CD4,9,25,5.94,7.1,-1.1599999999999993,0.11811048940307865,-0.36,0.47300467223208936,NA
IL-2,44wks,BCG,Freq. of Parent,Proliferating,Freq. of Parent: Proliferating,CD4,9,25,2.432179034157832,3.2238966202783303,-0.7917175861204981,0.5981753230852234,-0.12444444444444444,0.8536733851551673,NA
CD45RO+ CD27-,44wks,BCG,Freq. of Parent,Proliferating,Freq. of Parent: Proliferating,CD4,9,25,57.5206261510129,56.9398316970547,0.5807944539581982,0.8148172806495344,-0.057777777777777775,0.9401737853648473,NA
CD45RO- CD27-,44wks,BCG,Freq. of Parent,Proliferating,Freq. of Parent: Proliferating,CD4,9,25,1.21,1.22,-0.010000000000000009,0.7996860727875056,-0.06222222222222222,0.9298675264970996,NA
IL-17a,44wks,BCG,Freq. of Parent,Proliferating,Freq. of Parent: Proliferating,CD8,9,25,24.27325581395349,54.964539007092206,-30.691283193138716,0.10201137377501909,-0.37333333333333335,0.4500501784192019,NA
CD107a,44wks,BCG,Freq. of Parent,Proliferating,Freq. of Parent: Proliferating,CD8,9,25,9.207692307692309,29.944444444444446,-20.736752136752138,5.118641713065099e-4,-0.7955555555555556,0.06375999942691445,NA
IL-21,44wks,BCG,Freq. of Parent,Proliferating,Freq. of Parent: Proliferating,CD8,9,25,16.7,3.84,12.86,0.011743892329647954,0.5777777777777777,0.23140817415562034,NA
CCR6+ CXCR3+,44wks,BCG,Freq. of Parent,Proliferating,Freq. of Parent: Proliferating,CD8,9,25,6.08,16.9,-10.819999999999999,0.012478906268712396,-0.5733333333333334,0.23140817415562034,NA
CCR6+ CXCR3-,44wks,BCG,Freq. of Parent,Proliferating,Freq. of Parent: Proliferating,CD8,9,25,16.2,7.21,8.989999999999998,0.4119977888759118,0.19111111111111112,0.7872569214189398,NA
HLA-DR+ CD38+,44wks,BCG,Freq. of Parent,Proliferating,Freq. of Parent: Proliferating,CD8,9,25,91,84.4,6.599999999999994,0.9067389961509429,-0.03111111111111111,0.9750263046673008,NA
CCR6- CXCR3+,44wks,BCG,Freq. of Parent,Proliferating,Freq. of Parent: Proliferating,CD8,9,25,20.910638297872342,26.9178,-6.007161702127657,0.8605489357794607,-0.044444444444444446,0.959720002728023,NA
IL-2,44wks,BCG,Freq. of Parent,Proliferating,Freq. of Parent: Proliferating,CD8,9,25,31.6,25.8,5.800000000000001,0.6533699049813841,0.10666666666666667,0.8673051836036073,NA
CD45RO+ CD27+,44wks,BCG,Freq. of Parent,Proliferating,Freq. of Parent: Proliferating,CD8,9,25,33.02962962962963,38.243037974683546,-5.213408345053914,0.5581846494226574,-0.13777777777777778,0.8536733851551673,NA
CD45RO+ CD27-,44wks,BCG,Freq. of Parent,Proliferating,Freq. of Parent: Proliferating,CD8,9,25,23.743309859154934,27.027,-3.283690140845067,0.639450075085221,-0.1111111111111111,0.8611139234322513,NA
IFNy,44wks,BCG,Freq. of Parent,Proliferating,Freq. of Parent: Proliferating,CD8,9,25,47.2,44.6,2.6000000000000014,0.5841157002337705,-0.1288888888888889,0.8536733851551673,NA
CD45RO- CD27-,44wks,BCG,Freq. of Parent,Proliferating,Freq. of Parent: Proliferating,CD8,9,25,0,2.52,-2.52,0.025441476887869942,-0.5111111111111111,0.2787310279773624,NA
PD-1,44wks,BCG,Freq. of Parent,Proliferating,Freq. of Parent: Proliferating,CD8,9,25,6.342424242424242,8.464764453961456,-2.122340211537214,0.663389670425844,NA,0.8690112869889587,NA
IL-22,44wks,BCG,Freq. of Parent,Proliferating,Freq. of Parent: Proliferating,CD8,9,25,4.17,5.24,-1.0700000000000003,0.5062556769248906,-0.15555555555555556,0.8536733851551673,NA
CD45RO- CD27+,44wks,BCG,Freq. of Parent,Proliferating,Freq. of Parent: Proliferating,CD8,9,25,6.161971153846153,7.184910179640719,-1.0229390257945656,0.7547490922453087,-0.07555555555555556,0.9075299455994442,NA
TNFa,44wks,BCG,Freq. of Parent,Proliferating,Freq. of Parent: Proliferating,CD8,9,25,56.76020408163265,55.92203898050974,0.838165101122911,0.7846594944006001,0.06666666666666667,0.9195228450007032,NA
CCR6- CXCR3-,44wks,BCG,Freq. of Parent,Proliferating,Freq. of Parent: Proliferating,CD8,9,25,82.90787671232876,82.89892086330934,0.00895584901941504,0.47821316094188737,0.16444444444444445,0.8340927225730593,NA
CD107a,44wks,BCG,Freq. of Parent,Proliferating,Freq. of Parent: Proliferating,gd TCR,9,25,40.23308605341246,60.94610778443114,-20.713021731018685,0.031794861103805985,-0.49333333333333335,0.2805428920924058,NA
CCR6- CXCR3-,44wks,BCG,Freq. of Parent,Proliferating,Freq. of Parent: Proliferating,gd TCR,9,25,79.53543307086615,70.5219707057257,9.013462365140441,0.8899389579095461,0.035555555555555556,0.9750263046673008,NA
IL-22,44wks,BCG,Freq. of Parent,Proliferating,Freq. of Parent: Proliferating,gd TCR,9,25,1.92,9.07,-7.15,0.3097293800117506,-0.23555555555555555,0.7259282344025405,NA
IFNy,44wks,BCG,Freq. of Parent,Proliferating,Freq. of Parent: Proliferating,gd TCR,9,25,8.571020761245675,14.439617224880385,-5.868596463634709,0.009972830694683622,-0.5911111111111111,0.23140817415562034,NA
IL-17a,44wks,BCG,Freq. of Parent,Proliferating,Freq. of Parent: Proliferating,gd TCR,9,25,29.027576197387514,34.76263399693721,-5.735057799549697,0.6394756635849228,-0.1111111111111111,0.8611139234322513,NA
CCR6+ CXCR3+,44wks,BCG,Freq. of Parent,Proliferating,Freq. of Parent: Proliferating,gd TCR,9,25,52.628571428571426,47.236363636363635,5.392207792207792,0.19768049465452917,0.29777777777777775,0.6178433715638144,NA
CCR6- CXCR3+,44wks,BCG,Freq. of Parent,Proliferating,Freq. of Parent: Proliferating,gd TCR,9,25,19,22.6,-3.6000000000000014,0.07248373336339477,-0.41333333333333333,0.40148995165062856,NA
HLA-DR+ CD38+,44wks,BCG,Freq. of Parent,Proliferating,Freq. of Parent: Proliferating,gd TCR,9,25,9.295423728813558,12.53574418604651,-3.2403204572329525,0.07895969049129029,-0.40444444444444444,0.40148995165062856,NA
TNFa,44wks,BCG,Freq. of Parent,Proliferating,Freq. of Parent: Proliferating,gd TCR,9,25,65.33437500000001,62.31509433962265,3.019280660377362,0.9067744633405898,-0.03111111111111111,0.9750263046673008,NA
IL-2,44wks,BCG,Freq. of Parent,Proliferating,Freq. of Parent: Proliferating,gd TCR,9,25,14.5,16.9,-2.3999999999999986,1,0,1,NA
CCR6+ CXCR3-,44wks,BCG,Freq. of Parent,Proliferating,Freq. of Parent: Proliferating,gd TCR,9,25,7.0447500000000005,4.773795918367346,2.270954081632654,0.07254922234285884,0.41333333333333333,0.40148995165062856,NA
PD-1,44wks,BCG,Freq. of Parent,Proliferating,Freq. of Parent: Proliferating,gd TCR,9,25,6.454076086956522,8.601904598490048,-2.1478285115335263,0.13324702034013242,NA,0.502359550329083,NA
IL-21,44wks,BCG,Freq. of Parent,Proliferating,Freq. of Parent: Proliferating,gd TCR,9,25,9.123884514435696,8.563468208092486,0.5604163063432104,0.7253452719907538,0.08444444444444445,0.9041011426105107,NA
CCR6- CXCR3- / CCR4+,44wks,DosR,Freq. of Grandparent,Proliferating,Freq. of Grandparent: Proliferating,CD4,7,25,0.5,2.88,-2.38,0.05429954080692573,-0.4857142857142857,0.3324461682056677,NA
CCR6+ CXCR3- / CD161+,44wks,DosR,Freq. of Parent,CCR6+ CXCR3-,Freq. of Parent: CCR6+ CXCR3-,CD4,7,25,94.94773519163763,51.70648464163823,43.24125054999941,0.0443976294521016,0.5085714285714286,0.317176376742723,NA
CCR6- CXCR3- / CCR4+,44wks,DosR,Freq. of Parent,CCR6- CXCR3-,Freq. of Parent: CCR6- CXCR3-,CD4,7,25,1.25,7.14,-5.89,0.05427722519460618,-0.4857142857142857,0.3324461682056677,NA
CD45RO+ CD27+ / CXCR5+,44wks,DosR,Freq. of Parent,CD45RO+ CD27+,Freq. of Parent: CD45RO+ CD27+,CD4,7,25,4.488954758190328,3.726923076923076,0.7620316812672518,0.505335052380891,0.17142857142857143,0.8536733851551673,NA
IL-17a,44wks,DosR,Freq. of Parent,Proliferating,Freq. of Parent: Proliferating,CD4,7,25,66.03351955307262,98.46938775510203,-32.43586820202941,0.36565481634779134,-0.22285714285714286,0.759764506309006,NA
CD45RO+ CD27+,44wks,DosR,Freq. of Parent,Proliferating,Freq. of Parent: Proliferating,CD4,7,25,36.36363636363636,63.478260869565204,-27.114624505928845,0.017561481458396394,-0.6,0.25647955311438475,NA
CCR6- CXCR3+,44wks,DosR,Freq. of Parent,Proliferating,Freq. of Parent: Proliferating,CD4,7,25,22.481366459627328,10.462337662337662,12.019028797289666,0.09164737103587299,0.42857142857142855,0.42298786631941376,NA
CD45RO+ CD27-,44wks,DosR,Freq. of Parent,Proliferating,Freq. of Parent: Proliferating,CD4,7,25,39.93097949886105,28.988005578800554,10.942973920060496,0.3864351162366271,0.22285714285714286,0.7606271037955847,NA
IFNy,44wks,DosR,Freq. of Parent,Proliferating,Freq. of Parent: Proliferating,CD4,7,25,22.1,16.7,5.400000000000002,0.7322037950316205,0.09142857142857143,0.9041011426105107,NA
CCR6+ CXCR3-,44wks,DosR,Freq. of Parent,Proliferating,Freq. of Parent: Proliferating,CD4,7,25,14.72058823529412,19.56842105263158,-4.847832817337462,0.386391589102178,-0.22285714285714286,0.7606271037955847,NA
TNFa,44wks,DosR,Freq. of Parent,Proliferating,Freq. of Parent: Proliferating,CD4,7,25,66.52749445676274,70.82064220183486,-4.293147745072119,0.6816166430202568,-0.10857142857142857,0.8814008314917114,NA
CCR6+ CXCR3+,44wks,DosR,Freq. of Parent,Proliferating,Freq. of Parent: Proliferating,CD4,7,25,7.249946236559139,11.451626016260162,-4.201679779701023,0.20182883471084606,-0.32571428571428573,0.6178433715638144,NA
HLA-DR+ CD38+,44wks,DosR,Freq. of Parent,Proliferating,Freq. of Parent: Proliferating,CD4,7,25,4.802967032967033,8.083308641975309,-3.2803416090082758,0.08323782339335506,-0.44,0.40699070696085826,NA
CD45RO- CD27+,44wks,DosR,Freq. of Parent,Proliferating,Freq. of Parent: Proliferating,CD4,7,25,1.7450847457627117,4.618967136150235,-2.8738823903875232,1,-0.005714285714285714,1,NA
IL-21,44wks,DosR,Freq. of Parent,Proliferating,Freq. of Parent: Proliferating,CD4,7,25,13.990909090909094,16.135384615384613,-2.144475524475519,0.749569817017963,-0.08571428571428572,0.9075299455994442,NA
PD-1,44wks,DosR,Freq. of Parent,Proliferating,Freq. of Parent: Proliferating,CD4,7,25,34.61785123966942,32.52983963344788,2.088011606221542,0.5578121665686755,NA,0.8536733851551673,NA
CCR6- CXCR3-,44wks,DosR,Freq. of Parent,Proliferating,Freq. of Parent: Proliferating,CD4,7,25,69.34478260869565,68.3,1.0447826086956553,0.6474471777346376,0.12,0.8641024908521948,NA
IL-2,44wks,DosR,Freq. of Parent,Proliferating,Freq. of Parent: Proliferating,CD4,7,25,1.5900117785630152,2.1902798232695138,-0.6002680447064985,0.05552909421051554,-0.4857142857142857,0.3331745652630932,NA
IL-22,44wks,DosR,Freq. of Parent,Proliferating,Freq. of Parent: Proliferating,CD4,7,25,3.72,4.08,-0.3599999999999999,0.7840784285881787,-0.07428571428571429,0.9195228450007032,NA
CD45RO- CD27-,44wks,DosR,Freq. of Parent,Proliferating,Freq. of Parent: Proliferating,CD4,7,25,0.41,0.68,-0.2700000000000001,0.9273321659977795,0.02857142857142857,0.9830376317997662,NA
IL-17a,44wks,DosR,Freq. of Parent,Proliferating,Freq. of Parent: Proliferating,CD8,7,25,6.31,79.30672268907563,-72.99672268907563,0.16632516113960596,-0.34285714285714286,0.5791840081326589,NA
CD45RO+ CD27+,44wks,DosR,Freq. of Parent,Proliferating,Freq. of Parent: Proliferating,CD8,7,25,41.02671854734112,63.991200000000006,-22.964481452658887,0.13233195408249532,-0.38285714285714284,0.502359550329083,NA
CD45RO- CD27+,44wks,DosR,Freq. of Parent,Proliferating,Freq. of Parent: Proliferating,CD8,7,25,26.39596153846154,7.674790419161677,18.72117111929986,0.747684167277733,0.08571428571428572,0.9075299455994442,NA
HLA-DR+ CD38+,44wks,DosR,Freq. of Parent,Proliferating,Freq. of Parent: Proliferating,CD8,7,25,71.6,56.6,14.999999999999993,0.3373667203682728,0.24571428571428572,0.7411817394387133,NA
TNFa,44wks,DosR,Freq. of Parent,Proliferating,Freq. of Parent: Proliferating,CD8,7,25,69.89795918367346,55.472263868065966,14.425695315607499,0.5379263032572718,0.16,0.8536733851551673,NA
CD45RO+ CD27-,44wks,DosR,Freq. of Parent,Proliferating,Freq. of Parent: Proliferating,CD8,7,25,17.19375,5.512070844686648,11.681679155313354,0.16921615801535358,0.3485714285714286,0.5791840081326589,NA
CD107a,44wks,DosR,Freq. of Parent,Proliferating,Freq. of Parent: Proliferating,CD8,7,25,4.913251028806584,16.44667571234735,-11.533424683540765,0.13811505720014647,-0.37714285714285717,0.502359550329083,NA
CCR6+ CXCR3+,44wks,DosR,Freq. of Parent,Proliferating,Freq. of Parent: Proliferating,CD8,7,25,4.91,14.7,-9.79,0.11462888906035579,-0.4,0.4710776262754348,NA
PD-1,44wks,DosR,Freq. of Parent,Proliferating,Freq. of Parent: Proliferating,CD8,7,25,22.75,31.504199999999997,-8.754199999999997,0.5238818827164349,NA,0.8536733851551673,NA
CCR6- CXCR3-,44wks,DosR,Freq. of Parent,Proliferating,Freq. of Parent: Proliferating,CD8,7,25,84.17894736842106,76.57733333333334,7.601614035087721,0.5785342055190064,0.14285714285714285,0.8536733851551673,NA
IL-22,44wks,DosR,Freq. of Parent,Proliferating,Freq. of Parent: Proliferating,CD8,7,25,2.7,8.82,-6.12,0.5514025273494478,-0.15428571428571428,0.8536733851551673,NA
IL-2,44wks,DosR,Freq. of Parent,Proliferating,Freq. of Parent: Proliferating,CD8,7,25,25.3,30.2,-4.899999999999999,0.8910176481319749,-0.04,0.9750263046673008,NA
IFNy,44wks,DosR,Freq. of Parent,Proliferating,Freq. of Parent: Proliferating,CD8,7,25,11.7,16.2,-4.5,0.5824292552206299,0.14285714285714285,0.8536733851551673,NA
CCR6- CXCR3+,44wks,DosR,Freq. of Parent,Proliferating,Freq. of Parent: Proliferating,CD8,7,25,11.198055555555554,15.430434782608694,-4.232379227053141,0.9273321659977795,-0.02857142857142857,0.9830376317997662,NA
CCR6+ CXCR3-,44wks,DosR,Freq. of Parent,Proliferating,Freq. of Parent: Proliferating,CD8,7,25,18,14.8,3.1999999999999993,0.599758455167759,0.13714285714285715,0.8536733851551673,NA
CD45RO- CD27-,44wks,DosR,Freq. of Parent,Proliferating,Freq. of Parent: Proliferating,CD8,7,25,1.51,0,1.51,0.6089487854866807,0.12571428571428572,0.8536733851551673,NA
IL-21,44wks,DosR,Freq. of Parent,Proliferating,Freq. of Parent: Proliferating,CD8,7,25,7.19,6.03,1.1600000000000001,0.26037239606670076,0.2857142857142857,0.685190515965002,NA
CD107a,44wks,DosR,Freq. of Parent,Proliferating,Freq. of Parent: Proliferating,gd TCR,7,25,24.126813186813187,54.022928176795574,-29.896114989982387,0.009368629137725723,-0.6571428571428571,0.23140817415562034,NA
CCR6- CXCR3-,44wks,DosR,Freq. of Parent,Proliferating,Freq. of Parent: Proliferating,gd TCR,7,25,36.59704724409448,57.06147540983607,-20.464428165741587,0.9636416382773244,0.017142857142857144,1,NA
CCR6+ CXCR3+,44wks,DosR,Freq. of Parent,Proliferating,Freq. of Parent: Proliferating,gd TCR,7,25,72.17142857142856,56.06976,16.10166857142856,0.12117420033969552,0.3942857142857143,0.47831921186721915,NA
IL-17a,44wks,DosR,Freq. of Parent,Proliferating,Freq. of Parent: Proliferating,gd TCR,7,25,49.02186421173762,60,-10.978135788262378,0.9636283123382842,0.017142857142857144,1,NA
PD-1,44wks,DosR,Freq. of Parent,Proliferating,Freq. of Parent: Proliferating,gd TCR,7,25,20.588121546961325,27.305627823322737,-6.717506276361412,0.40039394890338037,NA,0.7699883632757315,NA
IL-21,44wks,DosR,Freq. of Parent,Proliferating,Freq. of Parent: Proliferating,gd TCR,7,25,33.45024311183144,27.62537485582468,5.824868256006759,0.7323219255145137,0.09142857142857143,0.9041011426105107,NA
IL-22,44wks,DosR,Freq. of Parent,Proliferating,Freq. of Parent: Proliferating,gd TCR,7,25,5.03,8.96,-3.9300000000000006,0.766252838013489,-0.08,0.915840045434449,NA
CCR6+ CXCR3-,44wks,DosR,Freq. of Parent,Proliferating,Freq. of Parent: Proliferating,gd TCR,7,25,7.446610169491525,4.742877551020408,2.7037326184711175,0.3614943883899281,0.2342857142857143,0.759764506309006,NA
CCR6- CXCR3+,44wks,DosR,Freq. of Parent,Proliferating,Freq. of Parent: Proliferating,gd TCR,7,25,18.2,20.3,-2.1000000000000014,0.6983324018355779,-0.10285714285714286,0.8991404315479544,NA
TNFa,44wks,DosR,Freq. of Parent,Proliferating,Freq. of Parent: Proliferating,gd TCR,7,25,57.073706896551734,58.87104136947219,-1.7973344729204541,0.6815890626064263,0.10857142857142857,0.8814008314917114,NA
IL-2,44wks,DosR,Freq. of Parent,Proliferating,Freq. of Parent: Proliferating,gd TCR,7,25,17.8,16.4,1.4000000000000021,0.7148545792304679,0.09714285714285714,0.9041011426105107,NA
HLA-DR+ CD38+,44wks,DosR,Freq. of Parent,Proliferating,Freq. of Parent: Proliferating,gd TCR,7,25,8.12450847457627,7.58,0.5445084745762703,0.8552527165885088,0.05142857142857143,0.9573724439423604,NA
IFNy,44wks,DosR,Freq. of Parent,Proliferating,Freq. of Parent: Proliferating,gd TCR,7,25,5.073488372093023,5.110686695278969,-0.037198323185945625,0.33825444040678204,-0.24571428571428572,0.7411817394387133,NA
CCR6- CXCR3- / CCR4+,44wks,MED,Freq. of Grandparent,Proliferating,Freq. of Grandparent: Proliferating,CD4,9,25,0.36,3.45,-3.0900000000000003,0.011684679975916382,-0.5733333333333334,0.23140817415562034,NA
CCR6+ CXCR3- / CD161+,44wks,MED,Freq. of Parent,CCR6+ CXCR3-,Freq. of Parent: CCR6+ CXCR3-,CD4,9,25,36.933797909407666,29.079497907949794,7.854300001457872,0.4336998818362287,0.18222222222222223,0.8054947418785711,NA
CCR6- CXCR3- / CCR4+,44wks,MED,Freq. of Parent,CCR6- CXCR3-,Freq. of Parent: CCR6- CXCR3-,CD4,9,25,1.09,7.84,-6.75,0.011684679975916382,-0.5733333333333334,0.23140817415562034,NA
CD45RO+ CD27+ / CXCR5+,44wks,MED,Freq. of Parent,CD45RO+ CD27+,Freq. of Parent: CD45RO+ CD27+,CD4,9,25,6.271170046801871,1.84258064516129,4.428589401640581,0.6622564298125925,0.10222222222222223,0.8690112869889587,NA
TNFa,44wks,MED,Freq. of Parent,Proliferating,Freq. of Parent: Proliferating,CD4,9,25,23.89822616407982,62.58050458715596,-38.68227842307614,0.04646545453312588,-0.4577777777777778,0.317176376742723,NA
CD45RO+ CD27+,44wks,MED,Freq. of Parent,Proliferating,Freq. of Parent: Proliferating,CD4,9,25,31.657754010695186,62.608695652173914,-30.950941641478728,0.028570407382505936,-0.5022222222222222,0.2787310279773624,NA
CD45RO- CD27+,44wks,MED,Freq. of Parent,Proliferating,Freq. of Parent: Proliferating,CD4,9,25,33.3,12.2,21.099999999999998,0.75427594950409,0.07555555555555556,0.9075299455994442,NA
CD45RO+ CD27-,44wks,MED,Freq. of Parent,Proliferating,Freq. of Parent: Proliferating,CD4,9,25,28.875170842824602,15.776577840112202,13.0985930027124,0.5069061845836478,0.15555555555555556,0.8536733851551673,NA
CCR6- CXCR3-,44wks,MED,Freq. of Parent,Proliferating,Freq. of Parent: Proliferating,CD4,9,25,83.05478260869566,71.55951219512195,11.495270413573706,0.3672195113826862,0.2088888888888889,0.759764506309006,NA
IFNy,44wks,MED,Freq. of Parent,Proliferating,Freq. of Parent: Proliferating,CD4,9,25,2.45,12.7,-10.25,0.14066067409214322,-0.3377777777777778,0.502359550329083,NA
CCR6+ CXCR3-,44wks,MED,Freq. of Parent,Proliferating,Freq. of Parent: Proliferating,CD4,9,25,5.835661764705883,13.9973544973545,-8.161692732648618,0.07875369842320573,-0.40444444444444444,0.40148995165062856,NA
CCR6- CXCR3+,44wks,MED,Freq. of Parent,Proliferating,Freq. of Parent: Proliferating,CD4,9,25,16.110032362459545,9.722077922077922,6.387954440381623,0.29171131088459773,0.24444444444444444,0.7119407331566213,NA
IL-17a,44wks,MED,Freq. of Parent,Proliferating,Freq. of Parent: Proliferating,CD4,9,25,42.3463687150838,36.1734693877551,6.1728993273287,0.7247392870940448,-0.08444444444444445,0.9041011426105107,NA
HLA-DR+ CD38+,44wks,MED,Freq. of Parent,Proliferating,Freq. of Parent: Proliferating,CD4,9,25,1.0688956043956044,5.837536231884059,-4.7686406274884545,0.0422119374673755,-0.4666666666666667,0.317176376742723,NA
PD-1,44wks,MED,Freq. of Parent,Proliferating,Freq. of Parent: Proliferating,CD4,9,25,28.708571428571428,32.29667149470336,-3.5881000661319327,0.28627307310733296,NA,0.7119407331566213,NA
CCR6+ CXCR3+,44wks,MED,Freq. of Parent,Proliferating,Freq. of Parent: Proliferating,CD4,9,25,8.638071065989848,10.57967479674797,-1.9416037307581213,0.7107340917258226,-0.08888888888888889,0.9041011426105107,NA
IL-2,44wks,MED,Freq. of Parent,Proliferating,Freq. of Parent: Proliferating,CD4,9,25,1.1217667844522965,2.410694864048338,-1.2889280795960416,0.04027107945811364,-0.4711111111111111,0.317176376742723,NA
CD45RO- CD27-,44wks,MED,Freq. of Parent,Proliferating,Freq. of Parent: Proliferating,CD4,9,25,1.06,2.06,-1,0.9065181923881678,0.03111111111111111,0.9750263046673008,NA
IL-21,44wks,MED,Freq. of Parent,Proliferating,Freq. of Parent: Proliferating,CD4,9,25,7.281290322580646,6.990146341463416,0.29114398111723006,1,-0.0044444444444444444,1,NA
IL-22,44wks,MED,Freq. of Parent,Proliferating,Freq. of Parent: Proliferating,CD4,9,25,0.82,0.91,-0.09000000000000008,0.44068157205576985,-0.17777777777777778,0.8110703780167543,NA
HLA-DR+ CD38+,44wks,MED,Freq. of Parent,Proliferating,Freq. of Parent: Proliferating,CD8,9,25,9.38,50,-40.62,0.2799064865203366,-0.24888888888888888,0.7116266606449235,NA
CD45RO+ CD27+,44wks,MED,Freq. of Parent,Proliferating,Freq. of Parent: Proliferating,CD8,9,25,16.065432098765434,51.415,-35.349567901234565,0.03153401937678484,-0.49333333333333335,0.2805428920924058,NA
CCR6- CXCR3-,44wks,MED,Freq. of Parent,Proliferating,Freq. of Parent: Proliferating,CD8,9,25,64.48390410958903,90.9,-26.416095890410972,0.19792285416780686,-0.28888888888888886,0.6178433715638144,NA
IL-17a,44wks,MED,Freq. of Parent,Proliferating,Freq. of Parent: Proliferating,CD8,9,25,0,20.849999999999998,-20.849999999999998,0.25934973228698727,-0.25333333333333335,0.685190515965002,NA
TNFa,44wks,MED,Freq. of Parent,Proliferating,Freq. of Parent: Proliferating,CD8,9,25,8.099489795918366,28.666666666666668,-20.567176870748302,0.5575518695227025,-0.13777777777777778,0.8536733851551673,NA
PD-1,44wks,MED,Freq. of Parent,Proliferating,Freq. of Parent: Proliferating,CD8,9,25,11.223333333333334,24.7065,-13.483166666666664,0.3247411210127325,NA,0.7411817394387133,NA
CCR6- CXCR3+,44wks,MED,Freq. of Parent,Proliferating,Freq. of Parent: Proliferating,CD8,9,25,3.943333333333333,16.02391304347826,-12.080579710144926,0.17001897468072658,-0.31555555555555553,0.5791840081326589,NA
IL-2,44wks,MED,Freq. of Parent,Proliferating,Freq. of Parent: Proliferating,CD8,9,25,2.5,12.9,-10.4,0.666241986691535,-0.10222222222222223,0.8690112869889587,NA
CD107a,44wks,MED,Freq. of Parent,Proliferating,Freq. of Parent: Proliferating,CD8,9,25,0,10.0464,-10.0464,0.0022288030706961895,-0.6977777777777778,0.11144015353480947,NA
IFNy,44wks,MED,Freq. of Parent,Proliferating,Freq. of Parent: Proliferating,CD8,9,25,3.7,13.3,-9.600000000000001,0.04722853842952747,-0.4533333333333333,0.317176376742723,NA
IL-22,44wks,MED,Freq. of Parent,Proliferating,Freq. of Parent: Proliferating,CD8,9,25,0,7,-7,0.18533433819001705,-0.3022222222222222,0.6109923237033529,NA
CCR6+ CXCR3+,44wks,MED,Freq. of Parent,Proliferating,Freq. of Parent: Proliferating,CD8,9,25,2.5,8.33,-5.83,0.205763455336206,-0.28888888888888886,0.6235256222309272,NA
CD45RO- CD27+,44wks,MED,Freq. of Parent,Proliferating,Freq. of Parent: Proliferating,CD8,9,25,6.773798076923077,3.7905299999999995,2.9832680769230775,1,-0.0044444444444444444,1,NA
CD45RO+ CD27-,44wks,MED,Freq. of Parent,Proliferating,Freq. of Parent: Proliferating,CD8,9,25,1.4995774647887326,4.245761194029852,-2.7461837292411193,0.3229377354789035,-0.22666666666666666,0.7411817394387133,NA
IL-21,44wks,MED,Freq. of Parent,Proliferating,Freq. of Parent: Proliferating,CD8,9,25,0,1.45,-1.45,0.9838553881709368,-0.008888888888888889,1,NA
CD45RO- CD27-,44wks,MED,Freq. of Parent,Proliferating,Freq. of Parent: Proliferating,CD8,9,25,0,0.57,-0.57,0.11197768372161598,-0.3333333333333333,0.4673825671499277,NA
CCR6+ CXCR3-,44wks,MED,Freq. of Parent,Proliferating,Freq. of Parent: Proliferating,CD8,9,25,9.52,9.38,0.1399999999999988,0.7988419173258007,-0.06222222222222222,0.9298675264970996,NA
CCR6- CXCR3-,44wks,MED,Freq. of Parent,Proliferating,Freq. of Parent: Proliferating,gd TCR,9,25,99.41929133858268,66.47727272727273,32.94201861130995,0.38229854729251306,0.2,0.7606271037955847,NA
CCR6+ CXCR3+,44wks,MED,Freq. of Parent,Proliferating,Freq. of Parent: Proliferating,gd TCR,9,25,77.48571428571428,51.69408,25.79163428571428,0.29189570059421477,0.24444444444444444,0.7119407331566213,NA
IL-17a,44wks,MED,Freq. of Parent,Proliferating,Freq. of Parent: Proliferating,gd TCR,9,25,31.530494821634058,52.833078101071976,-21.30258327943792,0.3285961374835348,-0.22666666666666666,0.7411817394387133,NA
CD107a,44wks,MED,Freq. of Parent,Proliferating,Freq. of Parent: Proliferating,gd TCR,9,25,22.848571428571432,41.69717682020803,-18.848605391636596,0.023526162507940814,-0.52,0.2714557212454709,NA
PD-1,44wks,MED,Freq. of Parent,Proliferating,Freq. of Parent: Proliferating,gd TCR,9,25,13.800828729281767,25.8033801094678,-12.002551380186032,0.047576456511408446,NA,0.317176376742723,NA
TNFa,44wks,MED,Freq. of Parent,Proliferating,Freq. of Parent: Proliferating,gd TCR,9,25,40.94418103448275,31.475820895522386,9.468360138960367,0.9688331140858747,-0.013333333333333334,1,NA
IL-22,44wks,MED,Freq. of Parent,Proliferating,Freq. of Parent: Proliferating,gd TCR,9,25,1.78,7.51,-5.7299999999999995,0.02346241945613168,-0.52,0.2714557212454709,NA
CCR6- CXCR3+,44wks,MED,Freq. of Parent,Proliferating,Freq. of Parent: Proliferating,gd TCR,9,25,19.4,22.6,-3.200000000000003,0.5194187049905125,-0.1511111111111111,0.8536733851551673,NA
HLA-DR+ CD38+,44wks,MED,Freq. of Parent,Proliferating,Freq. of Parent: Proliferating,gd TCR,9,25,3.286779661016949,6.063431483578709,-2.7766518225617602,0.2258439458897659,-0.28,0.6581963330999677,NA
IL-2,44wks,MED,Freq. of Parent,Proliferating,Freq. of Parent: Proliferating,gd TCR,9,25,8,9.77,-1.7699999999999996,0.5571285114608924,-0.13777777777777778,0.8536733851551673,NA
IFNy,44wks,MED,Freq. of Parent,Proliferating,Freq. of Parent: Proliferating,gd TCR,9,25,1.0041279069767441,2.648712918660287,-1.644585011683543,0.07852483341960728,-0.40444444444444444,0.40148995165062856,NA
IL-21,44wks,MED,Freq. of Parent,Proliferating,Freq. of Parent: Proliferating,gd TCR,9,25,10.413648293963254,9.664993394980183,0.7486548989830712,0.9375033808493486,0.022222222222222223,0.9871221373383963,NA
CCR6+ CXCR3-,44wks,MED,Freq. of Parent,Proliferating,Freq. of Parent: Proliferating,gd TCR,9,25,2.807457627118644,2.1314482758620685,0.6760093512565755,0.7251437216201472,0.08444444444444445,0.9041011426105107,NA
