Readout,Time_Point_std,Condition,Metric,DenominatorGate,DenominatorLabel,LineageGate,n_pos,n_neg,median_pos,median_neg,median_diff_pp,p_value,cliffs_delta,p_adj
CCR6- CXCR3- / CCR4+,12wks,BCG,Freq. of Grandparent,Proliferating,Freq. of Grandparent: Proliferating,CD4,18,16,0.8200000000000001,0.575,0.2450000000000001,0.6167848439903907,0.10416666666666667,0.8769452758157213
CCR6+ CXCR3- / CD161+,12wks,BCG,Freq. of Parent,CCR6+ CXCR3-,Freq. of Parent: CCR6+ CXCR3-,CD4,18,16,45.031338860186636,40.45033901411031,4.580999846076324,0.34266504615968246,0.19444444444444445,0.7852690953107269
CCR6- CXCR3- / CCR4+,12wks,BCG,Freq. of Parent,CCR6- CXCR3-,Freq. of Parent: CCR6- CXCR3-,CD4,18,16,2.2,1.85,0.3500000000000001,0.986234814838515,0.006944444444444444,0.9928548990146824
CD45RO+ CD27+ / CXCR5+,12wks,BCG,Freq. of Parent,CD45RO+ CD27+,Freq. of Parent: CD45RO+ CD27+,CD4,18,16,2.219834254143646,2.255545366852842,-0.0357111127091958,0.9862358663545844,0.006944444444444444,0.9928548990146824
IL-17a,12wks,BCG,Freq. of Parent,Proliferating,Freq. of Parent: Proliferating,CD4,18,16,31.829400780852147,50.83168751371515,-19.002286732863006,0.012367275486607833,-0.5069444444444444,0.3639715985419572
IFNy,12wks,BCG,Freq. of Parent,Proliferating,Freq. of Parent: Proliferating,CD4,18,16,40.35,55.05,-14.699999999999996,0.3789494660972779,-0.18055555555555555,0.7853811364377881
CD45RO+ CD27-,12wks,BCG,Freq. of Parent,Proliferating,Freq. of Parent: Proliferating,CD4,18,16,54.410922248282205,64.7559856047736,-10.345063356491394,0.12894881141186543,-0.3090277777777778,0.6007788947646159
CCR6+ CXCR3+,12wks,BCG,Freq. of Parent,Proliferating,Freq. of Parent: Proliferating,CD4,18,16,9.865056492549533,19.363157894736844,-9.498101402187311,0.013618459734617006,-0.5,0.3639715985419572
TNFa,12wks,BCG,Freq. of Parent,Proliferating,Freq. of Parent: Proliferating,CD4,18,16,80.73795624344257,89.24786349210908,-8.509907248666508,0.06482113329451789,-0.375,0.4743009753257406
CCR6- CXCR3+,12wks,BCG,Freq. of Parent,Proliferating,Freq. of Parent: Proliferating,CD4,18,16,31.449943438914026,26.520064724919095,4.929878713994931,0.02605027769192139,0.4513888888888889,0.3639715985419572
CD45RO+ CD27+,12wks,BCG,Freq. of Parent,Proliferating,Freq. of Parent: Proliferating,CD4,18,16,30.994202898550725,26.302551203736975,4.69165169481375,0.3087508147269557,0.20833333333333334,0.7783633984713169
PD-1,12wks,BCG,Freq. of Parent,Proliferating,Freq. of Parent: Proliferating,CD4,18,16,9.152672296416997,13.020389461626577,-3.86771716520958,0.2887585210668143,NA,0.7642139151826275
CCR6- CXCR3-,12wks,BCG,Freq. of Parent,Proliferating,Freq. of Parent: Proliferating,CD4,18,16,55.114012546748704,58.08844287158747,-2.974430324838764,0.36053986471650123,0.1875,0.7852690953107269
CD45RO- CD27+,12wks,BCG,Freq. of Parent,Proliferating,Freq. of Parent: Proliferating,CD4,18,16,2.405,4.67,-2.265,0.6912778273275767,-0.08333333333333333,0.9099000319016168
IL-21,12wks,BCG,Freq. of Parent,Proliferating,Freq. of Parent: Proliferating,CD4,18,16,10.828142042249109,13.040033222591362,-2.2118911803422527,0.043545273804042856,-0.4097222222222222,0.4214058755229954
IL-22,12wks,BCG,Freq. of Parent,Proliferating,Freq. of Parent: Proliferating,CD4,18,16,4.43,2.55,1.88,0.38833111160877387,0.17708333333333334,0.7853811364377881
CCR6+ CXCR3-,12wks,BCG,Freq. of Parent,Proliferating,Freq. of Parent: Proliferating,CD4,18,16,4.578868903493601,5.888140214484603,-1.3092713109910026,0.4793693801516517,-0.14583333333333334,0.83127638176587
HLA-DR+ CD38+,12wks,BCG,Freq. of Parent,Proliferating,Freq. of Parent: Proliferating,CD4,18,16,11.008300424535719,10.419128630705394,0.5891717938303245,0.5691497940860235,0.11805555555555555,0.8527163018713639
IL-2,12wks,BCG,Freq. of Parent,Proliferating,Freq. of Parent: Proliferating,CD4,18,16,2.846692114795207,3.104739464914193,-0.2580473501189857,0.5927876039372726,0.1111111111111111,0.8632829183552514
CD45RO- CD27-,12wks,BCG,Freq. of Parent,Proliferating,Freq. of Parent: Proliferating,CD4,18,16,1.45,1.635,-0.18500000000000005,0.7171395005923142,-0.0763888888888889,0.9178775905500443
IL-17a,12wks,BCG,Freq. of Parent,Proliferating,Freq. of Parent: Proliferating,CD8,18,16,49.775,85.88487394957983,-36.10987394957983,0.3382342751283825,-0.19444444444444445,0.7852690953107269
TNFa,12wks,BCG,Freq. of Parent,Proliferating,Freq. of Parent: Proliferating,CD8,18,16,52.23421622522072,67.83235294117648,-15.59813671595576,0.20789684799610966,-0.2569444444444444,0.6565163620929779
CD45RO+ CD27+,12wks,BCG,Freq. of Parent,Proliferating,Freq. of Parent: Proliferating,CD8,18,16,37.16757696515081,26.76084054669704,10.406736418453768,0.05550118550207108,0.3888888888888889,0.4681301067696689
CD45RO+ CD27-,12wks,BCG,Freq. of Parent,Proliferating,Freq. of Parent: Proliferating,CD8,18,16,27.374037280701756,37.63421052631579,-10.260173245614034,0.0755815981990356,-0.3611111111111111,0.503877321326904
CD107a,12wks,BCG,Freq. of Parent,Proliferating,Freq. of Parent: Proliferating,CD8,18,16,16.86228907991086,26.03194995885523,-9.16966087894437,0.1012328997299392,-0.3333333333333333,0.5582038990622112
CCR6+ CXCR3+,12wks,BCG,Freq. of Parent,Proliferating,Freq. of Parent: Proliferating,CD8,18,16,12.65,20.950000000000003,-8.300000000000002,0.12468661770537767,-0.3125,0.6007788947646159
IFNy,12wks,BCG,Freq. of Parent,Proliferating,Freq. of Parent: Proliferating,CD8,18,16,45.45,52.55,-7.099999999999994,0.39792644246181264,-0.1736111111111111,0.7853811364377881
IL-22,12wks,BCG,Freq. of Parent,Proliferating,Freq. of Parent: Proliferating,CD8,18,16,7.65,2.04,5.61,0.05120793605689284,0.3958333333333333,0.4681301067696689
IL-2,12wks,BCG,Freq. of Parent,Proliferating,Freq. of Parent: Proliferating,CD8,18,16,25.1,30.3,-5.199999999999999,0.6537121807875776,-0.09375,0.9036451986155027
HLA-DR+ CD38+,12wks,BCG,Freq. of Parent,Proliferating,Freq. of Parent: Proliferating,CD8,18,16,84.05,79.25,4.799999999999997,0.8225328692566951,-0.04861111111111111,0.9507830263906896
CCR6- CXCR3-,12wks,BCG,Freq. of Parent,Proliferating,Freq. of Parent: Proliferating,CD8,18,16,66.59927564797476,62.74008437631118,3.8591912716635832,0.5194172591774067,0.13194444444444445,0.8485483550690763
CD45RO- CD27-,12wks,BCG,Freq. of Parent,Proliferating,Freq. of Parent: Proliferating,CD8,18,16,0.53,4.095194902548726,-3.5651949025487255,0.2268402595487639,-0.2465277777777778,0.6907563437859006
CCR6+ CXCR3-,12wks,BCG,Freq. of Parent,Proliferating,Freq. of Parent: Proliferating,CD8,18,16,10.91,8.13,2.7799999999999994,0.43752283921405616,0.1597222222222222,0.8003466570988832
CCR6- CXCR3+,12wks,BCG,Freq. of Parent,Proliferating,Freq. of Parent: Proliferating,CD8,18,16,31.358695652173914,29.05335144927536,2.305344202898553,0.9862358663545844,0.006944444444444444,0.9928548990146824
CD45RO- CD27+,12wks,BCG,Freq. of Parent,Proliferating,Freq. of Parent: Proliferating,CD8,18,16,4.950156555944056,3.8269545454545457,1.1232020104895102,0.9862358663545844,-0.006944444444444444,0.9928548990146824
IL-21,12wks,BCG,Freq. of Parent,Proliferating,Freq. of Parent: Proliferating,CD8,18,16,5.145,4.475,0.6699999999999999,0.9312402076557219,-0.020833333333333332,0.9837044447067484
PD-1,12wks,BCG,Freq. of Parent,Proliferating,Freq. of Parent: Proliferating,CD8,18,16,9.677190503652444,9.862809917355372,-0.18561941370292878,0.483577228531309,NA,0.8337538422953603
CCR6- CXCR3-,12wks,BCG,Freq. of Parent,Proliferating,Freq. of Parent: Proliferating,gd TCR,18,16,81.21448530823892,50.17707509881423,31.037410209424692,0.01761318903593391,0.4791666666666667,0.3639715985419572
CD107a,12wks,BCG,Freq. of Parent,Proliferating,Freq. of Parent: Proliferating,gd TCR,18,16,46.34994657276425,58.49136740331491,-12.141420830550658,0.010666537578426208,-0.5173611111111112,0.3639715985419572
IL-17a,12wks,BCG,Freq. of Parent,Proliferating,Freq. of Parent: Proliferating,gd TCR,18,16,28.193236039562784,37.38317757009346,-9.189941530530675,0.016485863525968585,-0.4861111111111111,0.3639715985419572
CCR6+ CXCR3+,12wks,BCG,Freq. of Parent,Proliferating,Freq. of Parent: Proliferating,gd TCR,18,16,45.412712727272734,54.05016454286775,-8.637451815595014,0.36053986471650123,-0.1875,0.7852690953107269
IL-21,12wks,BCG,Freq. of Parent,Proliferating,Freq. of Parent: Proliferating,gd TCR,18,16,6.109658792650919,10.940896911514496,-4.831238118863578,0.0028401105898677947,-0.6041666666666666,0.3639715985419572
PD-1,12wks,BCG,Freq. of Parent,Proliferating,Freq. of Parent: Proliferating,gd TCR,18,16,7.238369391232508,9.771043165467626,-2.5326737742351177,0.19324433568548544,NA,0.6233688247918885
IFNy,12wks,BCG,Freq. of Parent,Proliferating,Freq. of Parent: Proliferating,gd TCR,18,16,10.62420744243421,13.066599264705882,-2.442391822271672,0.5232714856259304,-0.13194444444444445,0.8485483550690763
TNFa,12wks,BCG,Freq. of Parent,Proliferating,Freq. of Parent: Proliferating,gd TCR,18,16,51.58794212218649,53.89680441955572,-2.308862297369231,0.1521764393097223,-0.2916666666666667,0.6169315107150904
CCR6- CXCR3+,12wks,BCG,Freq. of Parent,Proliferating,Freq. of Parent: Proliferating,gd TCR,18,16,24.75,23.049999999999997,1.7000000000000028,0.4074467497444558,0.1701388888888889,0.7886066124086242
IL-2,12wks,BCG,Freq. of Parent,Proliferating,Freq. of Parent: Proliferating,gd TCR,18,16,17.1,18.8,-1.6999999999999993,0.7430771478039213,-0.06944444444444445,0.9288464347549017
CCR6+ CXCR3-,12wks,BCG,Freq. of Parent,Proliferating,Freq. of Parent: Proliferating,gd TCR,18,16,3.084480295566502,4.518099770166586,-1.4336194746000839,0.6915240242452287,-0.08333333333333333,0.9099000319016168
HLA-DR+ CD38+,12wks,BCG,Freq. of Parent,Proliferating,Freq. of Parent: Proliferating,gd TCR,18,16,10.209458128078818,11.390761750641948,-1.1813036225631297,0.5808835236989285,-0.11458333333333333,0.8584485571905347
IL-22,12wks,BCG,Freq. of Parent,Proliferating,Freq. of Parent: Proliferating,gd TCR,18,16,3.99,4.935,-0.9449999999999994,0.5927593466284073,-0.1111111111111111,0.8632829183552514
CCR6- CXCR3- / CCR4+,12wks,DosR,Freq. of Grandparent,Proliferating,Freq. of Grandparent: Proliferating,CD4,18,15,1.93,3.48,-1.55,0.1379155248197748,-0.3074074074074074,0.6007788947646159
CCR6+ CXCR3- / CD161+,12wks,DosR,Freq. of Parent,CCR6+ CXCR3-,Freq. of Parent: CCR6+ CXCR3-,CD4,18,15,57.220834676119885,44.88054607508533,12.340288601034558,0.23274526564721912,0.24814814814814815,0.6975457149932516
CCR6- CXCR3- / CCR4+,12wks,DosR,Freq. of Parent,CCR6- CXCR3-,Freq. of Parent: CCR6- CXCR3-,CD4,18,15,3.3049999999999997,6.67,-3.365,0.24689245340247146,-0.24074074074074073,0.7054070097213471
CD45RO+ CD27+ / CXCR5+,12wks,DosR,Freq. of Parent,CD45RO+ CD27+,Freq. of Parent: CD45RO+ CD27+,CD4,18,15,2.7810497237569054,3.4584375000000005,-0.6773877762430951,0.5386252265251064,-0.12962962962962962,0.85046088398701
IL-17a,12wks,DosR,Freq. of Parent,Proliferating,Freq. of Parent: Proliferating,CD4,18,15,52.55813953488372,98.03921568627452,-45.481076151390795,0.014696205910356398,-0.5,0.3639715985419572
CD45RO+ CD27-,12wks,DosR,Freq. of Parent,Proliferating,Freq. of Parent: Proliferating,CD4,18,15,24.515092968559323,38.54449093444909,-14.029397965889764,0.042882412776206184,-0.4185185185185185,0.4214058755229954
TNFa,12wks,DosR,Freq. of Parent,Proliferating,Freq. of Parent: Proliferating,CD4,18,15,62.73679632925245,75.90801479654748,-13.171218467295027,0.06007795404759672,-0.3888888888888889,0.4681301067696689
CD45RO+ CD27+,12wks,DosR,Freq. of Parent,Proliferating,Freq. of Parent: Proliferating,CD4,18,15,62.060962566844914,50.9,11.160962566844916,0.07059778704484587,0.37407407407407406,0.49254270031287817
CCR6- CXCR3+,12wks,DosR,Freq. of Parent,Proliferating,Freq. of Parent: Proliferating,CD4,18,15,16.00246444731739,8.081012658227847,7.921451789089543,0.02740893873735094,0.45555555555555555,0.3639715985419572
IL-21,12wks,DosR,Freq. of Parent,Proliferating,Freq. of Parent: Proliferating,CD4,18,15,10.784032258064517,15.850166112956812,-5.0661338548922945,0.06007795404759672,-0.3888888888888889,0.4681301067696689
CCR6+ CXCR3-,12wks,DosR,Freq. of Parent,Proliferating,Freq. of Parent: Proliferating,CD4,18,15,16.370266973611876,20.669616519174042,-4.2993495455621655,0.19302186104388416,-0.27037037037037037,0.6233688247918885
HLA-DR+ CD38+,12wks,DosR,Freq. of Parent,Proliferating,Freq. of Parent: Proliferating,CD4,18,15,5.46049065340422,8.978095238095237,-3.5176045846910178,0.10371280435579411,-0.337037037037037,0.5582038990622112
PD-1,12wks,DosR,Freq. of Parent,Proliferating,Freq. of Parent: Proliferating,CD4,18,15,30.562256586483393,32.84367816091954,-2.281421574436145,0.47168050433011827,NA,0.823891799652996
CD45RO- CD27+,12wks,DosR,Freq. of Parent,Proliferating,Freq. of Parent: Proliferating,CD4,18,15,6.175000000000001,7.864999999999999,-1.6899999999999986,0.9855346361110546,-0.007407407407407408,0.9928548990146824
CCR6+ CXCR3+,12wks,DosR,Freq. of Parent,Proliferating,Freq. of Parent: Proliferating,CD4,18,15,11.026901389981642,9.769306930693071,1.2575944592885708,0.800185774221412,-0.05555555555555555,0.945101308135526
CD45RO- CD27-,12wks,DosR,Freq. of Parent,Proliferating,Freq. of Parent: Proliferating,CD4,18,15,0.685,1.46,-0.7749999999999999,0.4583594669044346,-0.15555555555555556,0.823891799652996
CCR6- CXCR3-,12wks,DosR,Freq. of Parent,Proliferating,Freq. of Parent: Proliferating,CD4,18,15,65.55886107451325,65.15935483870969,0.3995062358035568,0.6766749833706046,-0.08888888888888889,0.9091367849323929
IL-2,12wks,DosR,Freq. of Parent,Proliferating,Freq. of Parent: Proliferating,CD4,18,15,2.212882839651587,1.9066666666666665,0.30621617298492043,0.13817914579586166,0.3074074074074074,0.6007788947646159
IL-22,12wks,DosR,Freq. of Parent,Proliferating,Freq. of Parent: Proliferating,CD4,18,15,3.33,3.08,0.25,0.7723602613354957,0.06296296296296296,0.9305768207947153
IFNy,12wks,DosR,Freq. of Parent,Proliferating,Freq. of Parent: Proliferating,CD4,18,15,12.45,12.6,-0.15000000000000036,0.842351796929719,-0.044444444444444446,0.9526156246972601
IL-22,12wks,DosR,Freq. of Parent,Proliferating,Freq. of Parent: Proliferating,CD8,18,15,23.35,5.39,17.96,0.062122743028419955,0.3851851851851852,0.4681301067696689
IL-17a,12wks,DosR,Freq. of Parent,Proliferating,Freq. of Parent: Proliferating,CD8,18,15,89.96511627906978,100,-10.034883720930225,0.3506488809885032,-0.17777777777777778,0.7852690953107269
HLA-DR+ CD38+,12wks,DosR,Freq. of Parent,Proliferating,Freq. of Parent: Proliferating,CD8,18,15,58.849999999999994,67.7,-8.850000000000009,0.44762317172505445,-0.15925925925925927,0.8138603122273717
CCR6- CXCR3-,12wks,DosR,Freq. of Parent,Proliferating,Freq. of Parent: Proliferating,CD8,18,15,67.28545095630813,75,-7.714549043691875,0.2458622250369851,-0.24074074074074073,0.7054070097213471
CD107a,12wks,DosR,Freq. of Parent,Proliferating,Freq. of Parent: Proliferating,CD8,18,15,8.372,15.555555555555557,-7.183555555555557,0.013942141844968866,-0.5074074074074074,0.3639715985419572
TNFa,12wks,DosR,Freq. of Parent,Proliferating,Freq. of Parent: Proliferating,CD8,18,15,51.17333000166583,57.02280912364946,-5.849479121983627,0.5629066444249688,-0.12222222222222222,0.8527163018713639
CD45RO+ CD27+,12wks,DosR,Freq. of Parent,Proliferating,Freq. of Parent: Proliferating,CD8,18,15,46.63340440985733,41.02864197530864,5.6047624345486895,0.34716086336995433,0.1962962962962963,0.7852690953107269
CCR6- CXCR3+,12wks,DosR,Freq. of Parent,Proliferating,Freq. of Parent: Proliferating,CD8,18,15,16.275208695652175,10.903603603603605,5.37160509204857,0.09990158064767357,0.34074074074074073,0.5582038990622112
CD45RO+ CD27-,12wks,DosR,Freq. of Parent,Proliferating,Freq. of Parent: Proliferating,CD8,18,15,7.6072500000000005,12.865329341317366,-5.258079341317366,0.32893135777828136,-0.2037037037037037,0.7852690953107269
CCR6+ CXCR3+,12wks,DosR,Freq. of Parent,Proliferating,Freq. of Parent: Proliferating,CD8,18,15,19.049999999999997,13.9,5.149999999999997,0.5629066444249688,0.12222222222222222,0.8527163018713639
IL-2,12wks,DosR,Freq. of Parent,Proliferating,Freq. of Parent: Proliferating,CD8,18,15,33.25,30.9,2.3500000000000014,0.6906999385535015,0.08518518518518518,0.9099000319016168
CD45RO- CD27+,12wks,DosR,Freq. of Parent,Proliferating,Freq. of Parent: Proliferating,CD8,18,15,9.95355,8.744372623574144,1.2091773764258562,0.7163919067318274,0.07777777777777778,0.9178775905500443
IL-21,12wks,DosR,Freq. of Parent,Proliferating,Freq. of Parent: Proliferating,CD8,18,15,6.005000000000001,7.09,-1.084999999999999,1,0.003703703703703704,1
IFNy,12wks,DosR,Freq. of Parent,Proliferating,Freq. of Parent: Proliferating,CD8,18,15,9.11,8.18,0.9299999999999997,0.5384213269777123,-0.12962962962962962,0.85046088398701
PD-1,12wks,DosR,Freq. of Parent,Proliferating,Freq. of Parent: Proliferating,CD8,18,15,27.262308996539794,28.037100000000002,-0.7747910034602086,0.4211523630828888,NA,0.7946271001563939
CCR6+ CXCR3-,12wks,DosR,Freq. of Parent,Proliferating,Freq. of Parent: Proliferating,CD8,18,15,17.05,17.6,-0.5500000000000007,0.7861260737752738,-0.05925925925925926,0.9433512885303285
CD45RO- CD27-,12wks,DosR,Freq. of Parent,Proliferating,Freq. of Parent: Proliferating,CD8,18,15,0,0.48,-0.48,0.28622451277709865,-0.2037037037037037,0.7642139151826275
CCR6- CXCR3-,12wks,DosR,Freq. of Parent,Proliferating,Freq. of Parent: Proliferating,gd TCR,18,15,61.846539792387546,44.83414634146341,17.012393450924137,0.19287302112066668,0.27037037037037037,0.6233688247918885
IL-21,12wks,DosR,Freq. of Parent,Proliferating,Freq. of Parent: Proliferating,gd TCR,18,15,14.521784776902887,30.854457050243113,-16.332672273340226,0.018759477587935836,-0.48518518518518516,0.3639715985419572
CD107a,12wks,DosR,Freq. of Parent,Proliferating,Freq. of Parent: Proliferating,gd TCR,18,15,37.346161226634266,49.28493506493506,-11.938773838300797,0.023816907578981927,-0.4666666666666667,0.3639715985419572
TNFa,12wks,DosR,Freq. of Parent,Proliferating,Freq. of Parent: Proliferating,gd TCR,18,15,42.671291185581524,48.92801556420234,-6.256724378620817,0.20568017674785308,-0.26296296296296295,0.6564260960037864
CCR6+ CXCR3+,12wks,DosR,Freq. of Parent,Proliferating,Freq. of Parent: Proliferating,gd TCR,18,15,58.95104006163328,54.12963503649635,4.821405025136926,0.27803552837237,0.22592592592592592,0.7514473739793783
PD-1,12wks,DosR,Freq. of Parent,Proliferating,Freq. of Parent: Proliferating,gd TCR,18,15,21.340500685696874,24.210685317973436,-2.870184632276562,0.1500103529486378,NA,0.6164809025286485
CCR6+ CXCR3-,12wks,DosR,Freq. of Parent,Proliferating,Freq. of Parent: Proliferating,gd TCR,18,15,3.9075103261643642,6.183989769820972,-2.2764794436566076,0.11996318214050385,-0.32222222222222224,0.6007788947646159
IL-17a,12wks,DosR,Freq. of Parent,Proliferating,Freq. of Parent: Proliferating,gd TCR,18,15,57.286585365853654,58.85826771653543,-1.571682350681776,0.1288531112543637,-0.3148148148148148,0.6007788947646159
CCR6- CXCR3+,12wks,DosR,Freq. of Parent,Proliferating,Freq. of Parent: Proliferating,gd TCR,18,15,20.15,21.7,-1.5500000000000007,0.7723232479553062,0.06296296296296296,0.9305768207947153
HLA-DR+ CD38+,12wks,DosR,Freq. of Parent,Proliferating,Freq. of Parent: Proliferating,gd TCR,18,15,6.472165856799953,7.433850931677019,-0.9616850748770656,0.587562633103256,-0.11481481481481481,0.8632829183552514
IL-2,12wks,DosR,Freq. of Parent,Proliferating,Freq. of Parent: Proliferating,gd TCR,18,15,15.3,14.4,0.9000000000000004,0.8000221239390546,0.05555555555555555,0.945101308135526
IFNy,12wks,DosR,Freq. of Parent,Proliferating,Freq. of Parent: Proliferating,gd TCR,18,15,3.045227504511515,3.6627352941176468,-0.6175077896061318,0.3660206200008004,-0.18888888888888888,0.7852690953107269
IL-22,12wks,DosR,Freq. of Parent,Proliferating,Freq. of Parent: Proliferating,gd TCR,18,15,5.33,5.46,-0.1299999999999999,0.27799536400423036,-0.22592592592592592,0.7514473739793783
CCR6- CXCR3- / CCR4+,12wks,MED,Freq. of Grandparent,Proliferating,Freq. of Grandparent: Proliferating,CD4,18,16,0.9199999999999999,0.8200000000000001,0.09999999999999987,0.767209452582247,0.0625,0.9305768207947153
CCR6+ CXCR3- / CD161+,12wks,MED,Freq. of Parent,CCR6+ CXCR3-,Freq. of Parent: CCR6+ CXCR3-,CD4,18,16,33.53658536585366,30.11747144340602,3.4191139224476395,0.6145852038453569,0.10416666666666667,0.8769452758157213
CCR6- CXCR3- / CCR4+,12wks,MED,Freq. of Parent,CCR6- CXCR3-,Freq. of Parent: CCR6- CXCR3-,CD4,18,16,1.585,1.275,0.31000000000000005,0.7672270462996145,0.0625,0.9305768207947153
CD45RO+ CD27+ / CXCR5+,12wks,MED,Freq. of Parent,CD45RO+ CD27+,Freq. of Parent: CD45RO+ CD27+,CD4,18,16,1.5834817254568634,0.4160297766749379,1.1674519487819255,0.2279495934493472,0.24305555555555555,0.6907563437859006
TNFa,12wks,MED,Freq. of Parent,Proliferating,Freq. of Parent: Proliferating,CD4,18,16,42.54370552443889,74.75636727111826,-32.21266174667937,0.03684762827046678,-0.4236111111111111,0.3958225534341847
IL-17a,12wks,MED,Freq. of Parent,Proliferating,Freq. of Parent: Proliferating,CD4,18,16,28.325581395348834,47.462945032027406,-19.13736363667857,0.18391980045911263,-0.2708333333333333,0.6233688247918885
CD45RO+ CD27+,12wks,MED,Freq. of Parent,Proliferating,Freq. of Parent: Proliferating,CD4,18,16,63.24107024572528,52.22530864197531,11.015761603749972,0.29223310773950484,0.2152777777777778,0.7642139151826275
CD45RO- CD27+,12wks,MED,Freq. of Parent,Proliferating,Freq. of Parent: Proliferating,CD4,18,16,23.15,14.037499999999998,9.1125,0.7686908317983913,0.0625,0.9305768207947153
CCR6- CXCR3+,12wks,MED,Freq. of Parent,Proliferating,Freq. of Parent: Proliferating,CD4,18,16,19.542075571487338,10.924453394706557,8.617622176780781,0.13787411314145037,0.3020833333333333,0.6007788947646159
IL-21,12wks,MED,Freq. of Parent,Proliferating,Freq. of Parent: Proliferating,CD4,18,16,5.00203621424224,10.159542176484887,-5.157505962242647,0.1560646552953459,-0.2881944444444444,0.6233688247918885
CCR6- CXCR3-,12wks,MED,Freq. of Parent,Proliferating,Freq. of Parent: Proliferating,CD4,18,16,83.44216572654327,78.73068900467123,4.711476721872032,0.35847556685786736,0.1875,0.7852690953107269
CCR6+ CXCR3+,12wks,MED,Freq. of Parent,Proliferating,Freq. of Parent: Proliferating,CD4,18,16,7.300950694990821,11.416122448979593,-4.115171753988772,0.14242023488947206,-0.2986111111111111,0.6022912224053331
IFNy,12wks,MED,Freq. of Parent,Proliferating,Freq. of Parent: Proliferating,CD4,18,16,9.92,13.95,-4.029999999999999,0.23949069548101637,-0.23958333333333334,0.6975457149932516
PD-1,12wks,MED,Freq. of Parent,Proliferating,Freq. of Parent: Proliferating,CD4,18,16,30.596874840248788,33.840843214756255,-3.2439683745074674,0.3468315010184806,NA,0.7852690953107269
IL-22,12wks,MED,Freq. of Parent,Proliferating,Freq. of Parent: Proliferating,CD4,18,16,3.795,0.83,2.965,0.1063273253100775,0.3263888888888889,0.5582038990622112
CD45RO+ CD27-,12wks,MED,Freq. of Parent,Proliferating,Freq. of Parent: Proliferating,CD4,18,16,17.281589958158996,20.147289156626506,-2.86569919846751,0.39792644246181264,-0.1736111111111111,0.7853811364377881
HLA-DR+ CD38+,12wks,MED,Freq. of Parent,Proliferating,Freq. of Parent: Proliferating,CD4,18,16,5.97081512605042,8.041584698251365,-2.0707695722009447,0.3250685586750427,-0.2013888888888889,0.7852690953107269
CD45RO- CD27-,12wks,MED,Freq. of Parent,Proliferating,Freq. of Parent: Proliferating,CD4,18,16,0.97,2.71,-1.74,0.7298912092551075,-0.07291666666666667,0.9178775905500443
CCR6+ CXCR3-,12wks,MED,Freq. of Parent,Proliferating,Freq. of Parent: Proliferating,CD4,18,16,9.942991026919243,10.516746615940232,-0.5737555890209887,0.6788221327495201,-0.08680555555555555,0.9091367849323929
IL-2,12wks,MED,Freq. of Parent,Proliferating,Freq. of Parent: Proliferating,CD4,18,16,2.411967020023557,2.8942011976479485,-0.4822341776243917,1,0,1
IL-17a,12wks,MED,Freq. of Parent,Proliferating,Freq. of Parent: Proliferating,CD8,18,16,4.7749999999999995,80.25126050420168,-75.47626050420168,0.03196033530166612,-0.4201388888888889,0.3835240236199935
IL-22,12wks,MED,Freq. of Parent,Proliferating,Freq. of Parent: Proliferating,CD8,18,16,20.85,2.07,18.78,0.013093790180925522,0.4965277777777778,0.3639715985419572
TNFa,12wks,MED,Freq. of Parent,Proliferating,Freq. of Parent: Proliferating,CD8,18,16,24.89649345162653,43.54205560551217,-18.64556215388564,0.06241734756928918,-0.3784722222222222,0.4681301067696689
IL-2,12wks,MED,Freq. of Parent,Proliferating,Freq. of Parent: Proliferating,CD8,18,16,16.1,34.1,-18,0.41675219588528545,-0.16666666666666666,0.7925875220506527
CD45RO- CD27+,12wks,MED,Freq. of Parent,Proliferating,Freq. of Parent: Proliferating,CD8,18,16,25.20161676646707,8.90963500272183,16.29198176374524,0.3970595219524723,0.1736111111111111,0.7853811364377881
CCR6- CXCR3+,12wks,MED,Freq. of Parent,Proliferating,Freq. of Parent: Proliferating,CD8,18,16,23.736860912052116,15.2796449526102,8.457215959441916,0.18391980045911263,0.2708333333333333,0.6233688247918885
CD45RO+ CD27-,12wks,MED,Freq. of Parent,Proliferating,Freq. of Parent: Proliferating,CD8,18,16,3.276281969309463,9.978991228070175,-6.702709258760712,0.03826284683197119,-0.4166666666666667,0.3958225534341847
PD-1,12wks,MED,Freq. of Parent,Proliferating,Freq. of Parent: Proliferating,CD8,18,16,22.266280173252873,28.528027681660898,-6.261747508408025,0.36768845772833975,NA,0.7852690953107269
CCR6- CXCR3-,12wks,MED,Freq. of Parent,Proliferating,Freq. of Parent: Proliferating,CD8,18,16,94.79452054794521,100,-5.205479452054789,0.4891790680642229,-0.13194444444444445,0.8340344047429084
IFNy,12wks,MED,Freq. of Parent,Proliferating,Freq. of Parent: Proliferating,CD8,18,16,7.470000000000001,11.405000000000001,-3.9350000000000005,0.6024345858365313,-0.1076388888888889,0.8688960372642278
CD107a,12wks,MED,Freq. of Parent,Proliferating,Freq. of Parent: Proliferating,CD8,18,16,10.277999999999999,13.458120701519752,-3.180120701519753,0.5448944342328301,-0.125,0.8527163018713639
CCR6+ CXCR3+,12wks,MED,Freq. of Parent,Proliferating,Freq. of Parent: Proliferating,CD8,18,16,9.55,7.09,2.460000000000001,0.3769003477316947,0.18055555555555555,0.7853811364377881
IL-21,12wks,MED,Freq. of Parent,Proliferating,Freq. of Parent: Proliferating,CD8,18,16,2.385,4.14,-1.755,0.8461326210132682,0.041666666666666664,0.9526156246972601
CCR6+ CXCR3-,12wks,MED,Freq. of Parent,Proliferating,Freq. of Parent: Proliferating,CD8,18,16,9.715,11.4,-1.6850000000000005,0.8764063747214794,0.034722222222222224,0.9526156246972601
HLA-DR+ CD38+,12wks,MED,Freq. of Parent,Proliferating,Freq. of Parent: Proliferating,CD8,18,16,49.099999999999994,47.85,1.249999999999993,0.9448327126163627,0.017361111111111112,0.9897262634427108
CD45RO- CD27-,12wks,MED,Freq. of Parent,Proliferating,Freq. of Parent: Proliferating,CD8,18,16,0.52,0,0.52,0.07893167293248202,0.3298611111111111,0.5147717799944479
CD45RO+ CD27+,12wks,MED,Freq. of Parent,Proliferating,Freq. of Parent: Proliferating,CD8,18,16,42.399964302288225,42.214531520577715,0.18543278171051014,0.6787294159596704,0.08680555555555555,0.9091367849323929
CCR6+ CXCR3+,12wks,MED,Freq. of Parent,Proliferating,Freq. of Parent: Proliferating,gd TCR,18,16,54.6881157635468,47.61798760537357,7.070128158173226,0.14254225596926218,0.2986111111111111,0.6022912224053331
CD107a,12wks,MED,Freq. of Parent,Proliferating,Freq. of Parent: Proliferating,gd TCR,18,16,45.535901232913425,51.61094786037681,-6.0750466274633865,0.3168006953544388,-0.2048611111111111,0.7852690953107269
IL-21,12wks,MED,Freq. of Parent,Proliferating,Freq. of Parent: Proliferating,gd TCR,18,16,4.5480935337846375,9.552369942196531,-5.004276408411894,0.2535933590092574,-0.2326388888888889,0.7142555971694521
IL-17a,12wks,MED,Freq. of Parent,Proliferating,Freq. of Parent: Proliferating,gd TCR,18,16,39.80817128624637,44.78020772610742,-4.97203643986105,0.41742942828001045,-0.16666666666666666,0.7925875220506527
TNFa,12wks,MED,Freq. of Parent,Proliferating,Freq. of Parent: Proliferating,gd TCR,18,16,30.495993180128266,34.47708332176935,-3.981090141641083,0.5691497940860235,-0.11805555555555555,0.8527163018713639
PD-1,12wks,MED,Freq. of Parent,Proliferating,Freq. of Parent: Proliferating,gd TCR,18,16,21.120974469160767,24.885379061371843,-3.7644045922110756,0.19324433568548544,NA,0.6233688247918885
IL-2,12wks,MED,Freq. of Parent,Proliferating,Freq. of Parent: Proliferating,gd TCR,18,16,16.35,12.7,3.650000000000002,0.48978792009960037,0.1423611111111111,0.8340344047429084
IL-22,12wks,MED,Freq. of Parent,Proliferating,Freq. of Parent: Proliferating,gd TCR,18,16,3.305,6.085,-2.78,0.40636822422414215,-0.1701388888888889,0.7886066124086242
CCR6- CXCR3-,12wks,MED,Freq. of Parent,Proliferating,Freq. of Parent: Proliferating,gd TCR,18,16,71.23961937716263,68.827257595932707,2.4123617812299187,0.38230081101244684,0.17708333333333334,0.7853811364377881
CCR6- CXCR3+,12wks,MED,Freq. of Parent,Proliferating,Freq. of Parent: Proliferating,gd TCR,18,16,21.7,23.799999999999997,-2.099999999999998,0.6914569379832356,0.08333333333333333,0.9099000319016168
CCR6+ CXCR3-,12wks,MED,Freq. of Parent,Proliferating,Freq. of Parent: Proliferating,gd TCR,18,16,1.395327731092437,3.2491502558383627,-1.8538225247459257,0.10711205439574475,-0.3263888888888889,0.5582038990622112
HLA-DR+ CD38+,12wks,MED,Freq. of Parent,Proliferating,Freq. of Parent: Proliferating,gd TCR,18,16,7.34411017634687,5.747988847583644,1.5961213287632265,0.7958091685190174,0.05555555555555555,0.945101308135526
IFNy,12wks,MED,Freq. of Parent,Proliferating,Freq. of Parent: Proliferating,gd TCR,18,16,2.1152725116536955,2.914147058823529,-0.7988745471698335,0.18978184744977053,-0.2673611111111111,0.6233688247918885
CCR6- CXCR3- / CCR4+,44wks,BCG,Freq. of Grandparent,Proliferating,Freq. of Grandparent: Proliferating,CD4,18,15,1.39,2.14,-0.7500000000000002,0.9566774494985006,0.014814814814814815,0.9897262634427108
CCR6+ CXCR3- / CD161+,44wks,BCG,Freq. of Parent,CCR6+ CXCR3-,Freq. of Parent: CCR6+ CXCR3-,CD4,18,15,56.383458375414804,40.27777777777777,16.105680597637033,0.5752041202578282,0.11851851851851852,0.8542635449373686
CCR6- CXCR3- / CCR4+,44wks,BCG,Freq. of Parent,CCR6- CXCR3-,Freq. of Parent: CCR6- CXCR3-,CD4,18,15,3.975,4.44,-0.4650000000000003,0.9278588088061953,0.022222222222222223,0.9835959103952601
CD45RO+ CD27+ / CXCR5+,44wks,BCG,Freq. of Parent,CD45RO+ CD27+,Freq. of Parent: CD45RO+ CD27+,CD4,18,15,7.782357320099255,2.5287500000000005,5.253607320099254,0.013232461769071786,0.5111111111111111,0.3639715985419572
IL-17a,44wks,BCG,Freq. of Parent,Proliferating,Freq. of Parent: Proliferating,CD4,18,15,40.595556710406655,86.59217877094973,-45.996622060543075,0.021073450501397736,-0.4740740740740741,0.3639715985419572
CD45RO+ CD27-,44wks,BCG,Freq. of Parent,Proliferating,Freq. of Parent: Proliferating,CD4,18,15,52.02470878543722,64.82482566248257,-12.800116877045348,0.03442381432538878,-0.43703703703703706,0.3958225534341847
CCR6- CXCR3+,44wks,BCG,Freq. of Parent,Proliferating,Freq. of Parent: Proliferating,CD4,18,15,26.950000000000003,18.759493670886076,8.190506329113926,0.021684611283223444,0.4740740740740741,0.3639715985419572
CD45RO+ CD27+,44wks,BCG,Freq. of Parent,Proliferating,Freq. of Parent: Proliferating,CD4,18,15,34.18125836557745,26.233766233766232,7.947492131811217,0.13350158643229743,0.3111111111111111,0.6007788947646159
IFNy,44wks,BCG,Freq. of Parent,Proliferating,Freq. of Parent: Proliferating,CD4,18,15,43.5,49,-5.5,0.6127068720667891,-0.10740740740740741,0.8769452758157213
PD-1,44wks,BCG,Freq. of Parent,Proliferating,Freq. of Parent: Proliferating,CD4,18,15,9.647228757568083,13.378571513827715,-3.7313427562596324,0.6566450624860996,NA,0.9036451986155027
IL-21,44wks,BCG,Freq. of Parent,Proliferating,Freq. of Parent: Proliferating,CD4,18,15,13.312905497501138,17.043189368770765,-3.730283871269627,0.10371280435579411,-0.337037037037037,0.5582038990622112
CCR6+ CXCR3+,44wks,BCG,Freq. of Parent,Proliferating,Freq. of Parent: Proliferating,CD4,18,15,10.09336,13.684210526315791,-3.5908505263157906,0.10763801366279298,-0.3333333333333333,0.5582038990622112
CCR6+ CXCR3-,44wks,BCG,Freq. of Parent,Proliferating,Freq. of Parent: Proliferating,CD4,18,15,7.691134555517123,9.715789473684211,-2.024654918167088,0.8707563451116445,0.037037037037037035,0.9526156246972601
CD45RO- CD27-,44wks,BCG,Freq. of Parent,Proliferating,Freq. of Parent: Proliferating,CD4,18,15,0.775,2.37,-1.5950000000000002,0.17512186690085546,-0.2814814814814815,0.6233688247918885
CD45RO- CD27+,44wks,BCG,Freq. of Parent,Proliferating,Freq. of Parent: Proliferating,CD4,18,15,4.555,3.07,1.4849999999999999,0.6253679957335515,0.1037037037037037,0.8807999939909176
TNFa,44wks,BCG,Freq. of Parent,Proliferating,Freq. of Parent: Proliferating,CD4,18,15,86.08631801456517,84.64821208384711,1.4381059307180522,0.8423777986063301,0.044444444444444446,0.9526156246972601
IL-2,44wks,BCG,Freq. of Parent,Proliferating,Freq. of Parent: Proliferating,CD4,18,15,3.3480852076098353,2.636378600823045,0.7117066067867901,0.026167086372608346,0.45925925925925926,0.3639715985419572
HLA-DR+ CD38+,44wks,BCG,Freq. of Parent,Proliferating,Freq. of Parent: Proliferating,CD4,18,15,10.79318549642079,11.410970695970697,-0.6177851995499068,0.5151460589697516,-0.13703703703703704,0.8485483550690763
IL-22,44wks,BCG,Freq. of Parent,Proliferating,Freq. of Parent: Proliferating,CD4,18,15,6.5649999999999995,6.09,0.47499999999999964,0.6251654423110287,0.1037037037037037,0.8807999939909176
CCR6- CXCR3-,44wks,BCG,Freq. of Parent,Proliferating,Freq. of Parent: Proliferating,CD4,18,15,64.7744037499007,64.33250688705235,0.4418968628483526,0.9567353879946203,-0.014814814814814815,0.9897262634427108
IL-17a,44wks,BCG,Freq. of Parent,Proliferating,Freq. of Parent: Proliferating,CD8,18,15,24.46600476157615,73.31932773109244,-48.85332296951629,0.07348825363401468,-0.36666666666666664,0.5010562747773728
CCR6- CXCR3+,44wks,BCG,Freq. of Parent,Proliferating,Freq. of Parent: Proliferating,CD8,18,15,31.83186811282833,21.19493670886076,10.636931403967573,0.028701310319376745,0.45185185185185184,0.3639715985419572
HLA-DR+ CD38+,44wks,BCG,Freq. of Parent,Proliferating,Freq. of Parent: Proliferating,CD8,18,15,76.45,86.4,-9.950000000000003,0.8423127702779677,-0.044444444444444446,0.9526156246972601
CD107a,44wks,BCG,Freq. of Parent,Proliferating,Freq. of Parent: Proliferating,CD8,18,15,20.25355454148832,28.527226463104327,-8.273671921616007,0.3660206200008004,-0.18888888888888888,0.7852690953107269
CD45RO+ CD27+,44wks,BCG,Freq. of Parent,Proliferating,Freq. of Parent: Proliferating,CD8,18,15,39.7215,31.55779816513761,8.16370183486239,0.10763801366279298,0.3333333333333333,0.5582038990622112
IL-22,44wks,BCG,Freq. of Parent,Proliferating,Freq. of Parent: Proliferating,CD8,18,15,9.045,1.72,7.325,0.05723904837370381,0.3925925925925926,0.4681301067696689
CCR6- CXCR3-,44wks,BCG,Freq. of Parent,Proliferating,Freq. of Parent: Proliferating,CD8,18,15,87.82235299031072,81.47742782152233,6.344925168788393,0.674473694853758,0.08888888888888889,0.9091367849323929
IL-2,44wks,BCG,Freq. of Parent,Proliferating,Freq. of Parent: Proliferating,CD8,18,15,30.1,23.9,6.200000000000003,0.5386252265251064,0.12962962962962962,0.85046088398701
CD45RO+ CD27-,44wks,BCG,Freq. of Parent,Proliferating,Freq. of Parent: Proliferating,CD8,18,15,23.324948910081744,28.033432835820896,-4.708483925739152,0.2943692398021036,-0.21851851851851853,0.7642139151826275
IFNy,44wks,BCG,Freq. of Parent,Proliferating,Freq. of Parent: Proliferating,CD8,18,15,42.35,44.6,-2.25,0.5501013304956603,-0.1259259259259259,0.8527163018713639
CCR6+ CXCR3+,44wks,BCG,Freq. of Parent,Proliferating,Freq. of Parent: Proliferating,CD8,18,15,14.350000000000001,12.4,1.950000000000001,0.7312424804715353,-0.07407407407407407,0.9178775905500443
CD45RO- CD27-,44wks,BCG,Freq. of Parent,Proliferating,Freq. of Parent: Proliferating,CD8,18,15,0.64,2.52,-1.88,0.21092935332187562,-0.25925925925925924,0.6591542291308613
CD45RO- CD27+,44wks,BCG,Freq. of Parent,Proliferating,Freq. of Parent: Proliferating,CD8,18,15,6.052716346153845,7.447689075630253,-1.3949727294764074,0.7311560905877214,-0.07407407407407407,0.9178775905500443
IL-21,44wks,BCG,Freq. of Parent,Proliferating,Freq. of Parent: Proliferating,CD8,18,15,5.215,3.91,1.3049999999999997,0.5265748583805316,0.13333333333333333,0.8493142877105349
PD-1,44wks,BCG,Freq. of Parent,Proliferating,Freq. of Parent: Proliferating,CD8,18,15,6.474144444444445,7.6713000000000005,-1.1971555555555558,0.9157051630788438,NA,0.9795658937968683
TNFa,44wks,BCG,Freq. of Parent,Proliferating,Freq. of Parent: Proliferating,CD8,18,15,56.51101949025487,55.64005069708492,0.8709687931699506,0.8707563451116445,-0.037037037037037035,0.9526156246972601
CCR6+ CXCR3-,44wks,BCG,Freq. of Parent,Proliferating,Freq. of Parent: Proliferating,CD8,18,15,7.375,7.75,-0.375,0.8000385070606499,0.05555555555555555,0.945101308135526
CCR6- CXCR3-,44wks,BCG,Freq. of Parent,Proliferating,Freq. of Parent: Proliferating,gd TCR,18,15,95.71474441719376,62.08695652173913,33.627787895454624,0.014762160554649644,0.4962962962962963,0.3639715985419572
IL-17a,44wks,BCG,Freq. of Parent,Proliferating,Freq. of Parent: Proliferating,gd TCR,18,15,25.577642402752765,37.39837398373984,-11.820731580987072,0.06787566899069793,-0.37777777777777777,0.4848262070764138
CCR6+ CXCR3+,44wks,BCG,Freq. of Parent,Proliferating,Freq. of Parent: Proliferating,gd TCR,18,15,46.579518072289154,54.6921686746988,-8.112650602409644,0.17515792247265102,-0.2814814814814815,0.6233688247918885
CD107a,44wks,BCG,Freq. of Parent,Proliferating,Freq. of Parent: Proliferating,gd TCR,18,15,54.6988628444726,61.272604790419166,-6.573741945946566,0.436961657574329,-0.16296296296296298,0.8003466570988832
IL-2,44wks,BCG,Freq. of Parent,Proliferating,Freq. of Parent: Proliferating,gd TCR,18,15,18.5,13.5,5,0.5626126654397419,0.12222222222222222,0.8527163018713639
IL-22,44wks,BCG,Freq. of Parent,Proliferating,Freq. of Parent: Proliferating,gd TCR,18,15,6.175,9.07,-2.8950000000000005,0.42594847884542913,-0.16666666666666666,0.7986533978351796
CCR6- CXCR3+,44wks,BCG,Freq. of Parent,Proliferating,Freq. of Parent: Proliferating,gd TCR,18,15,21.6,19.6,2,0.6000142167374147,0.1111111111111111,0.8688960372642278
PD-1,44wks,BCG,Freq. of Parent,Proliferating,Freq. of Parent: Proliferating,gd TCR,18,15,7.29247125647465,9.214220113271086,-1.9217488567964356,0.458794052213093,NA,0.823891799652996
TNFa,44wks,BCG,Freq. of Parent,Proliferating,Freq. of Parent: Proliferating,gd TCR,18,15,62.90464981236079,61.18949416342413,1.7151556489366584,0.7586012230870767,-0.06666666666666667,0.9305768207947153
HLA-DR+ CD38+,44wks,BCG,Freq. of Parent,Proliferating,Freq. of Parent: Proliferating,gd TCR,18,15,11.037857142857142,12.53574418604651,-1.497887043189369,0.49208029879831594,-0.14444444444444443,0.8340344047429084
CCR6+ CXCR3-,44wks,BCG,Freq. of Parent,Proliferating,Freq. of Parent: Proliferating,gd TCR,18,15,4.508934790640394,5.871648648648649,-1.362713858008255,0.25475116299043793,-0.23703703703703705,0.7142555971694521
IL-21,44wks,BCG,Freq. of Parent,Proliferating,Freq. of Parent: Proliferating,gd TCR,18,15,7.955940023068051,9.011306042884991,-1.0553660198169403,0.33800753443306447,-0.2,0.7852690953107269
IFNy,44wks,BCG,Freq. of Parent,Proliferating,Freq. of Parent: Proliferating,gd TCR,18,15,14.001800799940192,13.020088235294118,0.9817125646460738,0.4695803906247898,0.15185185185185185,0.823891799652996
CCR6- CXCR3- / CCR4+,44wks,DosR,Freq. of Grandparent,Proliferating,Freq. of Grandparent: Proliferating,CD4,17,14,0.87,3.385,-2.5149999999999997,0.23893774419115865,-0.25210084033613445,0.6975457149932516
CCR6+ CXCR3- / CD161+,44wks,DosR,Freq. of Parent,CCR6+ CXCR3-,Freq. of Parent: CCR6+ CXCR3-,CD4,17,14,60.59190031152647,48.43891210275058,12.152988208775895,0.46206195258078575,0.15966386554621848,0.823891799652996
CCR6- CXCR3- / CCR4+,44wks,DosR,Freq. of Parent,CCR6- CXCR3-,Freq. of Parent: CCR6- CXCR3-,CD4,17,14,1.37,7.1,-5.7299999999999995,0.3280027343758614,-0.21008403361344538,0.7852690953107269
CD45RO+ CD27+ / CXCR5+,44wks,DosR,Freq. of Parent,CD45RO+ CD27+,Freq. of Parent: CD45RO+ CD27+,CD4,17,14,5.7774045801526714,0.91,4.867404580152671,0.02911772788335658,0.46218487394957986,0.3639715985419572
IL-17a,44wks,DosR,Freq. of Parent,Proliferating,Freq. of Parent: Proliferating,CD4,17,14,66.03351955307262,100,-33.96648044692738,0.02737466220955294,-0.453781512605042,0.3639715985419572
CD45RO+ CD27+,44wks,DosR,Freq. of Parent,Proliferating,Freq. of Parent: Proliferating,CD4,17,14,54.20289855072463,39.167355371900825,15.035543178823808,0.18271396834158166,0.2857142857142857,0.6233688247918885
CD45RO+ CD27-,44wks,DosR,Freq. of Parent,Proliferating,Freq. of Parent: Proliferating,CD4,17,14,20.4,32.573846431752116,-12.173846431752118,0.14738265028341085,-0.31092436974789917,0.6140943761808786
IFNy,44wks,DosR,Freq. of Parent,Proliferating,Freq. of Parent: Proliferating,CD4,17,14,21.2,15.35,5.85,0.7505803077276965,0.07142857142857142,0.9305768207947153
CCR6- CXCR3-,44wks,DosR,Freq. of Parent,Proliferating,Freq. of Parent: Proliferating,CD4,17,14,68.3,73.49175315568023,-5.191753155680232,0.9206718080911656,0.025210084033613446,0.9795658937968683
PD-1,44wks,DosR,Freq. of Parent,Proliferating,Freq. of Parent: Proliferating,CD4,17,14,34.750988142292485,29.63550446998723,5.115483672305256,0.5101749393801144,NA,0.8485483550690763
CCR6- CXCR3+,44wks,DosR,Freq. of Parent,Proliferating,Freq. of Parent: Proliferating,CD4,17,14,13.160294117647059,9.59620253164557,3.5640915860014886,0.037145970915289345,0.44537815126050423,0.3958225534341847
CCR6+ CXCR3-,44wks,DosR,Freq. of Parent,Proliferating,Freq. of Parent: Proliferating,CD4,17,14,16.80979591836735,19.779439252336452,-2.9696433339691026,0.7060747625513684,-0.08403361344537816,0.9169802111056732
CCR6+ CXCR3+,44wks,DosR,Freq. of Parent,Proliferating,Freq. of Parent: Proliferating,CD4,17,14,9.64959349593496,12.381429182712882,-2.731835686777922,0.054208200076277364,-0.4117647058823529,0.4681301067696689
HLA-DR+ CD38+,44wks,DosR,Freq. of Parent,Proliferating,Freq. of Parent: Proliferating,CD4,17,14,8.083308641975309,5.491702417824867,2.591606224150442,0.3934233854286187,0.18487394957983194,0.7853811364377881
TNFa,44wks,DosR,Freq. of Parent,Proliferating,Freq. of Parent: Proliferating,CD4,17,14,70.82064220183486,68.98028901734102,1.8403531844938357,0.8271812329599,0.05042016806722689,0.9507830263906896
IL-22,44wks,DosR,Freq. of Parent,Proliferating,Freq. of Parent: Proliferating,CD4,17,14,5.27,3.52,1.7499999999999996,0.3298208558017196,0.21008403361344538,0.7852690953107269
CD45RO- CD27+,44wks,DosR,Freq. of Parent,Proliferating,Freq. of Parent: Proliferating,CD4,17,14,4.085714285714285,5.669483568075117,-1.5837692823608318,0.9207599583214419,0.025210084033613446,0.9795658937968683
CD45RO- CD27-,44wks,DosR,Freq. of Parent,Proliferating,Freq. of Parent: Proliferating,CD4,17,14,0.53,1.67,-1.14,0.2748193966139823,-0.23529411764705882,0.7514473739793783
IL-21,44wks,DosR,Freq. of Parent,Proliferating,Freq. of Parent: Proliferating,CD4,17,14,16.135384615384613,15.094269102990035,1.041115512394578,0.8581764013474082,-0.04201680672268908,0.9526156246972601
IL-2,44wks,DosR,Freq. of Parent,Proliferating,Freq. of Parent: Proliferating,CD4,17,14,2.334378378378378,1.9345882287120957,0.39979014966628235,0.1264179355226996,0.3277310924369748,0.6007788947646159
IL-17a,44wks,DosR,Freq. of Parent,Proliferating,Freq. of Parent: Proliferating,CD8,17,14,47.51773049645391,100,-52.48226950354609,0.011064356071912473,-0.5252100840336135,0.3639715985419572
CD45RO+ CD27+,44wks,DosR,Freq. of Parent,Proliferating,Freq. of Parent: Proliferating,CD8,17,14,63.25061728395062,47.132619775739045,16.117997508211573,0.9841573550259297,0.008403361344537815,0.9928548990146824
HLA-DR+ CD38+,44wks,DosR,Freq. of Parent,Proliferating,Freq. of Parent: Proliferating,CD8,17,14,53.5,69,-15.5,0.857892418267971,0.04201680672268908,0.9526156246972601
CD107a,44wks,DosR,Freq. of Parent,Proliferating,Freq. of Parent: Proliferating,CD8,17,14,6.391220850480109,20.29490885493481,-13.9036880044547,0.015359427835980561,-0.5168067226890757,0.3639715985419572
TNFa,44wks,DosR,Freq. of Parent,Proliferating,Freq. of Parent: Proliferating,CD8,17,14,47.47899159663866,58.14657421904123,-10.66758262240257,0.1767064319519919,-0.28991596638655465,0.6233688247918885
CCR6- CXCR3-,44wks,DosR,Freq. of Parent,Proliferating,Freq. of Parent: Proliferating,CD8,17,14,76.2,85.4284338390628,-9.228433839062802,0.558247741129101,-0.12605042016806722,0.8527163018713639
IL-2,44wks,DosR,Freq. of Parent,Proliferating,Freq. of Parent: Proliferating,CD8,17,14,25.3,33.05,-7.7499999999999964,0.8113606722936393,-0.0546218487394958,0.9466762021169263
IL-22,44wks,DosR,Freq. of Parent,Proliferating,Freq. of Parent: Proliferating,CD8,17,14,9.84,4.03,5.81,0.3690764747960416,0.19327731092436976,0.7852690953107269
CD45RO+ CD27-,44wks,DosR,Freq. of Parent,Proliferating,Freq. of Parent: Proliferating,CD8,17,14,5.2962,9.907338647362643,-4.611138647362643,0.47236463180105104,-0.15546218487394958,0.823891799652996
PD-1,44wks,DosR,Freq. of Parent,Proliferating,Freq. of Parent: Proliferating,CD8,17,14,27.751239669421484,31.85,-4.098760330578518,0.32296211536071956,NA,0.7852690953107269
IFNy,44wks,DosR,Freq. of Parent,Proliferating,Freq. of Parent: Proliferating,CD8,17,14,15.7,13.95,1.75,0.9522509640852521,0.01680672268907563,0.9897262634427108
CCR6- CXCR3+,44wks,DosR,Freq. of Parent,Proliferating,Freq. of Parent: Proliferating,CD8,17,14,15.703539823008848,14.621919663005865,1.0816201600029824,0.5647515508457346,0.12605042016806722,0.8527163018713639
IL-21,44wks,DosR,Freq. of Parent,Proliferating,Freq. of Parent: Proliferating,CD8,17,14,6.03,6.915,-0.8849999999999998,0.6596609949893171,-0.09663865546218488,0.9036451986155027
CD45RO- CD27-,44wks,DosR,Freq. of Parent,Proliferating,Freq. of Parent: Proliferating,CD8,17,14,0.42,0,0.42,0.5215424957466105,0.13025210084033614,0.8485483550690763
CD45RO- CD27+,44wks,DosR,Freq. of Parent,Proliferating,Freq. of Parent: Proliferating,CD8,17,14,8.055808383233533,8.468044205706235,-0.4122358224727023,0.8569720775506484,0.04201680672268908,0.9526156246972601
CCR6+ CXCR3+,44wks,DosR,Freq. of Parent,Proliferating,Freq. of Parent: Proliferating,CD8,17,14,13.4,13.25,0.15000000000000036,0.8734009920687374,-0.037815126050420166,0.9526156246972601
CCR6+ CXCR3-,44wks,DosR,Freq. of Parent,Proliferating,Freq. of Parent: Proliferating,CD8,17,14,16.2,16.25,-0.05000000000000071,0.6476779229385209,0.10084033613445378,0.9036451986155027
CCR6- CXCR3-,44wks,DosR,Freq. of Parent,Proliferating,Freq. of Parent: Proliferating,gd TCR,17,14,62.146341463414636,45.07706786850477,17.069273594909866,0.10791942048536084,0.3445378151260504,0.5582038990622112
IL-17a,44wks,DosR,Freq. of Parent,Proliferating,Freq. of Parent: Proliferating,gd TCR,17,14,50,63.78132640586797,-13.781326405867972,0.4157518960842141,-0.17647058823529413,0.7925875220506527
CCR6+ CXCR3+,44wks,DosR,Freq. of Parent,Proliferating,Freq. of Parent: Proliferating,gd TCR,17,14,66.54545454545455,56.35312817518248,10.192326370272063,0.5383828679426088,0.13445378151260504,0.85046088398701
CD107a,44wks,DosR,Freq. of Parent,Proliferating,Freq. of Parent: Proliferating,gd TCR,17,14,44.25912087912088,53.29872018595876,-9.039599306837879,0.3509160535416732,-0.20168067226890757,0.7852690953107269
TNFa,44wks,DosR,Freq. of Parent,Proliferating,Freq. of Parent: Proliferating,gd TCR,17,14,49.49272237196766,57.97237413301196,-8.479651761044302,0.8738320858669323,-0.037815126050420166,0.9526156246972601
IL-21,44wks,DosR,Freq. of Parent,Proliferating,Freq. of Parent: Proliferating,gd TCR,17,14,21.205284015852047,29.36961115398197,-8.164327138129924,0.10777734943534137,-0.3445378151260504,0.5582038990622112
PD-1,44wks,DosR,Freq. of Parent,Proliferating,Freq. of Parent: Proliferating,gd TCR,17,14,22.97016129032258,27.16395348837209,-4.193792198049511,0.34680346612933927,NA,0.7852690953107269
CCR6- CXCR3+,44wks,DosR,Freq. of Parent,Proliferating,Freq. of Parent: Proliferating,gd TCR,17,14,22.1,19.05,3.0500000000000007,0.5123694996766228,0.14285714285714285,0.8485483550690763
CCR6+ CXCR3-,44wks,DosR,Freq. of Parent,Proliferating,Freq. of Parent: Proliferating,gd TCR,17,14,3.8320588235294117,6.475392450833406,-2.6433336273039947,0.22555232019583363,-0.2605042016806723,0.6907563437859006
IL-22,44wks,DosR,Freq. of Parent,Proliferating,Freq. of Parent: Proliferating,gd TCR,17,14,6.74,9.36,-2.619999999999999,0.8265606425227978,-0.05042016806722689,0.9507830263906896
IL-2,44wks,DosR,Freq. of Parent,Proliferating,Freq. of Parent: Proliferating,gd TCR,17,14,17.6,15.45,2.150000000000002,0.9207919401690562,0.025210084033613446,0.9795658937968683
HLA-DR+ CD38+,44wks,DosR,Freq. of Parent,Proliferating,Freq. of Parent: Proliferating,gd TCR,17,14,7.937021517553793,6.5666919590067,1.370329558547093,0.7059616694392084,0.08403361344537816,0.9169802111056732
IFNy,44wks,DosR,Freq. of Parent,Proliferating,Freq. of Parent: Proliferating,gd TCR,17,14,4.958181818181819,5.716293542269687,-0.7581117240878683,0.3932325333039991,-0.18487394957983194,0.7853811364377881
CCR6- CXCR3- / CCR4+,44wks,MED,Freq. of Grandparent,Proliferating,Freq. of Grandparent: Proliferating,CD4,18,15,1.4,2.63,-1.23,0.5713199222538138,-0.11851851851851852,0.8527163018713639
CCR6+ CXCR3- / CD161+,44wks,MED,Freq. of Parent,CCR6+ CXCR3-,Freq. of Parent: CCR6+ CXCR3-,CD4,18,15,29.460920125146068,30.529595015576326,-1.068674890430259,0.9855334203098722,0.007407407407407408,0.9928548990146824
CCR6- CXCR3- / CCR4+,44wks,MED,Freq. of Parent,CCR6- CXCR3-,Freq. of Parent: CCR6- CXCR3-,CD4,18,15,2.395,6.25,-3.855,0.674473694853758,-0.08888888888888889,0.9091367849323929
CD45RO+ CD27+ / CXCR5+,44wks,MED,Freq. of Parent,CD45RO+ CD27+,Freq. of Parent: CD45RO+ CD27+,CD4,18,15,2.203087199060481,0.66,1.5430871990604809,0.27715233693069297,0.2222222222222222,0.7514473739793783
TNFa,44wks,MED,Freq. of Parent,Proliferating,Freq. of Parent: Proliferating,CD4,18,15,40.26869266055046,65.70758082497213,-25.43888816442167,0.18687479492481798,-0.2740740740740741,0.6233688247918885
IFNy,44wks,MED,Freq. of Parent,Proliferating,Freq. of Parent: Proliferating,CD4,18,15,17.1,3.57,13.530000000000001,0.13547037791737884,0.3074074074074074,0.6007788947646159
CD45RO+ CD27+,44wks,MED,Freq. of Parent,Proliferating,Freq. of Parent: Proliferating,CD4,18,15,60.032254697286014,48.53333333333333,11.498921363952682,0.39473173431513214,0.17777777777777778,0.7853811364377881
CCR6- CXCR3+,44wks,MED,Freq. of Parent,Proliferating,Freq. of Parent: Proliferating,CD4,18,15,18.724886877828055,8.034720000000002,10.690166877828053,0.004520413085987514,0.5851851851851851,0.3639715985419572
PD-1,44wks,MED,Freq. of Parent,Proliferating,Freq. of Parent: Proliferating,CD4,18,15,34.518938795065274,24.671008939974456,9.847929855090818,0.4981462572845566,NA,0.8395723437380167
IL-17a,44wks,MED,Freq. of Parent,Proliferating,Freq. of Parent: Proliferating,CD4,18,15,34.2524189441521,43.68715083798883,-9.434731893836734,0.336793435036491,-0.2,0.7852690953107269
CCR6+ CXCR3-,44wks,MED,Freq. of Parent,Proliferating,Freq. of Parent: Proliferating,CD4,18,15,8.209710684273709,15.35457227138643,-7.144861587112722,0.06238574186607053,-0.3851851851851852,0.4681301067696689
CCR6- CXCR3-,44wks,MED,Freq. of Parent,Proliferating,Freq. of Parent: Proliferating,CD4,18,15,77.00799934832193,71.55951219512195,5.448487153199977,0.7028936983525531,0.08148148148148149,0.9169802111056732
CD45RO- CD27+,44wks,MED,Freq. of Parent,Proliferating,Freq. of Parent: Proliferating,CD4,18,15,6.996785714285712,12.2,-5.203214285714287,0.9710861692016345,0.011111111111111112,0.9928548990146824
CD45RO- CD27-,44wks,MED,Freq. of Parent,Proliferating,Freq. of Parent: Proliferating,CD4,18,15,1.0750000000000002,4.55,-3.4749999999999996,0.4042362038837241,-0.17407407407407408,0.7886066124086242
HLA-DR+ CD38+,44wks,MED,Freq. of Parent,Proliferating,Freq. of Parent: Proliferating,CD4,18,15,6.6145537033909045,4.37390041493776,2.240653288453145,0.16911832722249254,0.2851851851851852,0.6233688247918885
CCR6+ CXCR3+,44wks,MED,Freq. of Parent,Proliferating,Freq. of Parent: Proliferating,CD4,18,15,9.15548780487805,10.695934959349596,-1.540447154471547,0.5151460589697516,-0.13703703703703704,0.8485483550690763
CD45RO+ CD27-,44wks,MED,Freq. of Parent,Proliferating,Freq. of Parent: Proliferating,CD4,18,15,16.57324690324938,18.00140562248996,-1.428158719240578,0.7723787612596136,-0.06296296296296296,0.9305768207947153
IL-21,44wks,MED,Freq. of Parent,Proliferating,Freq. of Parent: Proliferating,CD4,18,15,7.135718332022031,6.581414634146342,0.5543036978756888,0.730025392024256,-0.07407407407407407,0.9178775905500443
IL-2,44wks,MED,Freq. of Parent,Proliferating,Freq. of Parent: Proliferating,CD4,18,15,2.6276177022944394,2.0890946502057615,0.5385230520886779,0.1379155248197748,0.3074074074074074,0.6007788947646159
IL-22,44wks,MED,Freq. of Parent,Proliferating,Freq. of Parent: Proliferating,CD4,18,15,0.9299999999999999,0.58,0.35,0.2960154229000632,0.21481481481481482,0.7642139151826275
CCR6- CXCR3-,44wks,MED,Freq. of Parent,Proliferating,Freq. of Parent: Proliferating,CD8,18,15,66.36911032817582,100,-33.63088967182418,0.16105570974563438,-0.2814814814814815,0.6233688247918885
IL-17a,44wks,MED,Freq. of Parent,Proliferating,Freq. of Parent: Proliferating,CD8,18,15,9.025,32.904884318766065,-23.879884318766067,0.2980434269212247,-0.2111111111111111,0.7642139151826275
IL-22,44wks,MED,Freq. of Parent,Proliferating,Freq. of Parent: Proliferating,CD8,18,15,19.35,2.08,17.270000000000003,0.1066967398280734,0.3296296296296296,0.5582038990622112
TNFa,44wks,MED,Freq. of Parent,Proliferating,Freq. of Parent: Proliferating,CD8,18,15,23.388888888888886,34.347275031685676,-10.95838614279679,0.43615544677594054,-0.16296296296296298,0.8003466570988832
CCR6+ CXCR3+,44wks,MED,Freq. of Parent,Proliferating,Freq. of Parent: Proliferating,CD8,18,15,16.35,5.65,10.700000000000001,0.10666663461699263,0.3296296296296296,0.5582038990622112
HLA-DR+ CD38+,44wks,MED,Freq. of Parent,Proliferating,Freq. of Parent: Proliferating,CD8,18,15,49.9,41.7,8.199999999999996,0.9564396577578385,0.014814814814814815,0.9897262634427108
CD107a,44wks,MED,Freq. of Parent,Proliferating,Freq. of Parent: Proliferating,CD8,18,15,5.07416,10.57777777777778,-5.503617777777779,0.30139504888976215,-0.21481481481481482,0.7662585988722767
CCR6+ CXCR3-,44wks,MED,Freq. of Parent,Proliferating,Freq. of Parent: Proliferating,CD8,18,15,7.33,10.4,-3.0700000000000003,0.19093218527071146,-0.27037037037037037,0.6233688247918885
CCR6- CXCR3+,44wks,MED,Freq. of Parent,Proliferating,Freq. of Parent: Proliferating,CD8,18,15,18.63325662087523,15.703539823008848,2.929716797866382,0.23777078305555446,0.24444444444444444,0.6975457149932516
IFNy,44wks,MED,Freq. of Parent,Proliferating,Freq. of Parent: Proliferating,CD8,18,15,7.82,10.4,-2.58,0.6490054490396195,-0.0962962962962963,0.9036451986155027
CD45RO- CD27+,44wks,MED,Freq. of Parent,Proliferating,Freq. of Parent: Proliferating,CD8,18,15,3.9586949999999996,2.503881818181818,1.4548131818181815,0.8689084560159459,-0.037037037037037035,0.9526156246972601
CD45RO+ CD27+,44wks,MED,Freq. of Parent,Proliferating,Freq. of Parent: Proliferating,CD8,18,15,42.95451794206657,41.88246913580247,1.0720488062641067,0.7308096966313199,-0.07407407407407407,0.9178775905500443
CD45RO+ CD27-,44wks,MED,Freq. of Parent,Proliferating,Freq. of Parent: Proliferating,CD8,18,15,3.661359398976982,4.245761194029852,-0.5844017950528695,0.8116355648833256,-0.05185185185185185,0.9466762021169263
IL-21,44wks,MED,Freq. of Parent,Proliferating,Freq. of Parent: Proliferating,CD8,18,15,1.315,1.59,-0.27500000000000013,0.8813614624715317,0.03333333333333333,0.9545431001496734
IL-2,44wks,MED,Freq. of Parent,Proliferating,Freq. of Parent: Proliferating,CD8,18,15,12.7,12.5,0.1999999999999993,0.8558512181655163,0.040740740740740744,0.9526156246972601
PD-1,44wks,MED,Freq. of Parent,Proliferating,Freq. of Parent: Proliferating,CD8,18,15,23.9148,23.72582105263158,0.18897894736841891,0.8479787353751708,NA,0.9526156246972601
CD45RO- CD27-,44wks,MED,Freq. of Parent,Proliferating,Freq. of Parent: Proliferating,CD8,18,15,0,0,0,0.7670743200403105,-0.05925925925925926,0.9305768207947153
CCR6- CXCR3-,44wks,MED,Freq. of Parent,Proliferating,Freq. of Parent: Proliferating,gd TCR,18,15,79.01887909546213,65.73913043478261,13.279748660679516,0.6584157422914763,0.09259259259259259,0.9036451986155027
IL-17a,44wks,MED,Freq. of Parent,Proliferating,Freq. of Parent: Proliferating,gd TCR,18,15,43.68136682242991,54.30894308943089,-10.627576267000983,0.5625799646812344,-0.12222222222222222,0.8527163018713639
IL-22,44wks,MED,Freq. of Parent,Proliferating,Freq. of Parent: Proliferating,gd TCR,18,15,4.635,10.5,-5.865,0.19268687986438962,-0.27037037037037037,0.6233688247918885
IL-21,44wks,MED,Freq. of Parent,Proliferating,Freq. of Parent: Proliferating,gd TCR,18,15,9.931208713431896,6.564624277456647,3.3665844359752493,0.8133431157064419,0.05185185185185185,0.9466762021169263
IL-2,44wks,MED,Freq. of Parent,Proliferating,Freq. of Parent: Proliferating,gd TCR,18,15,11.8,8.67,3.130000000000001,0.4683136810646905,0.15185185185185185,0.823891799652996
CD107a,44wks,MED,Freq. of Parent,Proliferating,Freq. of Parent: Proliferating,gd TCR,18,15,38.51774993299384,35.87792207792208,2.6398278550717578,0.8141415338205565,0.05185185185185185,0.9466762021169263
CCR6+ CXCR3+,44wks,MED,Freq. of Parent,Proliferating,Freq. of Parent: Proliferating,gd TCR,18,15,54.27157721796276,51.69408,2.577497217962758,0.39552287841238054,0.17777777777777778,0.7853811364377881
CCR6- CXCR3+,44wks,MED,Freq. of Parent,Proliferating,Freq. of Parent: Proliferating,gd TCR,18,15,22.6,21.4,1.2000000000000028,0.15842114405720137,0.29259259259259257,0.6233688247918885
TNFa,44wks,MED,Freq. of Parent,Proliferating,Freq. of Parent: Proliferating,gd TCR,18,15,30.45828358208955,31.510271041369474,-1.0519874592799248,0.7174164271936727,-0.07777777777777778,0.9178775905500443
PD-1,44wks,MED,Freq. of Parent,Proliferating,Freq. of Parent: Proliferating,gd TCR,18,15,24.633373530298464,23.875591852099717,0.7577816781987465,0.9156677636975792,NA,0.9795658937968683
IFNy,44wks,MED,Freq. of Parent,Proliferating,Freq. of Parent: Proliferating,gd TCR,18,15,2.6375311998145725,2.258296875,0.3792343248145724,0.43619391479771424,0.16296296296296298,0.8003466570988832
CCR6+ CXCR3-,44wks,MED,Freq. of Parent,Proliferating,Freq. of Parent: Proliferating,gd TCR,18,15,2.0914298557031605,2.321635135135135,-0.23020527943197466,0.16357897873548174,-0.28888888888888886,0.6233688247918885
HLA-DR+ CD38+,44wks,MED,Freq. of Parent,Proliferating,Freq. of Parent: Proliferating,gd TCR,18,15,6.063431483578709,5.947080745341616,0.11635073823709341,0.9423021221563628,-0.018518518518518517,0.9897262634427108
