Readout,Time_Point_std,Condition,Metric,DenominatorGate,DenominatorLabel,LineageGate,n_pos,n_neg,median_pos,median_neg,median_diff_pp,p_value,cliffs_delta,p_adj
CCR6- CXCR3- / CCR4+,12wks,BCG,Freq. of Grandparent,Proliferating,Freq. of Grandparent: Proliferating,CD4,18,16,0.8200000000000001,0.575,0.2450000000000001,0.6167848439903907,0.10416666666666667,0.9722542905955216
CCR6+ CXCR3- / CD161+,12wks,BCG,Freq. of Parent,CCR6+ CXCR3-,Freq. of Parent: CCR6+ CXCR3-,CD4,18,16,46.25661734852494,42.55723343580894,3.6993839127160015,0.34270192108545056,0.19444444444444445,0.8767680436899846
CCR6- CXCR3- / CCR4+,12wks,BCG,Freq. of Parent,CCR6- CXCR3-,Freq. of Parent: CCR6- CXCR3-,CD4,18,16,2.2,1.85,0.3500000000000001,0.986234814838515,0.006944444444444444,0.9995623123363329
CD45RO+ CD27+ / CXCR5+,12wks,BCG,Freq. of Parent,CD45RO+ CD27+,Freq. of Parent: CD45RO+ CD27+,CD4,18,16,0.91,1.5950000000000002,-0.6850000000000002,0.7171188183754387,0.0763888888888889,0.9740140036898293
IFNy,12wks,BCG,Freq. of Parent,Proliferating,Freq. of Parent: Proliferating,CD4,18,16,40.35,55.05,-14.699999999999996,0.3789494660972779,-0.18055555555555555,0.8881628111654951
CD45RO+ CD27-,12wks,BCG,Freq. of Parent,Proliferating,Freq. of Parent: Proliferating,CD4,18,16,53.67969916510452,67.78319114783099,-14.103491982726467,0.13338334465514512,-0.3055555555555556,0.6895776240988739
CCR6- CXCR3+,12wks,BCG,Freq. of Parent,Proliferating,Freq. of Parent: Proliferating,CD4,18,16,38.149707231384795,26.653045221295702,11.496662010089093,0.013625630325097844,0.5,0.4541876775032615
CCR6+ CXCR3+,12wks,BCG,Freq. of Parent,Proliferating,Freq. of Parent: Proliferating,CD4,18,16,9.965184041473393,20.015325278826097,-10.050141237352705,0.013618459734617006,-0.5,0.4541876775032615
CD45RO+ CD27+,12wks,BCG,Freq. of Parent,Proliferating,Freq. of Parent: Proliferating,CD4,18,16,32.13651964141208,26.10844874816086,6.028070893251218,0.16229850132570894,0.2847222222222222,0.7324431883678286
IL-2,12wks,BCG,Freq. of Parent,Proliferating,Freq. of Parent: Proliferating,CD4,18,16,14.645387372429386,11.650124857411743,2.995262515017643,0.8494909099222699,-0.041666666666666664,0.9740140036898293
TNFa,12wks,BCG,Freq. of Parent,Proliferating,Freq. of Parent: Proliferating,CD4,18,16,92.30302796096657,95.29268062874343,-2.989652667776852,0.0700755385933413,-0.3680555555555556,0.610768193287416
PD-1,12wks,BCG,Freq. of Parent,Proliferating,Freq. of Parent: Proliferating,CD4,18,16,4.941591295320784,7.87955116676534,-2.9379598714445567,0.561601381037277,-0.1282051282051282,0.9649828190142322
IL-21,12wks,BCG,Freq. of Parent,Proliferating,Freq. of Parent: Proliferating,CD4,18,16,10.112317372945242,12.770566716354638,-2.6582493434093966,0.033841803075117353,-0.4305555555555556,0.6011686231920323
CCR6- CXCR3-,12wks,BCG,Freq. of Parent,Proliferating,Freq. of Parent: Proliferating,CD4,18,16,53.418684221057276,55.30952134781298,-1.8908371267557058,0.3789494660972779,0.18055555555555555,0.8881628111654951
IL-22,12wks,BCG,Freq. of Parent,Proliferating,Freq. of Parent: Proliferating,CD4,18,16,4.43,2.55,1.88,0.38833111160877387,0.17708333333333334,0.8893078891803982
CCR6+ CXCR3-,12wks,BCG,Freq. of Parent,Proliferating,Freq. of Parent: Proliferating,CD4,18,16,3.8186003728732443,5.215457164452953,-1.396856791579709,0.6168655926757295,-0.10416666666666667,0.9722542905955216
IL-17a,12wks,BCG,Freq. of Parent,Proliferating,Freq. of Parent: Proliferating,CD4,18,16,9.02,9.93,-0.9100000000000001,0.7958091685190174,-0.05555555555555555,0.9740140036898293
HLA-DR+ CD38+,12wks,BCG,Freq. of Parent,Proliferating,Freq. of Parent: Proliferating,CD4,18,16,18.864483709776103,18.163579163913127,0.7009045458629757,0.9587239784368091,0.013888888888888888,0.991783425969113
CD45RO- CD27+,12wks,BCG,Freq. of Parent,Proliferating,Freq. of Parent: Proliferating,CD4,18,16,1.68,1.92,-0.24,0.9175520687753188,0.024305555555555556,0.991783425969113
CD45RO- CD27-,12wks,BCG,Freq. of Parent,Proliferating,Freq. of Parent: Proliferating,CD4,18,16,1.45,1.635,-0.18500000000000005,0.7171395005923142,-0.0763888888888889,0.9740140036898293
TNFa,12wks,BCG,Freq. of Parent,Proliferating,Freq. of Parent: Proliferating,CD8,18,16,43.900000000000006,57.55,-13.649999999999991,0.2926021361788976,-0.2152777777777778,0.8679496205308411
CD45RO+ CD27+,12wks,BCG,Freq. of Parent,Proliferating,Freq. of Parent: Proliferating,CD8,18,16,37.42631422792941,24.807841210572857,12.618473017356553,0.04007790821280216,0.4166666666666667,0.6011686231920323
CD45RO+ CD27-,12wks,BCG,Freq. of Parent,Proliferating,Freq. of Parent: Proliferating,CD8,18,16,27.60103485052283,40.18152322895582,-12.580488378432989,0.05124347369049387,-0.3958333333333333,0.6037329858006826
CCR6+ CXCR3+,12wks,BCG,Freq. of Parent,Proliferating,Freq. of Parent: Proliferating,CD8,18,16,12.65,20.950000000000003,-8.300000000000002,0.12468661770537767,-0.3125,0.6895776240988739
IFNy,12wks,BCG,Freq. of Parent,Proliferating,Freq. of Parent: Proliferating,CD8,18,16,45.45,52.55,-7.099999999999994,0.39792644246181264,-0.1736111111111111,0.8922191600243559
IL-22,12wks,BCG,Freq. of Parent,Proliferating,Freq. of Parent: Proliferating,CD8,18,16,7.65,2.04,5.61,0.05120793605689284,0.3958333333333333,0.6037329858006826
IL-2,12wks,BCG,Freq. of Parent,Proliferating,Freq. of Parent: Proliferating,CD8,18,16,25.1,30.3,-5.199999999999999,0.6537121807875776,-0.09375,0.9740140036898293
HLA-DR+ CD38+,12wks,BCG,Freq. of Parent,Proliferating,Freq. of Parent: Proliferating,CD8,18,16,84.05,79.25,4.799999999999997,0.8225328692566951,-0.04861111111111111,0.9740140036898293
CD107a,12wks,BCG,Freq. of Parent,Proliferating,Freq. of Parent: Proliferating,CD8,18,16,15.420635051349212,19.37349202505977,-3.95285697371056,0.20789684799610966,-0.2569444444444444,0.8206454526162223
CD45RO- CD27-,12wks,BCG,Freq. of Parent,Proliferating,Freq. of Parent: Proliferating,CD8,18,16,0.53,3.33,-2.8,0.3166526333212683,-0.2048611111111111,0.8679496205308411
CCR6+ CXCR3-,12wks,BCG,Freq. of Parent,Proliferating,Freq. of Parent: Proliferating,CD8,18,16,10.91,8.13,2.7799999999999994,0.43752283921405616,0.1597222222222222,0.9080873029693196
CCR6- CXCR3-,12wks,BCG,Freq. of Parent,Proliferating,Freq. of Parent: Proliferating,CD8,18,16,69.45206097505074,66.77135951399447,2.680701461056273,0.3789494660972779,0.18055555555555555,0.8881628111654951
CCR6- CXCR3+,12wks,BCG,Freq. of Parent,Proliferating,Freq. of Parent: Proliferating,CD8,18,16,31.66155383564705,29.04192699865595,2.6196268369911024,0.8225462014338154,0.04861111111111111,0.9740140036898293
IL-17a,12wks,BCG,Freq. of Parent,Proliferating,Freq. of Parent: Proliferating,CD8,18,16,9.955,7.965,1.9900000000000002,0.8766126033208463,0.034722222222222224,0.9740140036898293
PD-1,12wks,BCG,Freq. of Parent,Proliferating,Freq. of Parent: Proliferating,CD8,18,16,7.060465971591179,5.807824246680793,1.2526417249103856,0.22209466284943882,-0.26495726495726496,0.8310731223265971
IL-21,12wks,BCG,Freq. of Parent,Proliferating,Freq. of Parent: Proliferating,CD8,18,16,5.145,4.475,0.6699999999999999,0.9312402076557219,-0.020833333333333332,0.991783425969113
CD45RO- CD27+,12wks,BCG,Freq. of Parent,Proliferating,Freq. of Parent: Proliferating,CD8,18,16,3.9969228093668105,3.825742136224634,0.17118067314217633,0.972473726372992,-0.010416666666666666,0.9957068870713228
CCR6- CXCR3-,12wks,BCG,Freq. of Parent,Proliferating,Freq. of Parent: Proliferating,gd TCR,18,16,59.08313347920414,43.755450460117274,15.32768301908687,0.011212963803094073,0.5138888888888888,0.4541876775032615
TNFa,12wks,BCG,Freq. of Parent,Proliferating,Freq. of Parent: Proliferating,gd TCR,18,16,63.787398400801415,74.31166303788876,-10.524264637087349,0.04007790821280216,-0.4166666666666667,0.6011686231920323
CD107a,12wks,BCG,Freq. of Parent,Proliferating,Freq. of Parent: Proliferating,gd TCR,18,16,51.377975878361234,58.615804792991625,-7.237828914630391,0.0814357591049888,-0.3541666666666667,0.610768193287416
CCR6+ CXCR3+,12wks,BCG,Freq. of Parent,Proliferating,Freq. of Parent: Proliferating,gd TCR,18,16,48.93272357723577,55.15000326173338,-6.217279684497612,0.32543844595354454,-0.2013888888888889,0.8679496205308411
IL-21,12wks,BCG,Freq. of Parent,Proliferating,Freq. of Parent: Proliferating,gd TCR,18,16,7.49494603122467,13.38902139677344,-5.894075365548771,0.0028401105898677947,-0.6041666666666666,0.2706523919523609
IL-17a,12wks,BCG,Freq. of Parent,Proliferating,Freq. of Parent: Proliferating,gd TCR,18,16,16.85,22.45,-5.599999999999998,0.2695110510989393,-0.22569444444444445,0.8679496205308411
HLA-DR+ CD38+,12wks,BCG,Freq. of Parent,Proliferating,Freq. of Parent: Proliferating,gd TCR,18,16,23.789292161738885,19.98026464380579,3.809027517933096,0.704246771069132,0.0798611111111111,0.9740140036898293
PD-1,12wks,BCG,Freq. of Parent,Proliferating,Freq. of Parent: Proliferating,gd TCR,18,16,5.029940596924617,6.933467856680893,-1.9035272597562756,0.10495383866514424,-0.3504273504273504,0.6782335767121216
IFNy,12wks,BCG,Freq. of Parent,Proliferating,Freq. of Parent: Proliferating,gd TCR,18,16,15.557420559453949,13.826670429116849,1.7307501303370998,0.7693097730757659,-0.0625,0.9740140036898293
CCR6- CXCR3+,12wks,BCG,Freq. of Parent,Proliferating,Freq. of Parent: Proliferating,gd TCR,18,16,24.75,23.049999999999997,1.7000000000000028,0.4074467497444558,0.1701388888888889,0.8922191600243559
IL-2,12wks,BCG,Freq. of Parent,Proliferating,Freq. of Parent: Proliferating,gd TCR,18,16,17.1,18.8,-1.6999999999999993,0.7430771478039213,-0.06944444444444445,0.9740140036898293
CCR6+ CXCR3-,12wks,BCG,Freq. of Parent,Proliferating,Freq. of Parent: Proliferating,gd TCR,18,16,2.973655169412961,4.461041540906923,-1.4873863714939617,0.7430771478039213,-0.06944444444444445,0.9740140036898293
IL-22,12wks,BCG,Freq. of Parent,Proliferating,Freq. of Parent: Proliferating,gd TCR,18,16,3.99,4.935,-0.9449999999999994,0.5927593466284073,-0.1111111111111111,0.9722542905955216
CCR6- CXCR3- / CCR4+,12wks,DosR,Freq. of Grandparent,Proliferating,Freq. of Grandparent: Proliferating,CD4,18,15,1.93,3.48,-1.55,0.1379155248197748,-0.3074074074074074,0.6895776240988739
CCR6+ CXCR3- / CD161+,12wks,DosR,Freq. of Parent,CCR6+ CXCR3-,Freq. of Parent: CCR6+ CXCR3-,CD4,18,15,55.24998437102397,46.26756112490732,8.982423246116653,0.23278431124092583,0.24814814814814815,0.8413890767744308
CCR6- CXCR3- / CCR4+,12wks,DosR,Freq. of Parent,CCR6- CXCR3-,Freq. of Parent: CCR6- CXCR3-,CD4,18,15,3.3049999999999997,6.67,-3.365,0.24689245340247146,-0.24074074074074073,0.8542707006818847
CD45RO+ CD27+ / CXCR5+,12wks,DosR,Freq. of Parent,CD45RO+ CD27+,Freq. of Parent: CD45RO+ CD27+,CD4,18,15,1.54,2,-0.45999999999999996,0.8281918670559925,-0.04814814814814815,0.9740140036898293
CD45RO+ CD27-,12wks,DosR,Freq. of Parent,Proliferating,Freq. of Parent: Proliferating,CD4,18,15,26.044085044861745,38.815948780644746,-12.771863735783,0.03004581675294018,-0.44814814814814813,0.6009163350588036
CD45RO+ CD27+,12wks,DosR,Freq. of Parent,Proliferating,Freq. of Parent: Proliferating,CD4,18,15,62.84884439500679,50.9,11.948844395006795,0.0467348372073731,0.4111111111111111,0.6037329858006826
HLA-DR+ CD38+,12wks,DosR,Freq. of Parent,Proliferating,Freq. of Parent: Proliferating,CD4,18,15,6.030002915615728,14.693593895360424,-8.663590979744697,0.11161941146171765,-0.3296296296296296,0.6833841518064345
CCR6- CXCR3+,12wks,DosR,Freq. of Parent,Proliferating,Freq. of Parent: Proliferating,CD4,18,15,16.296886739876367,7.959911150599735,8.336975589276632,0.0249741683735816,0.46296296296296297,0.5763269624672677
TNFa,12wks,DosR,Freq. of Parent,Proliferating,Freq. of Parent: Proliferating,CD4,18,15,84.0921529769673,92.4,-8.307847023032707,0.05531684944860342,-0.3962962962962963,0.6037329858006826
IL-17a,12wks,DosR,Freq. of Parent,Proliferating,Freq. of Parent: Proliferating,CD4,18,15,12.95,19.8,-6.850000000000001,1,0,1
PD-1,12wks,DosR,Freq. of Parent,Proliferating,Freq. of Parent: Proliferating,CD4,18,15,32.36797481834127,37.983866696518035,-5.615891878176768,0.6414166939662467,-0.10648148148148148,0.9740140036898293
IL-21,12wks,DosR,Freq. of Parent,Proliferating,Freq. of Parent: Proliferating,CD4,18,15,10.037279711867079,15.637600757764037,-5.600321045896958,0.0467348372073731,-0.4111111111111111,0.6037329858006826
CCR6+ CXCR3-,12wks,DosR,Freq. of Parent,Proliferating,Freq. of Parent: Proliferating,CD4,18,15,15.083983217417956,20.220059285517834,-5.136076068099879,0.20568017674785308,-0.26296296296296295,0.8206454526162223
CCR6- CXCR3-,12wks,DosR,Freq. of Parent,Proliferating,Freq. of Parent: Proliferating,CD4,18,15,60.24202231925615,63.29238311524459,-3.050360795988439,0.6908225314666179,-0.08518518518518518,0.9740140036898293
IL-2,12wks,DosR,Freq. of Parent,Proliferating,Freq. of Parent: Proliferating,CD4,18,15,9.051037816750023,6.091368356278845,2.9596694604711784,0.49204411549607596,0.14444444444444443,0.9649828190142322
CD45RO- CD27+,12wks,DosR,Freq. of Parent,Proliferating,Freq. of Parent: Proliferating,CD4,18,15,2.276652359855812,4.13,-1.8533476401441877,0.8565201682728483,0.040740740740740744,0.9740140036898293
CCR6+ CXCR3+,12wks,DosR,Freq. of Parent,Proliferating,Freq. of Parent: Proliferating,CD4,18,15,10.714327139394452,9.916084064613493,0.7982430747809595,0.8565320293188863,-0.040740740740740744,0.9740140036898293
CD45RO- CD27-,12wks,DosR,Freq. of Parent,Proliferating,Freq. of Parent: Proliferating,CD4,18,15,0.685,1.46,-0.7749999999999999,0.4583594669044346,-0.15555555555555556,0.9291070275089891
IL-22,12wks,DosR,Freq. of Parent,Proliferating,Freq. of Parent: Proliferating,CD4,18,15,3.33,3.08,0.25,0.7723602613354957,0.06296296296296296,0.9740140036898293
IFNy,12wks,DosR,Freq. of Parent,Proliferating,Freq. of Parent: Proliferating,CD4,18,15,12.45,12.6,-0.15000000000000036,0.842351796929719,-0.044444444444444446,0.9740140036898293
IL-22,12wks,DosR,Freq. of Parent,Proliferating,Freq. of Parent: Proliferating,CD8,18,15,23.35,5.39,17.96,0.062122743028419955,0.3851851851851852,0.6037329858006826
IL-17a,12wks,DosR,Freq. of Parent,Proliferating,Freq. of Parent: Proliferating,CD8,18,15,22.8,13.4,9.4,0.5488925432143914,0.1259259259259259,0.9649828190142322
HLA-DR+ CD38+,12wks,DosR,Freq. of Parent,Proliferating,Freq. of Parent: Proliferating,CD8,18,15,58.849999999999994,67.7,-8.850000000000009,0.44762317172505445,-0.15925925925925927,0.9145205433922193
CD45RO+ CD27+,12wks,DosR,Freq. of Parent,Proliferating,Freq. of Parent: Proliferating,CD8,18,15,57.77924051486059,50.800481579581,6.978758935279586,0.5151460589697516,0.13703703703703704,0.9649828190142322
CD45RO+ CD27-,12wks,DosR,Freq. of Parent,Proliferating,Freq. of Parent: Proliferating,CD8,18,15,7.559553346187199,13.793389425300118,-6.233836079112919,0.3113340610241303,-0.2111111111111111,0.8679496205308411
CCR6+ CXCR3+,12wks,DosR,Freq. of Parent,Proliferating,Freq. of Parent: Proliferating,CD8,18,15,19.049999999999997,13.9,5.149999999999997,0.5629066444249688,0.12222222222222222,0.9649828190142322
CCR6- CXCR3+,12wks,DosR,Freq. of Parent,Proliferating,Freq. of Parent: Proliferating,CD8,18,15,15.44447987201108,10.344709560849342,5.099770311161738,0.14305046161891927,0.3037037037037037,0.7035268604209144
CD107a,12wks,DosR,Freq. of Parent,Proliferating,Freq. of Parent: Proliferating,CD8,18,15,6.838508316026237,11.511624432419799,-4.673116116393562,0.07643659961514977,-0.36666666666666664,0.610768193287416
TNFa,12wks,DosR,Freq. of Parent,Proliferating,Freq. of Parent: Proliferating,CD8,18,15,44.150000000000006,47.5,-3.3499999999999943,0.8565320293188863,-0.040740740740740744,0.9740140036898293
CCR6- CXCR3-,12wks,DosR,Freq. of Parent,Proliferating,Freq. of Parent: Proliferating,CD8,18,15,70.02823636144839,72.60590915745937,-2.5776727960109724,0.34716086336995433,-0.1962962962962963,0.8767680436899846
CD45RO- CD27+,12wks,DosR,Freq. of Parent,Proliferating,Freq. of Parent: Proliferating,CD8,18,15,7.075932488423103,4.549999999999999,2.525932488423104,0.7163919067318274,0.07777777777777778,0.9740140036898293
IL-2,12wks,DosR,Freq. of Parent,Proliferating,Freq. of Parent: Proliferating,CD8,18,15,33.25,30.9,2.3500000000000014,0.6906999385535015,0.08518518518518518,0.9740140036898293
PD-1,12wks,DosR,Freq. of Parent,Proliferating,Freq. of Parent: Proliferating,CD8,18,15,31.212223211265133,33.434879901224235,-2.222656689959102,0.7994735307539116,-0.06018518518518518,0.9740140036898293
IL-21,12wks,DosR,Freq. of Parent,Proliferating,Freq. of Parent: Proliferating,CD8,18,15,6.005000000000001,7.09,-1.084999999999999,1,0.003703703703703704,1
IFNy,12wks,DosR,Freq. of Parent,Proliferating,Freq. of Parent: Proliferating,CD8,18,15,9.11,8.18,0.9299999999999997,0.5384213269777123,-0.12962962962962962,0.9649828190142322
CCR6+ CXCR3-,12wks,DosR,Freq. of Parent,Proliferating,Freq. of Parent: Proliferating,CD8,18,15,17.05,17.6,-0.5500000000000007,0.7861260737752738,-0.05925925925925926,0.9740140036898293
CD45RO- CD27-,12wks,DosR,Freq. of Parent,Proliferating,Freq. of Parent: Proliferating,CD8,18,15,0,0.48,-0.48,0.28622451277709865,-0.2037037037037037,0.8679496205308411
IL-21,12wks,DosR,Freq. of Parent,Proliferating,Freq. of Parent: Proliferating,gd TCR,18,15,15.868997446020089,28.96588234564025,-13.09688489962016,0.0170126401377815,-0.4925925925925926,0.5103792041334451
TNFa,12wks,DosR,Freq. of Parent,Proliferating,Freq. of Parent: Proliferating,gd TCR,18,15,57.31542392220422,69.73635845291268,-12.420934530708465,0.08923808232644757,-0.35185185185185186,0.6374148737603399
CCR6- CXCR3-,12wks,DosR,Freq. of Parent,Proliferating,Freq. of Parent: Proliferating,gd TCR,18,15,49.32297778230279,40.396456761971585,8.926521020331208,0.11999413811485164,0.32222222222222224,0.6895776240988739
CCR6+ CXCR3+,12wks,DosR,Freq. of Parent,Proliferating,Freq. of Parent: Proliferating,gd TCR,18,15,59.91783172724935,53.656353515222335,6.261478212027015,0.34716086336995433,0.1962962962962963,0.8767680436899846
PD-1,12wks,DosR,Freq. of Parent,Proliferating,Freq. of Parent: Proliferating,gd TCR,18,15,16.96290378548794,23.123786290357437,-6.160882504869498,0.11722946594320396,-0.3472222222222222,0.6895776240988739
IL-17a,12wks,DosR,Freq. of Parent,Proliferating,Freq. of Parent: Proliferating,gd TCR,18,15,26.65,30.3,-3.650000000000002,0.5151460589697516,-0.13703703703703704,0.9649828190142322
HLA-DR+ CD38+,12wks,DosR,Freq. of Parent,Proliferating,Freq. of Parent: Proliferating,gd TCR,18,15,10.727100977779013,8.118586545530837,2.6085144322481764,0.7723787612596136,0.06296296296296296,0.9740140036898293
CD107a,12wks,DosR,Freq. of Parent,Proliferating,Freq. of Parent: Proliferating,gd TCR,18,15,39.45967939092809,42.03830553505536,-2.57862614412727,0.3564719553964093,-0.1925925925925926,0.8767680436899846
CCR6+ CXCR3-,12wks,DosR,Freq. of Parent,Proliferating,Freq. of Parent: Proliferating,gd TCR,18,15,3.8920334590578802,6.2113478820286545,-2.3193144229707743,0.12882114742277964,-0.3148148148148148,0.6895776240988739
CCR6- CXCR3+,12wks,DosR,Freq. of Parent,Proliferating,Freq. of Parent: Proliferating,gd TCR,18,15,20.15,21.7,-1.5500000000000007,0.7723232479553062,0.06296296296296296,0.9740140036898293
IL-2,12wks,DosR,Freq. of Parent,Proliferating,Freq. of Parent: Proliferating,gd TCR,18,15,15.3,14.4,0.9000000000000004,0.8000221239390546,0.05555555555555555,0.9740140036898293
IFNy,12wks,DosR,Freq. of Parent,Proliferating,Freq. of Parent: Proliferating,gd TCR,18,15,2.80685977532719,2.9891474368043025,-0.18228766147711228,0.5629066444249688,-0.12222222222222222,0.9649828190142322
IL-22,12wks,DosR,Freq. of Parent,Proliferating,Freq. of Parent: Proliferating,gd TCR,18,15,5.33,5.46,-0.1299999999999999,0.27799536400423036,-0.22592592592592592,0.8679496205308411
CCR6- CXCR3- / CCR4+,12wks,MED,Freq. of Grandparent,Proliferating,Freq. of Grandparent: Proliferating,CD4,18,16,0.9199999999999999,0.8200000000000001,0.09999999999999987,0.767209452582247,0.0625,0.9740140036898293
CCR6+ CXCR3- / CD161+,12wks,MED,Freq. of Parent,CCR6+ CXCR3-,Freq. of Parent: CCR6+ CXCR3-,CD4,18,16,36.798140476784795,33.90497378802955,2.893166688755244,0.6896289190580192,0.08333333333333333,0.9740140036898293
CCR6- CXCR3- / CCR4+,12wks,MED,Freq. of Parent,CCR6- CXCR3-,Freq. of Parent: CCR6- CXCR3-,CD4,18,16,1.585,1.275,0.31000000000000005,0.7672270462996145,0.0625,0.9740140036898293
CD45RO+ CD27+ / CXCR5+,12wks,MED,Freq. of Parent,CD45RO+ CD27+,Freq. of Parent: CD45RO+ CD27+,CD4,18,16,0.73,0.21,0.52,0.37281760940873526,0.18055555555555555,0.8881628111654951
CD45RO+ CD27+,12wks,MED,Freq. of Parent,Proliferating,Freq. of Parent: Proliferating,CD4,18,16,63.54195350147067,52.29068727378625,11.251266227684425,0.2847618688539276,0.21875,0.8679496205308411
CCR6- CXCR3+,12wks,MED,Freq. of Parent,Proliferating,Freq. of Parent: Proliferating,CD4,18,16,21.461225311602092,10.887812781151062,10.57341253045103,0.13787411314145037,0.3020833333333333,0.6895776240988739
TNFa,12wks,MED,Freq. of Parent,Proliferating,Freq. of Parent: Proliferating,CD4,18,16,79.60970474423614,89.20582123943358,-9.596116495197435,0.019860588142717982,-0.4722222222222222,0.5416524038923086
CD45RO+ CD27-,12wks,MED,Freq. of Parent,Proliferating,Freq. of Parent: Proliferating,CD4,18,16,14.681192132861272,22.35160566092648,-7.670413528065209,0.24773850319774657,-0.2361111111111111,0.8542707006818847
PD-1,12wks,MED,Freq. of Parent,Proliferating,Freq. of Parent: Proliferating,CD4,18,16,32.00813020183837,39.51216105806055,-7.50403085622218,0.25390608913775575,-0.24786324786324787,0.8655889402423492
IL-21,12wks,MED,Freq. of Parent,Proliferating,Freq. of Parent: Proliferating,CD4,18,16,4.715509131133498,9.959671291857376,-5.244162160723878,0.1560646552953459,-0.2881944444444444,0.731174511033237
HLA-DR+ CD38+,12wks,MED,Freq. of Parent,Proliferating,Freq. of Parent: Proliferating,CD4,18,16,7.033373954342363,11.395197879569366,-4.361823925227004,0.3250685586750427,-0.2013888888888889,0.8679496205308411
CCR6+ CXCR3+,12wks,MED,Freq. of Parent,Proliferating,Freq. of Parent: Proliferating,CD4,18,16,7.147805663526849,11.192638614662286,-4.044832951135437,0.10851737227393946,-0.3263888888888889,0.6782335767121216
IFNy,12wks,MED,Freq. of Parent,Proliferating,Freq. of Parent: Proliferating,CD4,18,16,9.92,13.95,-4.029999999999999,0.23949069548101637,-0.23958333333333334,0.845261278168293
CCR6- CXCR3-,12wks,MED,Freq. of Parent,Proliferating,Freq. of Parent: Proliferating,CD4,18,16,71.32409222391638,67.74374354243055,3.5803486814858303,0.6168655926757295,0.10416666666666667,0.9722542905955216
IL-22,12wks,MED,Freq. of Parent,Proliferating,Freq. of Parent: Proliferating,CD4,18,16,3.795,0.83,2.965,0.1063273253100775,0.3263888888888889,0.6782335767121216
IL-2,12wks,MED,Freq. of Parent,Proliferating,Freq. of Parent: Proliferating,CD4,18,16,7.586758832904307,9.948352710013253,-2.3615938771089464,0.8225328692566951,-0.04861111111111111,0.9740140036898293
CD45RO- CD27+,12wks,MED,Freq. of Parent,Proliferating,Freq. of Parent: Proliferating,CD4,18,16,6.085,3.94,2.145,0.9587208276420677,0.013888888888888888,0.991783425969113
CD45RO- CD27-,12wks,MED,Freq. of Parent,Proliferating,Freq. of Parent: Proliferating,CD4,18,16,0.97,2.71,-1.74,0.7298912092551075,-0.07291666666666667,0.9740140036898293
CCR6+ CXCR3-,12wks,MED,Freq. of Parent,Proliferating,Freq. of Parent: Proliferating,CD4,18,16,9.624527533239599,10.100000000000001,-0.47547246676040267,0.6788221327495201,-0.08680555555555555,0.9740140036898293
IL-17a,12wks,MED,Freq. of Parent,Proliferating,Freq. of Parent: Proliferating,CD4,18,16,8.27,8.7,-0.4299999999999997,0.8359327081146772,0.04513888888888889,0.9740140036898293
IL-22,12wks,MED,Freq. of Parent,Proliferating,Freq. of Parent: Proliferating,CD8,18,16,20.85,2.07,18.78,0.013093790180925522,0.4965277777777778,0.4541876775032615
IL-2,12wks,MED,Freq. of Parent,Proliferating,Freq. of Parent: Proliferating,CD8,18,16,16.1,34.1,-18,0.41675219588528545,-0.16666666666666666,0.8994651709754362
TNFa,12wks,MED,Freq. of Parent,Proliferating,Freq. of Parent: Proliferating,CD8,18,16,21.85,35.25,-13.399999999999999,0.0623572958455415,-0.3784722222222222,0.6037329858006826
PD-1,12wks,MED,Freq. of Parent,Proliferating,Freq. of Parent: Proliferating,CD8,18,16,20.240151565299982,31.45820238843495,-11.21805082313497,0.5088719288204664,-0.1452991452991453,0.9649828190142322
CD45RO- CD27+,12wks,MED,Freq. of Parent,Proliferating,Freq. of Parent: Proliferating,CD8,18,16,19.039340913564367,8.914036732302641,10.125304181261725,0.397204261474057,0.1736111111111111,0.8922191600243559
CCR6- CXCR3+,12wks,MED,Freq. of Parent,Proliferating,Freq. of Parent: Proliferating,CD8,18,16,22.985157253767753,14.97774297618526,8.007414277582493,0.17278919963195016,0.2777777777777778,0.750522286717952
CD45RO+ CD27-,12wks,MED,Freq. of Parent,Proliferating,Freq. of Parent: Proliferating,CD8,18,16,2.4787629455565736,9.7013528752247,-7.222589929668127,0.03513042629510548,-0.4236111111111111,0.6011686231920323
IFNy,12wks,MED,Freq. of Parent,Proliferating,Freq. of Parent: Proliferating,CD8,18,16,7.470000000000001,11.405000000000001,-3.9350000000000005,0.6024345858365313,-0.1076388888888889,0.9722542905955216
IL-17a,12wks,MED,Freq. of Parent,Proliferating,Freq. of Parent: Proliferating,CD8,18,16,0.955,3.715,-2.76,0.40407793682831594,-0.16666666666666666,0.8922191600243559
CCR6+ CXCR3+,12wks,MED,Freq. of Parent,Proliferating,Freq. of Parent: Proliferating,CD8,18,16,9.55,7.09,2.460000000000001,0.3769003477316947,0.18055555555555555,0.8881628111654951
IL-21,12wks,MED,Freq. of Parent,Proliferating,Freq. of Parent: Proliferating,CD8,18,16,2.385,4.14,-1.755,0.8461326210132682,0.041666666666666664,0.9740140036898293
CCR6+ CXCR3-,12wks,MED,Freq. of Parent,Proliferating,Freq. of Parent: Proliferating,CD8,18,16,9.715,11.4,-1.6850000000000005,0.8764063747214794,0.034722222222222224,0.9740140036898293
CCR6- CXCR3-,12wks,MED,Freq. of Parent,Proliferating,Freq. of Parent: Proliferating,CD8,18,16,81.94163906881252,83.36486200140394,-1.4232229325914147,0.5691202813049092,-0.11805555555555555,0.9683388512776504
HLA-DR+ CD38+,12wks,MED,Freq. of Parent,Proliferating,Freq. of Parent: Proliferating,CD8,18,16,49.099999999999994,47.85,1.249999999999993,0.9448327126163627,0.017361111111111112,0.991783425969113
CD45RO+ CD27+,12wks,MED,Freq. of Parent,Proliferating,Freq. of Parent: Proliferating,CD8,18,16,54.312128844749395,55.54843425003648,-1.2363054052870837,0.5344046443384847,0.1284722222222222,0.9649828190142322
CD107a,12wks,MED,Freq. of Parent,Proliferating,Freq. of Parent: Proliferating,CD8,18,16,8.3494627274081,9.069012290467285,-0.7195495630591839,0.931077095143533,-0.020833333333333332,0.991783425969113
CD45RO- CD27-,12wks,MED,Freq. of Parent,Proliferating,Freq. of Parent: Proliferating,CD8,18,16,0.52,0,0.52,0.07893167293248202,0.3298611111111111,0.610768193287416
TNFa,12wks,MED,Freq. of Parent,Proliferating,Freq. of Parent: Proliferating,gd TCR,18,16,47.289303733602424,57.66493796198816,-10.375634228385735,0.20789684799610966,-0.2569444444444444,0.8206454526162223
CCR6+ CXCR3+,12wks,MED,Freq. of Parent,Proliferating,Freq. of Parent: Proliferating,gd TCR,18,16,57.69116859608384,48.43574237573454,9.2554262203493,0.09424681096710077,0.3402777777777778,0.657535890468145
CCR6- CXCR3-,12wks,MED,Freq. of Parent,Proliferating,Freq. of Parent: Proliferating,gd TCR,18,16,59.57949651872305,51.6514587913086,7.9280377274144485,0.2771016672693847,0.2222222222222222,0.8679496205308411
PD-1,12wks,MED,Freq. of Parent,Proliferating,Freq. of Parent: Proliferating,gd TCR,18,16,16.593919164153654,23.57181631033571,-6.977897146182055,0.1552768292694485,-0.3076923076923077,0.731174511033237
HLA-DR+ CD38+,12wks,MED,Freq. of Parent,Proliferating,Freq. of Parent: Proliferating,gd TCR,18,16,11.920867944241387,5.493588897799188,6.427279046442199,0.43755785090384186,0.1597222222222222,0.9080873029693196
IL-21,12wks,MED,Freq. of Parent,Proliferating,Freq. of Parent: Proliferating,gd TCR,18,16,6.17577310033593,11.51364774378146,-5.33787464344553,0.28350761875071945,-0.21875,0.8679496205308411
IL-2,12wks,MED,Freq. of Parent,Proliferating,Freq. of Parent: Proliferating,gd TCR,18,16,16.35,12.7,3.650000000000002,0.48978792009960037,0.1423611111111111,0.9649828190142322
IL-17a,12wks,MED,Freq. of Parent,Proliferating,Freq. of Parent: Proliferating,gd TCR,18,16,25.8,22.55,3.25,0.9724716237978683,0.010416666666666666,0.9957068870713228
IL-22,12wks,MED,Freq. of Parent,Proliferating,Freq. of Parent: Proliferating,gd TCR,18,16,3.305,6.085,-2.78,0.40636822422414215,-0.1701388888888889,0.8922191600243559
CCR6- CXCR3+,12wks,MED,Freq. of Parent,Proliferating,Freq. of Parent: Proliferating,gd TCR,18,16,21.7,23.799999999999997,-2.099999999999998,0.6914569379832356,0.08333333333333333,0.9740140036898293
CD107a,12wks,MED,Freq. of Parent,Proliferating,Freq. of Parent: Proliferating,gd TCR,18,16,48.8270155947406,50.72980984229619,-1.9027942475555903,0.641286335844099,-0.09722222222222222,0.9740140036898293
CCR6+ CXCR3-,12wks,MED,Freq. of Parent,Proliferating,Freq. of Parent: Proliferating,gd TCR,18,16,1.3385861814114315,3.167840798391703,-1.8292546169802715,0.08013248157931599,-0.3541666666666667,0.610768193287416
IFNy,12wks,MED,Freq. of Parent,Proliferating,Freq. of Parent: Proliferating,gd TCR,18,16,1.8742851448533133,2.3437996264992,-0.4695144816458865,0.22715998676926988,-0.2465277777777778,0.8310731223265971
CCR6- CXCR3- / CCR4+,44wks,BCG,Freq. of Grandparent,Proliferating,Freq. of Grandparent: Proliferating,CD4,18,15,1.39,2.14,-0.7500000000000002,0.9566774494985006,0.014814814814814815,0.991783425969113
CCR6+ CXCR3- / CD161+,44wks,BCG,Freq. of Parent,CCR6+ CXCR3-,Freq. of Parent: CCR6+ CXCR3-,CD4,18,15,55.30998950333766,42.753023024681134,12.556966478656527,0.6254835936164522,0.1037037037037037,0.9722542905955216
CCR6- CXCR3- / CCR4+,44wks,BCG,Freq. of Parent,CCR6- CXCR3-,Freq. of Parent: CCR6- CXCR3-,CD4,18,15,3.975,4.44,-0.4650000000000003,0.9278588088061953,0.022222222222222223,0.991783425969113
CD45RO+ CD27+ / CXCR5+,44wks,BCG,Freq. of Parent,CD45RO+ CD27+,Freq. of Parent: CD45RO+ CD27+,CD4,18,15,3.3363743172403675,0.9,2.4363743172403676,0.003391961188797218,0.6037037037037037,0.2706523919523609
CD45RO+ CD27-,44wks,BCG,Freq. of Parent,Proliferating,Freq. of Parent: Proliferating,CD4,18,15,50.959244129556126,69.55400721020521,-18.594763080649088,0.057677443816419115,-0.3925925925925926,0.6037329858006826
CCR6- CXCR3+,44wks,BCG,Freq. of Parent,Proliferating,Freq. of Parent: Proliferating,CD4,18,15,29.287113063245037,19.893661540744592,9.393451522500445,0.013263201735826246,0.5111111111111111,0.4541876775032615
CD45RO+ CD27+,44wks,BCG,Freq. of Parent,Proliferating,Freq. of Parent: Proliferating,CD4,18,15,33.54006522677332,26.784423582747046,6.7556416440262765,0.06787566899069793,0.37777777777777777,0.610768193287416
HLA-DR+ CD38+,44wks,BCG,Freq. of Parent,Proliferating,Freq. of Parent: Proliferating,CD4,18,15,16.466793919221743,23.14964400075664,-6.682850081534898,0.385467214941573,-0.1814814814814815,0.8893078891803982
IFNy,44wks,BCG,Freq. of Parent,Proliferating,Freq. of Parent: Proliferating,CD4,18,15,43.5,49,-5.5,0.6127068720667891,-0.10740740740740741,0.9722542905955216
CCR6- CXCR3-,44wks,BCG,Freq. of Parent,Proliferating,Freq. of Parent: Proliferating,CD4,18,15,58.19351436676989,63.420137249918305,-5.226622883148416,0.7862656133328395,-0.05925925925925926,0.9740140036898293
IL-21,44wks,BCG,Freq. of Parent,Proliferating,Freq. of Parent: Proliferating,CD4,18,15,12.786525641833906,17.032665333517006,-4.2461396916831,0.08923808232644757,-0.35185185185185186,0.6374148737603399
IL-2,44wks,BCG,Freq. of Parent,Proliferating,Freq. of Parent: Proliferating,CD4,18,15,14.679433877362797,10.52477903372043,4.154654843642367,0.21889261426237736,0.25555555555555554,0.8310731223265971
CCR6+ CXCR3+,44wks,BCG,Freq. of Parent,Proliferating,Freq. of Parent: Proliferating,CD4,18,15,10.232971241994225,13.635218457866474,-3.402247215872249,0.11577768575893195,-0.32592592592592595,0.6895776240988739
IL-17a,44wks,BCG,Freq. of Parent,Proliferating,Freq. of Parent: Proliferating,CD4,18,15,13,15,-2,0.7862656133328395,-0.05925925925925926,0.9740140036898293
PD-1,44wks,BCG,Freq. of Parent,Proliferating,Freq. of Parent: Proliferating,CD4,18,15,5.5571417663030225,7.502904891294108,-1.9457631249910854,0.7189415662041223,-0.08333333333333333,0.9740140036898293
CD45RO- CD27-,44wks,BCG,Freq. of Parent,Proliferating,Freq. of Parent: Proliferating,CD4,18,15,0.775,2.37,-1.5950000000000002,0.17512186690085546,-0.2814814814814815,0.750522286717952
CCR6+ CXCR3-,44wks,BCG,Freq. of Parent,Proliferating,Freq. of Parent: Proliferating,CD4,18,15,7.4554519294464745,8.450306748466259,-0.9948548190197846,0.9567498363337371,0.014814814814814815,0.991783425969113
IL-22,44wks,BCG,Freq. of Parent,Proliferating,Freq. of Parent: Proliferating,CD4,18,15,6.5649999999999995,6.09,0.47499999999999964,0.6251654423110287,0.1037037037037037,0.9722542905955216
TNFa,44wks,BCG,Freq. of Parent,Proliferating,Freq. of Parent: Proliferating,CD4,18,15,94.64012126445925,94.38261666039679,0.25750460406246134,0.8707563451116445,0.037037037037037035,0.9740140036898293
CD45RO- CD27+,44wks,BCG,Freq. of Parent,Proliferating,Freq. of Parent: Proliferating,CD4,18,15,1.495,1.6165321521078122,-0.1215321521078121,0.7311560905877214,0.07407407407407407,0.9740140036898293
CD45RO+ CD27+,44wks,BCG,Freq. of Parent,Proliferating,Freq. of Parent: Proliferating,CD8,18,15,43.27834460277499,29.207591565857477,14.070753036917516,0.12439356089523336,0.31851851851851853,0.6895776240988739
CCR6- CXCR3+,44wks,BCG,Freq. of Parent,Proliferating,Freq. of Parent: Proliferating,CD8,18,15,31.824142767531043,19.526314155858554,12.29782861167249,0.02167364004559555,0.4740740740740741,0.5418410011398888
HLA-DR+ CD38+,44wks,BCG,Freq. of Parent,Proliferating,Freq. of Parent: Proliferating,CD8,18,15,76.45,86.4,-9.950000000000003,0.8423127702779677,-0.044444444444444446,0.9740140036898293
CD45RO+ CD27-,44wks,BCG,Freq. of Parent,Proliferating,Freq. of Parent: Proliferating,CD8,18,15,22.742933832547905,31.21133665073657,-8.468402818188665,0.20568017674785308,-0.26296296296296295,0.8206454526162223
IL-22,44wks,BCG,Freq. of Parent,Proliferating,Freq. of Parent: Proliferating,CD8,18,15,9.045,1.72,7.325,0.05723904837370381,0.3925925925925926,0.6037329858006826
IL-2,44wks,BCG,Freq. of Parent,Proliferating,Freq. of Parent: Proliferating,CD8,18,15,30.1,23.9,6.200000000000003,0.5386252265251064,0.12962962962962962,0.9649828190142322
TNFa,44wks,BCG,Freq. of Parent,Proliferating,Freq. of Parent: Proliferating,CD8,18,15,48.5,44.5,4,0.8707563451116445,-0.037037037037037035,0.9740140036898293
CD107a,44wks,BCG,Freq. of Parent,Proliferating,Freq. of Parent: Proliferating,CD8,18,15,16.869873826976868,19.99797286033408,-3.1280990333572127,0.6127068720667891,-0.10740740740740741,0.9722542905955216
CCR6- CXCR3-,44wks,BCG,Freq. of Parent,Proliferating,Freq. of Parent: Proliferating,CD8,18,15,78.54947117960458,75.47233553233671,3.077135647267866,0.6254835936164522,0.1037037037037037,0.9722542905955216
IFNy,44wks,BCG,Freq. of Parent,Proliferating,Freq. of Parent: Proliferating,CD8,18,15,42.35,44.6,-2.25,0.5501013304956603,-0.1259259259259259,0.9649828190142322
CD45RO- CD27+,44wks,BCG,Freq. of Parent,Proliferating,Freq. of Parent: Proliferating,CD8,18,15,5.458344045182862,7.541342547819722,-2.08299850263686,0.5034364253288792,-0.14074074074074075,0.9649828190142322
CCR6+ CXCR3+,44wks,BCG,Freq. of Parent,Proliferating,Freq. of Parent: Proliferating,CD8,18,15,14.350000000000001,12.4,1.950000000000001,0.7312424804715353,-0.07407407407407407,0.9740140036898293
CD45RO- CD27-,44wks,BCG,Freq. of Parent,Proliferating,Freq. of Parent: Proliferating,CD8,18,15,0.64,2.43,-1.79,0.2929530829212551,-0.21851851851851853,0.8679496205308411
IL-21,44wks,BCG,Freq. of Parent,Proliferating,Freq. of Parent: Proliferating,CD8,18,15,5.215,3.91,1.3049999999999997,0.5265748583805316,0.13333333333333333,0.9649828190142322
IL-17a,44wks,BCG,Freq. of Parent,Proliferating,Freq. of Parent: Proliferating,CD8,18,15,6.695,6.07,0.625,0.9423454664347283,-0.018518518518518517,0.991783425969113
CCR6+ CXCR3-,44wks,BCG,Freq. of Parent,Proliferating,Freq. of Parent: Proliferating,CD8,18,15,7.375,7.75,-0.375,0.8000385070606499,0.05555555555555555,0.9740140036898293
PD-1,44wks,BCG,Freq. of Parent,Proliferating,Freq. of Parent: Proliferating,CD8,18,15,4.8318250931621485,5.111054280584344,-0.27922918742219593,0.9831108090957801,-0.009259259259259259,0.9995623123363329
CCR6- CXCR3-,44wks,BCG,Freq. of Parent,Proliferating,Freq. of Parent: Proliferating,gd TCR,18,15,61.61852598439464,50.39212889238504,11.226397092009599,0.0036086985593648123,0.6,0.2706523919523609
CD107a,44wks,BCG,Freq. of Parent,Proliferating,Freq. of Parent: Proliferating,gd TCR,18,15,57.16612335810585,63.03335266094879,-5.867229302842944,0.5508020125828832,-0.1259259259259259,0.9649828190142322
IL-17a,44wks,BCG,Freq. of Parent,Proliferating,Freq. of Parent: Proliferating,gd TCR,18,15,15.7,21,-5.300000000000001,0.3565523377672604,-0.1925925925925926,0.8767680436899846
IL-2,44wks,BCG,Freq. of Parent,Proliferating,Freq. of Parent: Proliferating,gd TCR,18,15,18.5,13.5,5,0.5626126654397419,0.12222222222222222,0.9649828190142322
CCR6+ CXCR3+,44wks,BCG,Freq. of Parent,Proliferating,Freq. of Parent: Proliferating,gd TCR,18,15,49.342998655765044,54.061183475995534,-4.718184820230491,0.3565523377672604,-0.1925925925925926,0.8767680436899846
HLA-DR+ CD38+,44wks,BCG,Freq. of Parent,Proliferating,Freq. of Parent: Proliferating,gd TCR,18,15,36.139814631268365,31.67034456696236,4.469470064306005,0.7041742392385834,0.08148148148148149,0.9740140036898293
TNFa,44wks,BCG,Freq. of Parent,Proliferating,Freq. of Parent: Proliferating,gd TCR,18,15,79.29440518062198,75.859874563321,3.434530617300979,0.5508020125828832,-0.1259259259259259,0.9649828190142322
IL-22,44wks,BCG,Freq. of Parent,Proliferating,Freq. of Parent: Proliferating,gd TCR,18,15,6.175,9.07,-2.8950000000000005,0.42594847884542913,-0.16666666666666666,0.9062733592455939
IL-21,44wks,BCG,Freq. of Parent,Proliferating,Freq. of Parent: Proliferating,gd TCR,18,15,8.868414541023576,11.582041058246679,-2.713626517223103,0.3028130413278165,-0.21481481481481482,0.8679496205308411
IFNy,44wks,BCG,Freq. of Parent,Proliferating,Freq. of Parent: Proliferating,gd TCR,18,15,17.071110632088057,14.715276712577428,2.35583391951063,0.3113340610241303,0.2111111111111111,0.8679496205308411
CCR6- CXCR3+,44wks,BCG,Freq. of Parent,Proliferating,Freq. of Parent: Proliferating,gd TCR,18,15,21.6,19.6,2,0.6000142167374147,0.1111111111111111,0.9722542905955216
PD-1,44wks,BCG,Freq. of Parent,Proliferating,Freq. of Parent: Proliferating,gd TCR,18,15,4.9707546516143974,6.517488165759696,-1.5467335141452985,0.2996577066366915,-0.23148148148148148,0.8679496205308411
CCR6+ CXCR3-,44wks,BCG,Freq. of Parent,Proliferating,Freq. of Parent: Proliferating,gd TCR,18,15,4.325216638640197,5.735553874704422,-1.4103372360642252,0.3200940659979503,-0.2074074074074074,0.8679496205308411
CCR6- CXCR3- / CCR4+,44wks,DosR,Freq. of Grandparent,Proliferating,Freq. of Grandparent: Proliferating,CD4,17,14,0.87,3.385,-2.5149999999999997,0.23893774419115865,-0.25210084033613445,0.845261278168293
CCR6+ CXCR3- / CD161+,44wks,DosR,Freq. of Parent,CCR6+ CXCR3-,Freq. of Parent: CCR6+ CXCR3-,CD4,17,14,57.387096914366175,48.773152309093554,8.613944605272621,0.4386780168323751,0.16806722689075632,0.9080873029693196
CCR6- CXCR3- / CCR4+,44wks,DosR,Freq. of Parent,CCR6- CXCR3-,Freq. of Parent: CCR6- CXCR3-,CD4,17,14,1.37,7.1,-5.7299999999999995,0.3280027343758614,-0.21008403361344538,0.8679496205308411
CD45RO+ CD27+ / CXCR5+,44wks,DosR,Freq. of Parent,CD45RO+ CD27+,Freq. of Parent: CD45RO+ CD27+,CD4,17,14,4.358837151848236,0.65,3.7088371518482357,0.02911772788335658,0.46218487394957986,0.6009163350588036
CD45RO+ CD27+,44wks,DosR,Freq. of Parent,Proliferating,Freq. of Parent: Proliferating,CD4,17,14,56.101401699592415,39.06991175676082,17.0314899428316,0.17085858498744166,0.29411764705882354,0.750522286717952
CD45RO+ CD27-,44wks,DosR,Freq. of Parent,Proliferating,Freq. of Parent: Proliferating,CD4,17,14,17.22388083998047,32.15149440641176,-14.927613566431287,0.12645617291148628,-0.3277310924369748,0.6895776240988739
PD-1,44wks,DosR,Freq. of Parent,Proliferating,Freq. of Parent: Proliferating,CD4,17,14,39.278712509144114,33.3,5.978712509144117,0.7066767530379054,0.09090909090909091,0.9740140036898293
IFNy,44wks,DosR,Freq. of Parent,Proliferating,Freq. of Parent: Proliferating,CD4,17,14,21.2,15.35,5.85,0.7505803077276965,0.07142857142857142,0.9740140036898293
HLA-DR+ CD38+,44wks,DosR,Freq. of Parent,Proliferating,Freq. of Parent: Proliferating,CD4,17,14,10.947901019554788,6.1151964491292,4.832704570425588,0.7061030154647306,0.08403361344537816,0.9740140036898293
CCR6- CXCR3+,44wks,DosR,Freq. of Parent,Proliferating,Freq. of Parent: Proliferating,CD4,17,14,13.212241759368434,9.51750760422258,3.694734155145854,0.037145970915289345,0.44537815126050423,0.6011686231920323
CD45RO- CD27+,44wks,DosR,Freq. of Parent,Proliferating,Freq. of Parent: Proliferating,CD4,17,14,1.64,5.208937462336346,-3.568937462336346,0.9209194814089228,-0.025210084033613446,0.991783425969113
CCR6+ CXCR3+,44wks,DosR,Freq. of Parent,Proliferating,Freq. of Parent: Proliferating,CD4,17,14,8.642907920095093,12.112196045808455,-3.469288125713362,0.04943005441174923,-0.42016806722689076,0.6037329858006826
IL-2,44wks,DosR,Freq. of Parent,Proliferating,Freq. of Parent: Proliferating,CD4,17,14,9.759999999999998,6.6025497546720855,3.1574502453279125,0.3508674887936985,0.20168067226890757,0.8767680436899846
CCR6- CXCR3-,44wks,DosR,Freq. of Parent,Proliferating,Freq. of Parent: Proliferating,CD4,17,14,66.2344362518063,63.077682060303694,3.156754191502607,0.9841653411945137,-0.008403361344537815,0.9995623123363329
IL-22,44wks,DosR,Freq. of Parent,Proliferating,Freq. of Parent: Proliferating,CD4,17,14,5.27,3.52,1.7499999999999996,0.3298208558017196,0.21008403361344538,0.8679496205308411
CCR6+ CXCR3-,44wks,DosR,Freq. of Parent,Proliferating,Freq. of Parent: Proliferating,CD4,17,14,17.190914688376544,18.386753900158787,-1.1958392117822427,0.8271640841882486,-0.05042016806722689,0.9740140036898293
CD45RO- CD27-,44wks,DosR,Freq. of Parent,Proliferating,Freq. of Parent: Proliferating,CD4,17,14,0.53,1.67,-1.14,0.2748193966139823,-0.23529411764705882,0.8679496205308411
IL-21,44wks,DosR,Freq. of Parent,Proliferating,Freq. of Parent: Proliferating,CD4,17,14,16.108293743918495,15.005917394581505,1.1023763493369891,0.8581764013474082,-0.04201680672268908,0.9740140036898293
IL-17a,44wks,DosR,Freq. of Parent,Proliferating,Freq. of Parent: Proliferating,CD4,17,14,19.3,20,-0.6999999999999993,0.9525209600525544,0.01680672268907563,0.991783425969113
TNFa,44wks,DosR,Freq. of Parent,Proliferating,Freq. of Parent: Proliferating,CD4,17,14,89.09876870619435,89.79839367735337,-0.6996249711590252,0.9209512705693832,-0.025210084033613446,0.991783425969113
HLA-DR+ CD38+,44wks,DosR,Freq. of Parent,Proliferating,Freq. of Parent: Proliferating,CD8,17,14,53.5,69,-15.5,0.857892418267971,0.04201680672268908,0.9740140036898293
TNFa,44wks,DosR,Freq. of Parent,Proliferating,Freq. of Parent: Proliferating,CD8,17,14,42.1,50.5,-8.399999999999999,0.32078023718379306,-0.21428571428571427,0.8679496205308411
CD107a,44wks,DosR,Freq. of Parent,Proliferating,Freq. of Parent: Proliferating,CD8,17,14,5.182438498832824,13.159837096309015,-7.977398597476191,0.06758301520440059,-0.3907563025210084,0.610768193287416
IL-2,44wks,DosR,Freq. of Parent,Proliferating,Freq. of Parent: Proliferating,CD8,17,14,25.3,33.05,-7.7499999999999964,0.8113606722936393,-0.0546218487394958,0.9740140036898293
CD45RO+ CD27+,44wks,DosR,Freq. of Parent,Proliferating,Freq. of Parent: Proliferating,CD8,17,14,66.85875429131927,59.29338363875637,7.565370652562905,0.9683305360849932,-0.012605042016806723,0.9957068870713228
IL-22,44wks,DosR,Freq. of Parent,Proliferating,Freq. of Parent: Proliferating,CD8,17,14,9.84,4.03,5.81,0.3690764747960416,0.19327731092436976,0.8881628111654951
IL-17a,44wks,DosR,Freq. of Parent,Proliferating,Freq. of Parent: Proliferating,CD8,17,14,10.1,15.4,-5.300000000000001,0.22489550038244122,-0.2605042016806723,0.8310731223265971
CD45RO+ CD27-,44wks,DosR,Freq. of Parent,Proliferating,Freq. of Parent: Proliferating,CD8,17,14,4.281348490441774,8.10927031695373,-3.8279218265119557,0.44811506626218744,-0.1638655462184874,0.9145205433922193
CCR6- CXCR3-,44wks,DosR,Freq. of Parent,Proliferating,Freq. of Parent: Proliferating,CD8,17,14,74.16451446280992,77.95721107138317,-3.7926966085732516,0.6058008075332412,-0.1134453781512605,0.9722542905955216
CCR6- CXCR3+,44wks,DosR,Freq. of Parent,Proliferating,Freq. of Parent: Proliferating,CD8,17,14,16.1193225829167,14.308731896925615,1.8105906859910839,0.5382189687548514,0.13445378151260504,0.9649828190142322
IFNy,44wks,DosR,Freq. of Parent,Proliferating,Freq. of Parent: Proliferating,CD8,17,14,15.7,13.95,1.75,0.9522509640852521,0.01680672268907563,0.991783425969113
PD-1,44wks,DosR,Freq. of Parent,Proliferating,Freq. of Parent: Proliferating,CD8,17,14,33.3,31.82819986310746,1.4718001368925364,0.5099432388870304,-0.15508021390374332,0.9649828190142322
IL-21,44wks,DosR,Freq. of Parent,Proliferating,Freq. of Parent: Proliferating,CD8,17,14,6.03,6.915,-0.8849999999999998,0.6596609949893171,-0.09663865546218488,0.9740140036898293
CD45RO- CD27+,44wks,DosR,Freq. of Parent,Proliferating,Freq. of Parent: Proliferating,CD8,17,14,7.972938788490638,8.673691893536752,-0.7007531050461138,0.7639788795373232,0.06722689075630252,0.9740140036898293
CD45RO- CD27-,44wks,DosR,Freq. of Parent,Proliferating,Freq. of Parent: Proliferating,CD8,17,14,0.42,0,0.42,0.5215424957466105,0.13025210084033614,0.9649828190142322
CCR6+ CXCR3+,44wks,DosR,Freq. of Parent,Proliferating,Freq. of Parent: Proliferating,CD8,17,14,13.4,13.25,0.15000000000000036,0.8734009920687374,-0.037815126050420166,0.9740140036898293
CCR6+ CXCR3-,44wks,DosR,Freq. of Parent,Proliferating,Freq. of Parent: Proliferating,CD8,17,14,16.2,16.25,-0.05000000000000071,0.6476779229385209,0.10084033613445378,0.9740140036898293
CCR6- CXCR3-,44wks,DosR,Freq. of Parent,Proliferating,Freq. of Parent: Proliferating,gd TCR,17,14,50,39.92682018597988,10.073179814020122,0.07733005368665566,0.37815126050420167,0.610768193287416
TNFa,44wks,DosR,Freq. of Parent,Proliferating,Freq. of Parent: Proliferating,gd TCR,17,14,65.47000672494957,73.91672513200521,-8.446718407055641,0.6058008075332412,-0.1134453781512605,0.9722542905955216
IL-17a,44wks,DosR,Freq. of Parent,Proliferating,Freq. of Parent: Proliferating,gd TCR,17,14,22.4,30.45,-8.05,0.6768326043999054,-0.09243697478991597,0.9740140036898293
CCR6+ CXCR3+,44wks,DosR,Freq. of Parent,Proliferating,Freq. of Parent: Proliferating,gd TCR,17,14,65.72931531132284,57.84762202415937,7.881693287163465,0.4389088631018378,0.16806722689075632,0.9080873029693196
IL-21,44wks,DosR,Freq. of Parent,Proliferating,Freq. of Parent: Proliferating,gd TCR,17,14,23.35236035410936,31.190962721941506,-7.838602367832145,0.07721064531763074,-0.37815126050420167,0.610768193287416
PD-1,44wks,DosR,Freq. of Parent,Proliferating,Freq. of Parent: Proliferating,gd TCR,17,14,22.409857302146104,27.05251243853473,-4.642655136388626,0.4238924803456354,-0.18716577540106952,0.9062733592455939
CD107a,44wks,DosR,Freq. of Parent,Proliferating,Freq. of Parent: Proliferating,gd TCR,17,14,46.30507267027643,50.710806502126545,-4.405733831850114,0.7659271287306254,-0.06722689075630252,0.9740140036898293
HLA-DR+ CD38+,44wks,DosR,Freq. of Parent,Proliferating,Freq. of Parent: Proliferating,gd TCR,17,14,11.026306247712826,7.224091117681786,3.8022151300310405,0.22578655420708346,0.2605042016806723,0.8310731223265971
CCR6- CXCR3+,44wks,DosR,Freq. of Parent,Proliferating,Freq. of Parent: Proliferating,gd TCR,17,14,22.1,19.05,3.0500000000000007,0.5123694996766228,0.14285714285714285,0.9649828190142322
IL-22,44wks,DosR,Freq. of Parent,Proliferating,Freq. of Parent: Proliferating,gd TCR,17,14,6.74,9.36,-2.619999999999999,0.8265606425227978,-0.05042016806722689,0.9740140036898293
CCR6+ CXCR3-,44wks,DosR,Freq. of Parent,Proliferating,Freq. of Parent: Proliferating,gd TCR,17,14,3.8791779767802,6.416328638767254,-2.537150661987054,0.29235999786998007,-0.226890756302521,0.8679496205308411
IL-2,44wks,DosR,Freq. of Parent,Proliferating,Freq. of Parent: Proliferating,gd TCR,17,14,17.6,15.45,2.150000000000002,0.9207919401690562,0.025210084033613446,0.991783425969113
IFNy,44wks,DosR,Freq. of Parent,Proliferating,Freq. of Parent: Proliferating,gd TCR,17,14,4.643075929613087,4.9818597106238425,-0.3387837810107559,0.6196278785841915,-0.1092436974789916,0.9722542905955216
CCR6- CXCR3- / CCR4+,44wks,MED,Freq. of Grandparent,Proliferating,Freq. of Grandparent: Proliferating,CD4,18,15,1.4,2.63,-1.23,0.5713199222538138,-0.11851851851851852,0.9683388512776504
CCR6+ CXCR3- / CD161+,44wks,MED,Freq. of Parent,CCR6+ CXCR3-,Freq. of Parent: CCR6+ CXCR3-,CD4,18,15,30.35344120295312,34.02221040575917,-3.668769202806047,1,0,1
CCR6- CXCR3- / CCR4+,44wks,MED,Freq. of Parent,CCR6- CXCR3-,Freq. of Parent: CCR6- CXCR3-,CD4,18,15,2.395,6.25,-3.855,0.674473694853758,-0.08888888888888889,0.9740140036898293
CD45RO+ CD27+ / CXCR5+,44wks,MED,Freq. of Parent,CD45RO+ CD27+,Freq. of Parent: CD45RO+ CD27+,CD4,18,15,2.1441312238426438,0.66,1.4841312238426436,0.3866508364045249,0.17777777777777778,0.8893078891803982
PD-1,44wks,MED,Freq. of Parent,Proliferating,Freq. of Parent: Proliferating,CD4,18,15,41.87528702117477,21.14450945320489,20.73077756796988,0.6720174115879946,0.09722222222222222,0.9740140036898293
TNFa,44wks,MED,Freq. of Parent,Proliferating,Freq. of Parent: Proliferating,CD4,18,15,72.31241732599975,88.60198026516564,-16.28956293916589,0.3564719553964093,-0.1925925925925926,0.8767680436899846
IFNy,44wks,MED,Freq. of Parent,Proliferating,Freq. of Parent: Proliferating,CD4,18,15,17.1,3.57,13.530000000000001,0.13547037791737884,0.3074074074074074,0.6895776240988739
CCR6- CXCR3+,44wks,MED,Freq. of Parent,Proliferating,Freq. of Parent: Proliferating,CD4,18,15,20.565149943330297,8.005012711683,12.560137231647298,0.003199710315913477,0.6074074074074074,0.2706523919523609
CD45RO+ CD27+,44wks,MED,Freq. of Parent,Proliferating,Freq. of Parent: Proliferating,CD4,18,15,60.54494949494949,50,10.544949494949492,0.2861639071174893,0.2222222222222222,0.8679496205308411
CCR6+ CXCR3-,44wks,MED,Freq. of Parent,Proliferating,Freq. of Parent: Proliferating,CD4,18,15,6.7322763426400005,14.004226044226051,-7.271949701586051,0.06238574186607053,-0.3851851851851852,0.6037329858006826
CD45RO+ CD27-,44wks,MED,Freq. of Parent,Proliferating,Freq. of Parent: Proliferating,CD4,18,15,15.678244550664829,21.6729963428861,-5.9947517922212725,0.6127068720667891,-0.10740740740740741,0.9722542905955216
HLA-DR+ CD38+,44wks,MED,Freq. of Parent,Proliferating,Freq. of Parent: Proliferating,CD4,18,15,7.965449713456411,3.8412301992343405,4.12421951422207,0.1581775037617188,0.29259259259259257,0.731174511033237
CCR6- CXCR3-,44wks,MED,Freq. of Parent,Proliferating,Freq. of Parent: Proliferating,CD4,18,15,63.86620154922539,67.87198198665352,-4.005780437428136,0.9567498363337371,0.014814814814814815,0.991783425969113
CD45RO- CD27-,44wks,MED,Freq. of Parent,Proliferating,Freq. of Parent: Proliferating,CD4,18,15,1.0750000000000002,4.55,-3.4749999999999996,0.4042362038837241,-0.17407407407407408,0.8922191600243559
CD45RO- CD27+,44wks,MED,Freq. of Parent,Proliferating,Freq. of Parent: Proliferating,CD4,18,15,0.99,4.32,-3.33,0.6641258678375257,-0.09259259259259259,0.9740140036898293
IL-17a,44wks,MED,Freq. of Parent,Proliferating,Freq. of Parent: Proliferating,CD4,18,15,9.59,7.09,2.5,0.6251943985757975,0.1037037037037037,0.9722542905955216
CCR6+ CXCR3+,44wks,MED,Freq. of Parent,Proliferating,Freq. of Parent: Proliferating,CD4,18,15,8.65391870754005,10.395779963293375,-1.7418612557533244,0.5151460589697516,-0.13703703703703704,0.9649828190142322
IL-2,44wks,MED,Freq. of Parent,Proliferating,Freq. of Parent: Proliferating,CD4,18,15,5.771567391424101,6.932319416640127,-1.1607520252160262,0.6906017592792406,0.08518518518518518,0.9740140036898293
IL-22,44wks,MED,Freq. of Parent,Proliferating,Freq. of Parent: Proliferating,CD4,18,15,0.9299999999999999,0.58,0.35,0.2960154229000632,0.21481481481481482,0.8679496205308411
IL-21,44wks,MED,Freq. of Parent,Proliferating,Freq. of Parent: Proliferating,CD4,18,15,6.672069327771558,6.412714692602764,0.2593546351687941,0.7574993009202531,-0.06666666666666667,0.9740140036898293
IL-22,44wks,MED,Freq. of Parent,Proliferating,Freq. of Parent: Proliferating,CD8,18,15,19.35,2.08,17.270000000000003,0.1066967398280734,0.3296296296296296,0.6782335767121216
CCR6- CXCR3-,44wks,MED,Freq. of Parent,Proliferating,Freq. of Parent: Proliferating,CD8,18,15,70.12404837781207,85.73872391560558,-15.614675537793502,0.22504411421984366,-0.2518518518518518,0.8310731223265971
CCR6+ CXCR3+,44wks,MED,Freq. of Parent,Proliferating,Freq. of Parent: Proliferating,CD8,18,15,16.35,5.65,10.700000000000001,0.10666663461699263,0.3296296296296296,0.6782335767121216
HLA-DR+ CD38+,44wks,MED,Freq. of Parent,Proliferating,Freq. of Parent: Proliferating,CD8,18,15,49.9,41.7,8.199999999999996,0.9564396577578385,0.014814814814814815,0.991783425969113
CD45RO+ CD27+,44wks,MED,Freq. of Parent,Proliferating,Freq. of Parent: Proliferating,CD8,18,15,50.671417747649244,56.83174684190377,-6.160329094254529,0.8991344974567764,0.02962962962962963,0.988059887315139
CD107a,44wks,MED,Freq. of Parent,Proliferating,Freq. of Parent: Proliferating,CD8,18,15,4.5504320065968304,9.289508437270728,-4.739076430673897,0.41456950133438736,-0.17037037037037037,0.8994651709754362
CCR6+ CXCR3-,44wks,MED,Freq. of Parent,Proliferating,Freq. of Parent: Proliferating,CD8,18,15,7.33,10.4,-3.0700000000000003,0.19093218527071146,-0.27037037037037037,0.8028619994349568
CCR6- CXCR3+,44wks,MED,Freq. of Parent,Proliferating,Freq. of Parent: Proliferating,CD8,18,15,18.27996704587839,15.559444565521963,2.7205224803564274,0.2678937069409134,0.22962962962962963,0.8679496205308411
IFNy,44wks,MED,Freq. of Parent,Proliferating,Freq. of Parent: Proliferating,CD8,18,15,7.82,10.4,-2.58,0.6490054490396195,-0.0962962962962963,0.9740140036898293
TNFa,44wks,MED,Freq. of Parent,Proliferating,Freq. of Parent: Proliferating,CD8,18,15,21.049999999999997,23.1,-2.0500000000000043,0.5028286835167712,-0.14074074074074075,0.9649828190142322
IL-17a,44wks,MED,Freq. of Parent,Proliferating,Freq. of Parent: Proliferating,CD8,18,15,0.765,2.56,-1.795,0.6972220328772647,-0.08148148148148149,0.9740140036898293
CD45RO+ CD27-,44wks,MED,Freq. of Parent,Proliferating,Freq. of Parent: Proliferating,CD8,18,15,2.696648870689234,3.935876816575591,-1.2392279458863569,0.868953112656311,-0.037037037037037035,0.9740140036898293
CD45RO- CD27+,44wks,MED,Freq. of Parent,Proliferating,Freq. of Parent: Proliferating,CD8,18,15,3.0191583054909756,2.4655444901831345,0.5536138153078412,0.8401884081621221,-0.044444444444444446,0.9740140036898293
IL-21,44wks,MED,Freq. of Parent,Proliferating,Freq. of Parent: Proliferating,CD8,18,15,1.315,1.59,-0.27500000000000013,0.8813614624715317,0.03333333333333333,0.9756768957249429
IL-2,44wks,MED,Freq. of Parent,Proliferating,Freq. of Parent: Proliferating,CD8,18,15,12.7,12.5,0.1999999999999993,0.8558512181655163,0.040740740740740744,0.9740140036898293
PD-1,44wks,MED,Freq. of Parent,Proliferating,Freq. of Parent: Proliferating,CD8,18,15,22.67261245148846,22.75799795381393,-0.08538550232546882,0.7818590580486955,0.06481481481481481,0.9740140036898293
CD45RO- CD27-,44wks,MED,Freq. of Parent,Proliferating,Freq. of Parent: Proliferating,CD8,18,15,0,0,0,0.7670743200403105,-0.05925925925925926,0.9740140036898293
CCR6- CXCR3-,44wks,MED,Freq. of Parent,Proliferating,Freq. of Parent: Proliferating,gd TCR,18,15,56.6176238462328,49.82938063023591,6.788243215996893,0.5387610105955793,0.12962962962962962,0.9649828190142322
IL-17a,44wks,MED,Freq. of Parent,Proliferating,Freq. of Parent: Proliferating,gd TCR,18,15,24.35,17.6,6.75,1,0.003703703703703704,1
HLA-DR+ CD38+,44wks,MED,Freq. of Parent,Proliferating,Freq. of Parent: Proliferating,gd TCR,18,15,12.511574697196455,5.987398605875134,6.524176091321321,0.8849055666764646,0.03333333333333333,0.9759987867755124
IL-22,44wks,MED,Freq. of Parent,Proliferating,Freq. of Parent: Proliferating,gd TCR,18,15,4.635,10.5,-5.865,0.19268687986438962,-0.27037037037037037,0.8028619994349568
CD107a,44wks,MED,Freq. of Parent,Proliferating,Freq. of Parent: Proliferating,gd TCR,18,15,44.803865832982986,40.9878692439476,3.815996589035386,0.8141415338205565,0.05185185185185185,0.9740140036898293
IL-21,44wks,MED,Freq. of Parent,Proliferating,Freq. of Parent: Proliferating,gd TCR,18,15,11.813141393526443,8.09750869061414,3.7156327029123037,0.8701527099863415,0.037037037037037035,0.9740140036898293
IL-2,44wks,MED,Freq. of Parent,Proliferating,Freq. of Parent: Proliferating,gd TCR,18,15,11.8,8.67,3.130000000000001,0.4683136810646905,0.15185185185185185,0.9429134518081018
CCR6+ CXCR3+,44wks,MED,Freq. of Parent,Proliferating,Freq. of Parent: Proliferating,gd TCR,18,15,54.82157953281424,51.97950988467874,2.8420696481354994,0.3200940659979503,0.2074074074074074,0.8679496205308411
TNFa,44wks,MED,Freq. of Parent,Proliferating,Freq. of Parent: Proliferating,gd TCR,18,15,50.73559824424755,51.99230834488024,-1.256710100632695,0.49168186149409643,-0.14444444444444443,0.9649828190142322
CCR6- CXCR3+,44wks,MED,Freq. of Parent,Proliferating,Freq. of Parent: Proliferating,gd TCR,18,15,22.6,21.4,1.2000000000000028,0.15842114405720137,0.29259259259259257,0.731174511033237
PD-1,44wks,MED,Freq. of Parent,Proliferating,Freq. of Parent: Proliferating,gd TCR,18,15,23.092757332760236,21.99892452486648,1.0938328078937545,0.8157900049086413,-0.05555555555555555,0.9740140036898293
IFNy,44wks,MED,Freq. of Parent,Proliferating,Freq. of Parent: Proliferating,gd TCR,18,15,2.518413546889815,1.9218935877827439,0.5965199591070711,0.3020037456269998,0.21481481481481482,0.8679496205308411
CCR6+ CXCR3-,44wks,MED,Freq. of Parent,Proliferating,Freq. of Parent: Proliferating,gd TCR,18,15,1.918731582454571,2.2112878452662246,-0.2925562628116536,0.16357897873548174,-0.28888888888888886,0.7324431883678286
