Readout,Condition,Metric,DenominatorGate,DenominatorLabel,LineageGate,n,k,kw_stat,kw_p,kw_p_adj
CCR6- CXCR3- / CCR4+,BCG,Freq. of Grandparent,Proliferating,Freq. of Grandparent: Proliferating,CD4,21,3,4.801034463372133,0.09067104322220851,0.41214110555549327
CCR6+ CXCR3- / CD161+,BCG,Freq. of Parent,CCR6+ CXCR3-,Freq. of Parent: CCR6+ CXCR3-,CD4,21,3,1.2773373812334796,0.5279948808848396,0.8030431038403912
CCR6- CXCR3- / CCR4+,BCG,Freq. of Parent,CCR6- CXCR3-,Freq. of Parent: CCR6- CXCR3-,CD4,21,3,3.350536908978455,0.18725790250914753,0.5751957676132273
CD45RO+ CD27+ / CXCR5+,BCG,Freq. of Parent,CD45RO+ CD27+,Freq. of Parent: CD45RO+ CD27+,CD4,21,3,1.7637600494743424,0.41400384211156394,0.7089106885471985
CCR6- CXCR3+,BCG,Freq. of Parent,Proliferating,Freq. of Parent: Proliferating,CD4,21,3,16.36363636363636,2.7969294491888826e-4,0.06992323622972206
CCR6+ CXCR3-,BCG,Freq. of Parent,Proliferating,Freq. of Parent: Proliferating,CD4,21,3,6.636532298869966,0.0362155697352351,0.3015598705273417
TNFa,BCG,Freq. of Parent,Proliferating,Freq. of Parent: Proliferating,CD4,21,3,6.175071681565186,0.04561421672428716,0.3302047291323308
IFNy,BCG,Freq. of Parent,Proliferating,Freq. of Parent: Proliferating,CD4,21,3,6.148310563894967,0.04622866207852631,0.3302047291323308
CCR6+ CXCR3+,BCG,Freq. of Parent,Proliferating,Freq. of Parent: Proliferating,CD4,21,3,4.638893573958512,0.0983279668723389,0.4238274434152539
CCR6- CXCR3-,BCG,Freq. of Parent,Proliferating,Freq. of Parent: Proliferating,CD4,21,3,2.8566930904593164,0.23970493602804194,0.6179504048808382
IL-22,BCG,Freq. of Parent,Proliferating,Freq. of Parent: Proliferating,CD4,21,3,2.1928374655647502,0.3340653211631764,0.6773353180409958
PD-1,BCG,Freq. of Parent,Proliferating,Freq. of Parent: Proliferating,CD4,17,3,2.128151260504204,0.3450466580907983,0.6773353180409958
CD45RO- CD27-,BCG,Freq. of Parent,Proliferating,Freq. of Parent: Proliferating,CD4,21,3,1.8634689979719155,0.3938699505228614,0.6993204888045936
IL-21,BCG,Freq. of Parent,Proliferating,Freq. of Parent: Proliferating,CD4,21,3,1.1687187271602824,0.5574628784636919,0.8159728820599405
IL-2,BCG,Freq. of Parent,Proliferating,Freq. of Parent: Proliferating,CD4,21,3,0.9847851953115117,0.6111623778093094,0.8512636672413784
HLA-DR+ CD38+,BCG,Freq. of Parent,Proliferating,Freq. of Parent: Proliferating,CD4,21,3,0.7346938775510239,0.6925693242051966,0.8836447769050888
IL-17a,BCG,Freq. of Parent,Proliferating,Freq. of Parent: Proliferating,CD4,21,3,0.6075795549479661,0.7380159977312589,0.9205483444267946
CD45RO- CD27+,BCG,Freq. of Parent,Proliferating,Freq. of Parent: Proliferating,CD4,21,3,0.28155394389160904,0.8686830307805374,0.9696514431691373
CD45RO+ CD27+,BCG,Freq. of Parent,Proliferating,Freq. of Parent: Proliferating,CD4,21,3,0.16349018946421268,0.9215068257049303,0.9710992725092099
CD45RO+ CD27-,BCG,Freq. of Parent,Proliferating,Freq. of Parent: Proliferating,CD4,21,3,0.14864788890761815,0.9283709045188047,0.9710992725092099
CCR6- CXCR3+,BCG,Freq. of Parent,Proliferating,Freq. of Parent: Proliferating,CD8,21,3,10.431663574520726,0.005429915063387599,0.18011817915382627
CD107a,BCG,Freq. of Parent,Proliferating,Freq. of Parent: Proliferating,CD8,21,3,5.225389329285434,0.07333665956347843,0.37907641334623837
CCR6+ CXCR3-,BCG,Freq. of Parent,Proliferating,Freq. of Parent: Proliferating,CD8,21,3,4.479380268853955,0.10649149731613908,0.4324769107290041
TNFa,BCG,Freq. of Parent,Proliferating,Freq. of Parent: Proliferating,CD8,21,3,3.7661213245628744,0.15212379295270018,0.5139317329483114
IL-17a,BCG,Freq. of Parent,Proliferating,Freq. of Parent: Proliferating,CD8,21,3,3.220329454095676,0.19985468989040484,0.5751957676132273
IL-2,BCG,Freq. of Parent,Proliferating,Freq. of Parent: Proliferating,CD8,21,3,2.378366222522061,0.30446988052364193,0.6773353180409958
CD45RO- CD27-,BCG,Freq. of Parent,Proliferating,Freq. of Parent: Proliferating,CD8,21,3,2.2852304723649755,0.3189837122805516,0.6773353180409958
CCR6+ CXCR3+,BCG,Freq. of Parent,Proliferating,Freq. of Parent: Proliferating,CD8,21,3,2.145387080452025,0.34208585335340147,0.6773353180409958
CD45RO- CD27+,BCG,Freq. of Parent,Proliferating,Freq. of Parent: Proliferating,CD8,21,3,2.1037836622252115,0.3492763518131678,0.6773353180409958
CCR6- CXCR3-,BCG,Freq. of Parent,Proliferating,Freq. of Parent: Proliferating,CD8,21,3,1.9106088716478382,0.3846950117813081,0.6993204888045936
IL-21,BCG,Freq. of Parent,Proliferating,Freq. of Parent: Proliferating,CD8,21,3,1.4977230561646024,0.4729046350338423,0.7727199918853632
IFNy,BCG,Freq. of Parent,Proliferating,Freq. of Parent: Proliferating,CD8,21,3,1.2874571316129817,0.5253300402527441,0.8030431038403912
HLA-DR+ CD38+,BCG,Freq. of Parent,Proliferating,Freq. of Parent: Proliferating,CD8,21,3,0.8480350818013136,0.6544124028252356,0.8702292590761112
CD45RO+ CD27+,BCG,Freq. of Parent,Proliferating,Freq. of Parent: Proliferating,CD8,21,3,0.8050823635239226,0.6686188034587768,0.8751555019093936
PD-1,BCG,Freq. of Parent,Proliferating,Freq. of Parent: Proliferating,CD8,17,3,0.787114845938369,0.6746525759104754,0.8784538748834315
IL-22,BCG,Freq. of Parent,Proliferating,Freq. of Parent: Proliferating,CD8,21,3,0.27548209366391063,0.8713242947207473,0.9696514431691373
CD45RO+ CD27-,BCG,Freq. of Parent,Proliferating,Freq. of Parent: Proliferating,CD8,21,3,0.23837634227243143,0.8876407566762702,0.9696514431691373
IL-2,BCG,Freq. of Parent,Proliferating,Freq. of Parent: Proliferating,gd TCR,21,3,7.116433350199571,0.02848958562657697,0.2967337485407783
CCR6+ CXCR3-,BCG,Freq. of Parent,Proliferating,Freq. of Parent: Proliferating,gd TCR,21,3,6.586158430314271,0.03713931320977253,0.3015598705273417
IL-21,BCG,Freq. of Parent,Proliferating,Freq. of Parent: Proliferating,gd TCR,21,3,6.509023444088385,0.038599663427499736,0.3015598705273417
CCR6- CXCR3-,BCG,Freq. of Parent,Proliferating,Freq. of Parent: Proliferating,gd TCR,21,3,4.805082363523923,0.09048771514341865,0.41214110555549327
IL-22,BCG,Freq. of Parent,Proliferating,Freq. of Parent: Proliferating,gd TCR,21,3,4.805082363523923,0.09048771514341865,0.41214110555549327
TNFa,BCG,Freq. of Parent,Proliferating,Freq. of Parent: Proliferating,gd TCR,21,3,4.687693259121829,0.09595781323563264,0.4208676019106695
CD107a,BCG,Freq. of Parent,Proliferating,Freq. of Parent: Proliferating,gd TCR,21,3,3.827514476865133,0.1475250571816361,0.5114766207496915
IL-17a,BCG,Freq. of Parent,Proliferating,Freq. of Parent: Proliferating,gd TCR,21,3,1.9007140046101085,0.38660298065993304,0.6993204888045936
PD-1,BCG,Freq. of Parent,Proliferating,Freq. of Parent: Proliferating,gd TCR,17,3,1.7170868347338981,0.423778901973162,0.720712418321704
IFNy,BCG,Freq. of Parent,Proliferating,Freq. of Parent: Proliferating,gd TCR,21,3,1.2368583797155281,0.5387901101948689,0.8030431038403912
CCR6+ CXCR3+,BCG,Freq. of Parent,Proliferating,Freq. of Parent: Proliferating,gd TCR,21,3,1.0175971214932247,0.6012174713403117,0.8491772194072199
CCR6- CXCR3+,BCG,Freq. of Parent,Proliferating,Freq. of Parent: Proliferating,gd TCR,21,3,0.20127059088098065,0.90426276150756,0.9696514431691373
HLA-DR+ CD38+,BCG,Freq. of Parent,Proliferating,Freq. of Parent: Proliferating,gd TCR,21,3,0.0798335863270978,0.9608693867280971,0.9724599833745559
CCR6- CXCR3- / CCR4+,DosR,Freq. of Grandparent,Proliferating,Freq. of Grandparent: Proliferating,CD4,35,3,0.9679945054944881,0.6163148950827579,0.8512636672413784
CCR6+ CXCR3- / CD161+,DosR,Freq. of Parent,CCR6+ CXCR3-,Freq. of Parent: CCR6+ CXCR3-,CD4,35,3,3.4874847374847207,0.17486476613427612,0.5629755478110727
CCR6- CXCR3- / CCR4+,DosR,Freq. of Parent,CCR6- CXCR3-,Freq. of Parent: CCR6- CXCR3-,CD4,35,3,2.2685259014226706,0.3216591126066777,0.6773353180409958
CD45RO+ CD27+ / CXCR5+,DosR,Freq. of Parent,CD45RO+ CD27+,Freq. of Parent: CD45RO+ CD27+,CD4,35,3,8.119803283516681,0.01725071578197601,0.26001542117791526
CCR6- CXCR3+,DosR,Freq. of Parent,Proliferating,Freq. of Parent: Proliferating,CD4,35,3,13.698153235653223,0.001060434427211298,0.11210715154876716
TNFa,DosR,Freq. of Parent,Proliferating,Freq. of Parent: Proliferating,CD4,35,3,4.2255799755799615,0.12090018540892555,0.47976264051160933
IL-17a,DosR,Freq. of Parent,Proliferating,Freq. of Parent: Proliferating,CD4,35,3,3.3846935146669113,0.18408700914908185,0.5751957676132273
CCR6+ CXCR3-,DosR,Freq. of Parent,Proliferating,Freq. of Parent: Proliferating,CD4,35,3,2.9384462759462764,0.23010417496483795,0.6179504048808382
IL-21,DosR,Freq. of Parent,Proliferating,Freq. of Parent: Proliferating,CD4,35,3,2.9064102564102683,0.2338196638134552,0.6179504048808382
PD-1,DosR,Freq. of Parent,Proliferating,Freq. of Parent: Proliferating,CD4,29,3,2.508908045977009,0.2852315355811082,0.6727158858045005
HLA-DR+ CD38+,DosR,Freq. of Parent,Proliferating,Freq. of Parent: Proliferating,CD4,35,3,2.294490231990224,0.31751026959381584,0.6773353180409958
IFNy,DosR,Freq. of Parent,Proliferating,Freq. of Parent: Proliferating,CD4,35,3,2.0907690152682497,0.3515566171834605,0.6773353180409958
CCR6- CXCR3-,DosR,Freq. of Parent,Proliferating,Freq. of Parent: Proliferating,CD4,35,3,1.9079975579975752,0.3851976194942285,0.6993204888045936
CD45RO+ CD27-,DosR,Freq. of Parent,Proliferating,Freq. of Parent: Proliferating,CD4,35,3,1.8218406593406797,0.40215393946530087,0.6993204888045936
CD45RO+ CD27+,DosR,Freq. of Parent,Proliferating,Freq. of Parent: Proliferating,CD4,35,3,1.8047466422466556,0.4056058835066643,0.6993204888045936
CCR6+ CXCR3+,DosR,Freq. of Parent,Proliferating,Freq. of Parent: Proliferating,CD4,35,3,1.476373626373615,0.47797979694621284,0.775941228808787
CD45RO- CD27+,DosR,Freq. of Parent,Proliferating,Freq. of Parent: Proliferating,CD4,35,3,1.3757764421952858,0.5026364060311953,0.7886211896509159
IL-22,DosR,Freq. of Parent,Proliferating,Freq. of Parent: Proliferating,CD4,35,3,0.8623878923766874,0.6497328853375152,0.8686268520555016
IL-2,DosR,Freq. of Parent,Proliferating,Freq. of Parent: Proliferating,CD4,35,3,0.7659188034187991,0.6818405802861077,0.878660541605809
CD45RO- CD27-,DosR,Freq. of Parent,Proliferating,Freq. of Parent: Proliferating,CD4,35,3,0.08169195516929897,0.9599769765342692,0.9724599833745559
CCR6- CXCR3+,DosR,Freq. of Parent,Proliferating,Freq. of Parent: Proliferating,CD8,35,3,6.213553113553104,0.0447449559517355,0.3302047291323308
CCR6+ CXCR3-,DosR,Freq. of Parent,Proliferating,Freq. of Parent: Proliferating,CD8,35,3,3.802909757166297,0.1493511732589099,0.5114766207496915
CD45RO+ CD27-,DosR,Freq. of Parent,Proliferating,Freq. of Parent: Proliferating,CD8,35,3,3.0394230769230717,0.21877498601999493,0.6077082944999859
TNFa,DosR,Freq. of Parent,Proliferating,Freq. of Parent: Proliferating,CD8,35,3,2.8603021978021843,0.23927276566026076,0.6179504048808382
HLA-DR+ CD38+,DosR,Freq. of Parent,Proliferating,Freq. of Parent: Proliferating,CD8,35,3,2.1850129839343855,0.3353748250245639,0.6773353180409958
IL-21,DosR,Freq. of Parent,Proliferating,Freq. of Parent: Proliferating,CD8,35,3,2.148059616283676,0.34162904028340624,0.6773353180409958
CD45RO- CD27-,DosR,Freq. of Parent,Proliferating,Freq. of Parent: Proliferating,CD8,35,3,2.142515723976387,0.34257733128619455,0.6773353180409958
CD107a,DosR,Freq. of Parent,Proliferating,Freq. of Parent: Proliferating,CD8,35,3,2.0965659340659215,0.35053911990178027,0.6773353180409958
IL-17a,DosR,Freq. of Parent,Proliferating,Freq. of Parent: Proliferating,CD8,35,3,1.9640873015872984,0.3745448772377485,0.6993204888045936
IL-2,DosR,Freq. of Parent,Proliferating,Freq. of Parent: Proliferating,CD8,35,3,1.9338368038714764,0.38025302144313944,0.6993204888045936
CCR6+ CXCR3+,DosR,Freq. of Parent,Proliferating,Freq. of Parent: Proliferating,CD8,35,3,1.6205449391766802,0.4447368724403274,0.7428414331795132
IL-22,DosR,Freq. of Parent,Proliferating,Freq. of Parent: Proliferating,CD8,35,3,1.616196590200999,0.4457048599077079,0.7428414331795132
IFNy,DosR,Freq. of Parent,Proliferating,Freq. of Parent: Proliferating,CD8,35,3,1.5176717603867973,0.4682111637683811,0.7700841509348373
CD45RO- CD27+,DosR,Freq. of Parent,Proliferating,Freq. of Parent: Proliferating,CD8,35,3,0.5138397932117202,0.7734301656655372,0.9339702676716158
CD45RO+ CD27+,DosR,Freq. of Parent,Proliferating,Freq. of Parent: Proliferating,CD8,35,3,0.2640415140415229,0.8763228050399304,0.9696514431691373
CCR6- CXCR3-,DosR,Freq. of Parent,Proliferating,Freq. of Parent: Proliferating,CD8,35,3,0.18533272283271174,0.9114975603252633,0.9696514431691373
PD-1,DosR,Freq. of Parent,Proliferating,Freq. of Parent: Proliferating,CD8,29,3,0.13080459770115738,0.9366905580333487,0.9724599833745559
IFNy,DosR,Freq. of Parent,Proliferating,Freq. of Parent: Proliferating,gd TCR,35,3,9.616422466422463,0.008162447361581433,0.18551016730866893
CCR6+ CXCR3-,DosR,Freq. of Parent,Proliferating,Freq. of Parent: Proliferating,gd TCR,35,3,6.881088127332346,0.03204724484240405,0.2967337485407783
CCR6+ CXCR3+,DosR,Freq. of Parent,Proliferating,Freq. of Parent: Proliferating,gd TCR,35,3,5.221840659340671,0.07346689887321158,0.37907641334623837
CCR6- CXCR3-,DosR,Freq. of Parent,Proliferating,Freq. of Parent: Proliferating,gd TCR,35,3,2.8505341880341746,0.24044423341483895,0.6179504048808382
CD107a,DosR,Freq. of Parent,Proliferating,Freq. of Parent: Proliferating,gd TCR,35,3,2.5843711843711787,0.2746698103971485,0.6539757390408297
TNFa,DosR,Freq. of Parent,Proliferating,Freq. of Parent: Proliferating,gd TCR,35,3,2.1212301587301567,0.3462427780328132,0.6773353180409958
IL-21,DosR,Freq. of Parent,Proliferating,Freq. of Parent: Proliferating,gd TCR,35,3,2.0823391105555973,0.35304153881399886,0.6773353180409958
CCR6- CXCR3+,DosR,Freq. of Parent,Proliferating,Freq. of Parent: Proliferating,gd TCR,35,3,1.5780824550437957,0.45428013784528753,0.7521194335186879
PD-1,DosR,Freq. of Parent,Proliferating,Freq. of Parent: Proliferating,gd TCR,29,3,1.4494252873563198,0.48446376268021485,0.7763842350644469
HLA-DR+ CD38+,DosR,Freq. of Parent,Proliferating,Freq. of Parent: Proliferating,gd TCR,35,3,1.1035256410256409,0.5759336473395535,0.837112859505165
IL-2,DosR,Freq. of Parent,Proliferating,Freq. of Parent: Proliferating,gd TCR,35,3,1.0411561987062616,0.5941769553508942,0.8453301451987734
IL-22,DosR,Freq. of Parent,Proliferating,Freq. of Parent: Proliferating,gd TCR,35,3,0.6600746784987694,0.7188968898605175,0.9031367963071828
IL-17a,DosR,Freq. of Parent,Proliferating,Freq. of Parent: Proliferating,gd TCR,35,3,0.22301587301586778,0.8944842922934143,0.9696514431691373
CCR6- CXCR3- / CCR4+,E6C10,Freq. of Grandparent,Proliferating,Freq. of Grandparent: Proliferating,CD4,37,3,5.205894309348107,0.07405500473427318,0.37907641334623837
CCR6+ CXCR3- / CD161+,E6C10,Freq. of Parent,CCR6+ CXCR3-,Freq. of Parent: CCR6+ CXCR3-,CD4,37,3,0.20647405477126313,0.9019131700231228,0.9696514431691373
CCR6- CXCR3- / CCR4+,E6C10,Freq. of Parent,CCR6- CXCR3-,Freq. of Parent: CCR6- CXCR3-,CD4,37,3,1.0380098927537842,0.5951124222199364,0.8453301451987734
CD45RO+ CD27+ / CXCR5+,E6C10,Freq. of Parent,CD45RO+ CD27+,Freq. of Parent: CD45RO+ CD27+,CD4,37,3,1.3988787549158985,0.49686377875914467,0.7886211896509159
CCR6- CXCR3+,E6C10,Freq. of Parent,Proliferating,Freq. of Parent: Proliferating,CD4,37,3,13.198752047049254,0.0013612171400836266,0.11210715154876716
CD45RO+ CD27+,E6C10,Freq. of Parent,Proliferating,Freq. of Parent: Proliferating,CD4,37,3,11.087499564141007,0.003911830789078871,0.16299294954495294
CCR6+ CXCR3-,E6C10,Freq. of Parent,Proliferating,Freq. of Parent: Proliferating,CD4,37,3,10.312322937709936,0.0057637817329224406,0.18011817915382627
IFNy,E6C10,Freq. of Parent,Proliferating,Freq. of Parent: Proliferating,CD4,37,3,8.348865008307726,0.015383919488689658,0.26001542117791526
HLA-DR+ CD38+,E6C10,Freq. of Parent,Proliferating,Freq. of Parent: Proliferating,CD4,37,3,7.04041502803112,0.029593293507504347,0.2967337485407783
CD45RO+ CD27-,E6C10,Freq. of Parent,Proliferating,Freq. of Parent: Proliferating,CD4,37,3,6.605316948970199,0.036785244661998354,0.3015598705273417
IL-2,E6C10,Freq. of Parent,Proliferating,Freq. of Parent: Proliferating,CD4,37,3,4.0020560144399155,0.13519622907491755,0.4983295538681143
CD45RO- CD27-,E6C10,Freq. of Parent,Proliferating,Freq. of Parent: Proliferating,CD4,37,3,3.2761677827116444,0.19435208545045163,0.5751957676132273
CCR6- CXCR3-,E6C10,Freq. of Parent,Proliferating,Freq. of Parent: Proliferating,CD4,37,3,3.095568185780547,0.2127188171007871,0.5975247671370425
IL-17a,E6C10,Freq. of Parent,Proliferating,Freq. of Parent: Proliferating,CD4,37,3,2.9494244354925456,0.22884457497737506,0.6179504048808382
PD-1,E6C10,Freq. of Parent,Proliferating,Freq. of Parent: Proliferating,CD4,31,3,2.0773676039330695,0.3539202046088866,0.6773353180409958
IL-22,E6C10,Freq. of Parent,Proliferating,Freq. of Parent: Proliferating,CD4,37,3,1.9960574362572345,0.3686053504955527,0.698116194120365
IL-21,E6C10,Freq. of Parent,Proliferating,Freq. of Parent: Proliferating,CD4,37,3,1.2245239489821529,0.5421232122565971,0.8030431038403912
TNFa,E6C10,Freq. of Parent,Proliferating,Freq. of Parent: Proliferating,CD4,37,3,1.0507907288093037,0.5913215306601716,0.8453301451987734
CCR6+ CXCR3+,E6C10,Freq. of Parent,Proliferating,Freq. of Parent: Proliferating,CD4,37,3,0.33327754999579895,0.8465053350077634,0.9663302911047528
CD45RO- CD27+,E6C10,Freq. of Parent,Proliferating,Freq. of Parent: Proliferating,CD4,37,3,0.267241241847782,0.8749219287211881,0.9696514431691373
HLA-DR+ CD38+,E6C10,Freq. of Parent,Proliferating,Freq. of Parent: Proliferating,CD8,37,3,9.809466684468406,0.007411419131905671,0.18551016730866893
CD45RO+ CD27-,E6C10,Freq. of Parent,Proliferating,Freq. of Parent: Proliferating,CD8,37,3,9.677289407939568,0.007917777715788563,0.18551016730866893
IFNy,E6C10,Freq. of Parent,Proliferating,Freq. of Parent: Proliferating,CD8,37,3,8.253593221520966,0.016134481150593,0.26001542117791526
PD-1,E6C10,Freq. of Parent,Proliferating,Freq. of Parent: Proliferating,CD8,31,3,7.203726065206141,0.027272864850926178,0.2967337485407783
CD45RO- CD27+,E6C10,Freq. of Parent,Proliferating,Freq. of Parent: Proliferating,CD8,37,3,4.489782525875298,0.10593905924936067,0.4324769107290041
CD107a,E6C10,Freq. of Parent,Proliferating,Freq. of Parent: Proliferating,CD8,37,3,3.4530642982655593,0.17790027310829898,0.5629755478110727
CCR6- CXCR3+,E6C10,Freq. of Parent,Proliferating,Freq. of Parent: Proliferating,CD8,37,3,3.2171952598466764,0.20016812712940313,0.5751957676132273
CD45RO+ CD27+,E6C10,Freq. of Parent,Proliferating,Freq. of Parent: Proliferating,CD8,37,3,3.1806543385490755,0.20385890445264418,0.5791446149222846
CCR6+ CXCR3-,E6C10,Freq. of Parent,Proliferating,Freq. of Parent: Proliferating,CD8,37,3,2.6616234540774606,0.2642626650642641,0.641414235592874
IL-22,E6C10,Freq. of Parent,Proliferating,Freq. of Parent: Proliferating,CD8,37,3,1.836149546025292,0.39928701972677927,0.6993204888045936
IL-17a,E6C10,Freq. of Parent,Proliferating,Freq. of Parent: Proliferating,CD8,37,3,1.8048685666437403,0.4055811576339435,0.6993204888045936
CCR6- CXCR3-,E6C10,Freq. of Parent,Proliferating,Freq. of Parent: Proliferating,CD8,37,3,1.367512581134875,0.5047175613765862,0.7886211896509159
IL-2,E6C10,Freq. of Parent,Proliferating,Freq. of Parent: Proliferating,CD8,37,3,1.2423927701788886,0.5373012337270651,0.8030431038403912
TNFa,E6C10,Freq. of Parent,Proliferating,Freq. of Parent: Proliferating,CD8,37,3,1.0818219403944167,0.5822176278118784,0.8413549534853734
CD45RO- CD27-,E6C10,Freq. of Parent,Proliferating,Freq. of Parent: Proliferating,CD8,37,3,0.3427597005105328,0.8425014882778628,0.9661714315113105
IL-21,E6C10,Freq. of Parent,Proliferating,Freq. of Parent: Proliferating,CD8,37,3,0.19910015957515992,0.9052446142753282,0.9696514431691373
CCR6+ CXCR3+,E6C10,Freq. of Parent,Proliferating,Freq. of Parent: Proliferating,CD8,37,3,0.17689544367473375,0.9153509623516656,0.9696514431691373
CCR6+ CXCR3-,E6C10,Freq. of Parent,Proliferating,Freq. of Parent: Proliferating,gd TCR,37,3,12.544652569420364,0.0018878318368133924,0.11210715154876716
HLA-DR+ CD38+,E6C10,Freq. of Parent,Proliferating,Freq. of Parent: Proliferating,gd TCR,37,3,12.20064632042783,0.002242143030975343,0.11210715154876716
IL-2,E6C10,Freq. of Parent,Proliferating,Freq. of Parent: Proliferating,gd TCR,37,3,8.159788396686467,0.016909254585217397,0.26001542117791526
PD-1,E6C10,Freq. of Parent,Proliferating,Freq. of Parent: Proliferating,gd TCR,31,3,5.430308780403649,0.06619473240001776,0.37907641334623837
IL-21,E6C10,Freq. of Parent,Proliferating,Freq. of Parent: Proliferating,gd TCR,37,3,5.369018731247834,0.06825467387178744,0.37907641334623837
CCR6+ CXCR3+,E6C10,Freq. of Parent,Proliferating,Freq. of Parent: Proliferating,gd TCR,37,3,5.143921010794074,0.07638564406326921,0.37907641334623837
CCR6- CXCR3+,E6C10,Freq. of Parent,Proliferating,Freq. of Parent: Proliferating,gd TCR,37,3,4.11428212608729,0.12781887413014315,0.49161105434670443
TNFa,E6C10,Freq. of Parent,Proliferating,Freq. of Parent: Proliferating,gd TCR,37,3,3.4687951994453528,0.17650649582893016,0.5629755478110727
IL-22,E6C10,Freq. of Parent,Proliferating,Freq. of Parent: Proliferating,gd TCR,37,3,3.46763136789985,0.17660923763348513,0.5629755478110727
IFNy,E6C10,Freq. of Parent,Proliferating,Freq. of Parent: Proliferating,gd TCR,37,3,3.2456339577082645,0.19734200709594432,0.5751957676132273
IL-17a,E6C10,Freq. of Parent,Proliferating,Freq. of Parent: Proliferating,gd TCR,37,3,1.8883894952006273,0.38899268210878696,0.6993204888045936
CCR6- CXCR3-,E6C10,Freq. of Parent,Proliferating,Freq. of Parent: Proliferating,gd TCR,37,3,0.7340927836283839,0.6927775050935896,0.8836447769050888
CD107a,E6C10,Freq. of Parent,Proliferating,Freq. of Parent: Proliferating,gd TCR,37,3,0.48887720095150655,0.7831440715626176,0.9339702676716158
CCR6- CXCR3- / CCR4+,GAG,Freq. of Grandparent,Proliferating,Freq. of Grandparent: Proliferating,CD4,29,3,0.061114058355428824,0.9699051175986385,0.9738003188741351
CCR6+ CXCR3- / CD161+,GAG,Freq. of Parent,CCR6+ CXCR3-,Freq. of Parent: CCR6+ CXCR3-,CD4,29,3,0.07191704846876235,0.9646803035075594,0.9724599833745559
CCR6- CXCR3- / CCR4+,GAG,Freq. of Parent,CCR6- CXCR3-,Freq. of Parent: CCR6- CXCR3-,CD4,29,3,0.4199828749717979,0.810591186638938,0.9469523208398809
CD45RO+ CD27+ / CXCR5+,GAG,Freq. of Parent,CD45RO+ CD27+,Freq. of Parent: CD45RO+ CD27+,CD4,29,3,0.5724486895218568,0.7510940930192418,0.9205483444267946
TNFa,GAG,Freq. of Parent,Proliferating,Freq. of Parent: Proliferating,CD4,29,3,7.657236556546906,0.021739633010497177,0.26001542117791526
CCR6- CXCR3+,GAG,Freq. of Parent,Proliferating,Freq. of Parent: Proliferating,CD4,29,3,6.547036411863985,0.03787294757984228,0.3015598705273417
CCR6+ CXCR3-,GAG,Freq. of Parent,Proliferating,Freq. of Parent: Proliferating,CD4,29,3,5.803327706775988,0.054931745606437994,0.37907641334623837
CD45RO- CD27+,GAG,Freq. of Parent,Proliferating,Freq. of Parent: Proliferating,CD4,29,3,1.8125625792210387,0.40402388171566295,0.6993204888045936
CCR6- CXCR3-,GAG,Freq. of Parent,Proliferating,Freq. of Parent: Proliferating,CD4,29,3,1.6519315167590918,0.4378119676515244,0.739547242654602
IFNy,GAG,Freq. of Parent,Proliferating,Freq. of Parent: Proliferating,CD4,29,3,1.240102887996456,0.5379167642937989,0.8030431038403912
PD-1,GAG,Freq. of Parent,Proliferating,Freq. of Parent: Proliferating,CD4,24,3,1.2218181818181932,0.5428571381961045,0.8030431038403912
IL-17a,GAG,Freq. of Parent,Proliferating,Freq. of Parent: Proliferating,CD4,29,3,0.8737527070121193,0.6460513084514602,0.8683485328648658
CD45RO- CD27-,GAG,Freq. of Parent,Proliferating,Freq. of Parent: Proliferating,CD4,29,3,0.8206754025390114,0.6634261724421311,0.8729291742659621
CD45RO+ CD27+,GAG,Freq. of Parent,Proliferating,Freq. of Parent: Proliferating,CD4,29,3,0.583736736286618,0.7468668409721585,0.9205483444267946
HLA-DR+ CD38+,GAG,Freq. of Parent,Proliferating,Freq. of Parent: Proliferating,CD4,29,3,0.2568025078369942,0.8795004053493543,0.9696514431691373
IL-22,GAG,Freq. of Parent,Proliferating,Freq. of Parent: Proliferating,CD4,29,3,0.22394198394198048,0.8940701923382723,0.9696514431691373
CCR6+ CXCR3+,GAG,Freq. of Parent,Proliferating,Freq. of Parent: Proliferating,CD4,29,3,0.2145211280466408,0.8982915800253213,0.9696514431691373
IL-2,GAG,Freq. of Parent,Proliferating,Freq. of Parent: Proliferating,CD4,29,3,0.18392762694313633,0.9121381560612093,0.9696514431691373
CD45RO+ CD27-,GAG,Freq. of Parent,Proliferating,Freq. of Parent: Proliferating,CD4,29,3,0.12130214612972168,0.941151575624852,0.9724599833745559
IL-21,GAG,Freq. of Parent,Proliferating,Freq. of Parent: Proliferating,CD4,29,3,0.09976896717472691,0.9513393134582936,0.9724599833745559
CD107a,GAG,Freq. of Parent,Proliferating,Freq. of Parent: Proliferating,CD8,29,3,8.165285748734021,0.016862840340642164,0.26001542117791526
IL-22,GAG,Freq. of Parent,Proliferating,Freq. of Parent: Proliferating,CD8,29,3,2.738777262341618,0.25426236012584424,0.6356559003146106
IL-2,GAG,Freq. of Parent,Proliferating,Freq. of Parent: Proliferating,CD8,29,3,2.6757880700231036,0.26239768745292125,0.641414235592874
CCR6- CXCR3+,GAG,Freq. of Parent,Proliferating,Freq. of Parent: Proliferating,CD8,29,3,2.1332433084157145,0.34416927842222167,0.6773353180409958
CCR6+ CXCR3-,GAG,Freq. of Parent,Proliferating,Freq. of Parent: Proliferating,CD8,29,3,2.071704846877253,0.3549237066534818,0.6773353180409958
CD45RO- CD27-,GAG,Freq. of Parent,Proliferating,Freq. of Parent: Proliferating,CD8,29,3,0.9360781617987701,0.6262290495848458,0.857751199922237
CCR6- CXCR3-,GAG,Freq. of Parent,Proliferating,Freq. of Parent: Proliferating,CD8,29,3,0.9308319266940117,0.6278738783430775,0.857751199922237
IL-21,GAG,Freq. of Parent,Proliferating,Freq. of Parent: Proliferating,CD8,29,3,0.7013852698428189,0.7042001671346897,0.8891416251700627
IL-17a,GAG,Freq. of Parent,Proliferating,Freq. of Parent: Proliferating,CD8,29,3,0.5451065318027661,0.7614328696868494,0.9282020072370907
CCR6+ CXCR3+,GAG,Freq. of Parent,Proliferating,Freq. of Parent: Proliferating,CD8,29,3,0.5038823245719755,0.7772904707179513,0.9339702676716158
CD45RO+ CD27+,GAG,Freq. of Parent,Proliferating,Freq. of Parent: Proliferating,CD8,29,3,0.48532812346559573,0.7845350248441573,0.9339702676716158
TNFa,GAG,Freq. of Parent,Proliferating,Freq. of Parent: Proliferating,CD8,29,3,0.38938937386830763,0.823085918582763,0.9526457391004202
IFNy,GAG,Freq. of Parent,Proliferating,Freq. of Parent: Proliferating,CD8,29,3,0.36745599228358117,0.832162124353728,0.9587121248314838
PD-1,GAG,Freq. of Parent,Proliferating,Freq. of Parent: Proliferating,CD8,24,3,0.24436363636363012,0.8849874470652943,0.9696514431691373
HLA-DR+ CD38+,GAG,Freq. of Parent,Proliferating,Freq. of Parent: Proliferating,CD8,29,3,0.18750904268145518,0.9105062446617609,0.9696514431691373
CD45RO- CD27+,GAG,Freq. of Parent,Proliferating,Freq. of Parent: Proliferating,CD8,29,3,0.09782973862796894,0.9522621929817247,0.9724599833745559
CD45RO+ CD27-,GAG,Freq. of Parent,Proliferating,Freq. of Parent: Proliferating,CD8,29,3,0.05108271039304668,0.9747820658282682,0.9747820658282682
TNFa,GAG,Freq. of Parent,Proliferating,Freq. of Parent: Proliferating,gd TCR,29,3,7.751299734748017,0.020740854688262162,0.26001542117791526
IL-22,GAG,Freq. of Parent,Proliferating,Freq. of Parent: Proliferating,gd TCR,29,3,7.662239141529091,0.02168532377963989,0.26001542117791526
IFNy,GAG,Freq. of Parent,Proliferating,Freq. of Parent: Proliferating,gd TCR,29,3,5.6809838437424816,0.0583969321695416,0.37907641334623837
CCR6+ CXCR3-,GAG,Freq. of Parent,Proliferating,Freq. of Parent: Proliferating,gd TCR,29,3,5.119305522064138,0.07733158832263262,0.37907641334623837
IL-2,GAG,Freq. of Parent,Proliferating,Freq. of Parent: Proliferating,gd TCR,29,3,4.867328581740987,0.08771483033571452,0.41214110555549327
CD107a,GAG,Freq. of Parent,Proliferating,Freq. of Parent: Proliferating,gd TCR,29,3,4.530037885248535,0.10382806774609314,0.4324769107290041
CCR6+ CXCR3+,GAG,Freq. of Parent,Proliferating,Freq. of Parent: Proliferating,gd TCR,29,3,3.8668531468531455,0.14465168867325612,0.5114766207496915
CCR6- CXCR3+,GAG,Freq. of Parent,Proliferating,Freq. of Parent: Proliferating,gd TCR,29,3,3.855741499879443,0.14545758455726351,0.5114766207496915
IL-21,GAG,Freq. of Parent,Proliferating,Freq. of Parent: Proliferating,gd TCR,29,3,2.818499854420035,0.24432647708278946,0.6179504048808382
IL-17a,GAG,Freq. of Parent,Proliferating,Freq. of Parent: Proliferating,gd TCR,29,3,0.8986057057010534,0.6380728272542653,0.8622605773706288
HLA-DR+ CD38+,GAG,Freq. of Parent,Proliferating,Freq. of Parent: Proliferating,gd TCR,29,3,0.5926211719315262,0.7435564539540339,0.9205483444267946
CCR6- CXCR3-,GAG,Freq. of Parent,Proliferating,Freq. of Parent: Proliferating,gd TCR,29,3,0.46657259961029374,0.7919268125729246,0.9383019106314273
PD-1,GAG,Freq. of Parent,Proliferating,Freq. of Parent: Proliferating,gd TCR,24,3,0.45503030303029846,0.7965103530673836,0.9392810767304053
CCR6- CXCR3- / CCR4+,MED,Freq. of Grandparent,Proliferating,Freq. of Grandparent: Proliferating,CD4,37,3,2.6028215797597474,0.27214757902480036,0.6539757390408297
CCR6+ CXCR3- / CD161+,MED,Freq. of Parent,CCR6+ CXCR3-,Freq. of Parent: CCR6+ CXCR3-,CD4,37,3,2.470013100297165,0.29083285736318415,0.6773353180409958
CCR6- CXCR3- / CCR4+,MED,Freq. of Parent,CCR6- CXCR3-,Freq. of Parent: CCR6- CXCR3-,CD4,37,3,3.7154527920554483,0.15602697094120369,0.5200899031373456
CD45RO+ CD27+ / CXCR5+,MED,Freq. of Parent,CD45RO+ CD27+,Freq. of Parent: CD45RO+ CD27+,CD4,37,3,0.907588010427153,0.635213570453353,0.8622605773706288
IL-17a,MED,Freq. of Parent,Proliferating,Freq. of Parent: Proliferating,CD4,37,3,7.950326376547518,0.018776237182927757,0.26001542117791526
CCR6+ CXCR3-,MED,Freq. of Parent,Proliferating,Freq. of Parent: Proliferating,CD4,37,3,7.6479056352831645,0.02184129537894488,0.26001542117791526
CCR6- CXCR3+,MED,Freq. of Parent,Proliferating,Freq. of Parent: Proliferating,CD4,37,3,6.942365559674234,0.031080247821892445,0.2967337485407783
IFNy,MED,Freq. of Parent,Proliferating,Freq. of Parent: Proliferating,CD4,37,3,4.149599003099319,0.12558160388616943,0.49055314018034935
TNFa,MED,Freq. of Parent,Proliferating,Freq. of Parent: Proliferating,CD4,37,3,4.020273258663337,0.13397036913629862,0.4983295538681143
IL-21,MED,Freq. of Parent,Proliferating,Freq. of Parent: Proliferating,CD4,37,3,3.9968937575030035,0.1355456386521271,0.4983295538681143
HLA-DR+ CD38+,MED,Freq. of Parent,Proliferating,Freq. of Parent: Proliferating,CD4,37,3,3.240689582265377,0.19783047712883844,0.5751957676132273
CCR6- CXCR3-,MED,Freq. of Parent,Proliferating,Freq. of Parent: Proliferating,CD4,37,3,2.7027146562750346,0.2588886252420394,0.6408134288169293
CD45RO+ CD27-,MED,Freq. of Parent,Proliferating,Freq. of Parent: Proliferating,CD4,37,3,2.456805766403292,0.2927597760525814,0.6773353180409958
IL-2,MED,Freq. of Parent,Proliferating,Freq. of Parent: Proliferating,CD4,37,3,2.259283796506153,0.32314895591055015,0.6773353180409958
CD45RO- CD27+,MED,Freq. of Parent,Proliferating,Freq. of Parent: Proliferating,CD4,37,3,1.8699265120968676,0.39260029095256904,0.6993204888045936
IL-22,MED,Freq. of Parent,Proliferating,Freq. of Parent: Proliferating,CD4,37,3,1.3773413614098273,0.502243267174028,0.7886211896509159
CD45RO- CD27-,MED,Freq. of Parent,Proliferating,Freq. of Parent: Proliferating,CD4,37,3,1.290964385754303,0.5244096145507144,0.8030431038403912
CCR6+ CXCR3+,MED,Freq. of Parent,Proliferating,Freq. of Parent: Proliferating,CD4,37,3,0.7710771364022264,0.6800842657960822,0.878660541605809
PD-1,MED,Freq. of Parent,Proliferating,Freq. of Parent: Proliferating,CD4,31,3,0.7041573227531472,0.7032248031695847,0.8891416251700627
CD45RO+ CD27+,MED,Freq. of Parent,Proliferating,Freq. of Parent: Proliferating,CD4,37,3,0.4244115854022965,0.8087982356651636,0.9469523208398809
IL-17a,MED,Freq. of Parent,Proliferating,Freq. of Parent: Proliferating,CD8,37,3,5.623333543943895,0.06010472798065054,0.37907641334623837
IL-22,MED,Freq. of Parent,Proliferating,Freq. of Parent: Proliferating,CD8,37,3,5.565103936311358,0.06188038892454638,0.37907641334623837
CCR6+ CXCR3-,MED,Freq. of Parent,Proliferating,Freq. of Parent: Proliferating,CD8,37,3,5.265191634458272,0.0718916023566138,0.37907641334623837
CD107a,MED,Freq. of Parent,Proliferating,Freq. of Parent: Proliferating,CD8,37,3,5.1249580130949255,0.07711333882654259,0.37907641334623837
CCR6- CXCR3+,MED,Freq. of Parent,Proliferating,Freq. of Parent: Proliferating,CD8,37,3,4.688341502014347,0.09592671629029258,0.4208676019106695
CCR6+ CXCR3+,MED,Freq. of Parent,Proliferating,Freq. of Parent: Proliferating,CD8,37,3,4.465105744900196,0.10725427386079302,0.4324769107290041
TNFa,MED,Freq. of Parent,Proliferating,Freq. of Parent: Proliferating,CD8,37,3,2.815376286948533,0.24470836033281196,0.6179504048808382
CD45RO+ CD27-,MED,Freq. of Parent,Proliferating,Freq. of Parent: Proliferating,CD8,37,3,1.455435977509681,0.4830099675684395,0.7763842350644469
IL-21,MED,Freq. of Parent,Proliferating,Freq. of Parent: Proliferating,CD8,37,3,1.1663430373990364,0.5581254513289993,0.8159728820599405
IL-2,MED,Freq. of Parent,Proliferating,Freq. of Parent: Proliferating,CD8,37,3,0.9789950851649017,0.6129342902062027,0.8512636672413784
PD-1,MED,Freq. of Parent,Proliferating,Freq. of Parent: Proliferating,CD8,31,3,0.9719720518666937,0.6150904025677564,0.8512636672413784
HLA-DR+ CD38+,MED,Freq. of Parent,Proliferating,Freq. of Parent: Proliferating,CD8,37,3,0.821719994411065,0.6630797581216815,0.8729291742659621
CD45RO+ CD27+,MED,Freq. of Parent,Proliferating,Freq. of Parent: Proliferating,CD8,37,3,0.5722533679189894,0.7511674490522643,0.9205483444267946
CCR6- CXCR3-,MED,Freq. of Parent,Proliferating,Freq. of Parent: Proliferating,CD8,37,3,0.5361812774902386,0.7648384539633628,0.9282020072370907
CD45RO- CD27+,MED,Freq. of Parent,Proliferating,Freq. of Parent: Proliferating,CD8,37,3,0.39241090230841846,0.8218433686632506,0.9526457391004202
IFNy,MED,Freq. of Parent,Proliferating,Freq. of Parent: Proliferating,CD8,37,3,0.08418223075580922,0.9587824167702197,0.9724599833745559
CD45RO- CD27-,MED,Freq. of Parent,Proliferating,Freq. of Parent: Proliferating,CD8,37,3,0.07645476426446332,0.9624940620554839,0.9724599833745559
TNFa,MED,Freq. of Parent,Proliferating,Freq. of Parent: Proliferating,gd TCR,37,3,6.991214124341056,0.030330330450520394,0.2967337485407783
CCR6+ CXCR3-,MED,Freq. of Parent,Proliferating,Freq. of Parent: Proliferating,gd TCR,37,3,5.7167922770768165,0.057360685120671176,0.37907641334623837
IFNy,MED,Freq. of Parent,Proliferating,Freq. of Parent: Proliferating,gd TCR,37,3,5.467492260061917,0.06497542678472666,0.37907641334623837
CCR6- CXCR3-,MED,Freq. of Parent,Proliferating,Freq. of Parent: Proliferating,gd TCR,37,3,5.364015481711355,0.068425635205889,0.37907641334623837
CCR6+ CXCR3+,MED,Freq. of Parent,Proliferating,Freq. of Parent: Proliferating,gd TCR,37,3,3.8437189954217814,0.14633460012660893,0.5114766207496915
PD-1,MED,Freq. of Parent,Proliferating,Freq. of Parent: Proliferating,gd TCR,31,3,3.2929101259272073,0.19273192158695798,0.5751957676132273
IL-22,MED,Freq. of Parent,Proliferating,Freq. of Parent: Proliferating,gd TCR,37,3,2.908322328931574,0.2335962305585609,0.6179504048808382
IL-2,MED,Freq. of Parent,Proliferating,Freq. of Parent: Proliferating,gd TCR,37,3,2.4108420698134863,0.2995658452797112,0.6773353180409958
CD107a,MED,Freq. of Parent,Proliferating,Freq. of Parent: Proliferating,gd TCR,37,3,2.38336301803794,0.3037101431150901,0.6773353180409958
CCR6- CXCR3+,MED,Freq. of Parent,Proliferating,Freq. of Parent: Proliferating,gd TCR,37,3,2.355008638504029,0.30804656596077357,0.6773353180409958
IL-21,MED,Freq. of Parent,Proliferating,Freq. of Parent: Proliferating,gd TCR,37,3,2.337182748352283,0.3108044402176431,0.6773353180409958
HLA-DR+ CD38+,MED,Freq. of Parent,Proliferating,Freq. of Parent: Proliferating,gd TCR,37,3,1.2310505994716578,0.5403569713689467,0.8030431038403912
IL-17a,MED,Freq. of Parent,Proliferating,Freq. of Parent: Proliferating,gd TCR,37,3,0.1499931250660148,0.927746675421646,0.9710992725092099
