Readout,Condition,Metric,DenominatorGate,DenominatorLabel,LineageGate,comp,p
CCR6- CXCR3- / CCR4+,BCG,Freq. of Grandparent,Proliferating,Freq. of Grandparent: Proliferating,CD4,Neg vs ATB,0.5334165134726944
CCR6- CXCR3- / CCR4+,BCG,Freq. of Grandparent,Proliferating,Freq. of Grandparent: Proliferating,CD4,Pos vs ATB,0.12071603135927819
CCR6- CXCR3- / CCR4+,BCG,Freq. of Grandparent,Proliferating,Freq. of Grandparent: Proliferating,CD4,Pos vs Neg,0.18547453437222422
CCR6+ CXCR3- / CD161+,BCG,Freq. of Parent,CCR6+ CXCR3-,Freq. of Parent: CCR6+ CXCR3-,CD4,Neg vs ATB,0.9606431811191865
CCR6+ CXCR3- / CD161+,BCG,Freq. of Parent,CCR6+ CXCR3-,Freq. of Parent: CCR6+ CXCR3-,CD4,Pos vs ATB,1
CCR6+ CXCR3- / CD161+,BCG,Freq. of Parent,CCR6+ CXCR3-,Freq. of Parent: CCR6+ CXCR3-,CD4,Pos vs Neg,0.831375370230232
CCR6- CXCR3- / CCR4+,BCG,Freq. of Parent,CCR6- CXCR3-,Freq. of Parent: CCR6- CXCR3-,CD4,Neg vs ATB,0.640428787412791
CCR6- CXCR3- / CCR4+,BCG,Freq. of Parent,CCR6- CXCR3-,Freq. of Parent: CCR6- CXCR3-,CD4,Pos vs ATB,0.2614575104092791
CCR6- CXCR3- / CCR4+,BCG,Freq. of Parent,CCR6- CXCR3-,Freq. of Parent: CCR6- CXCR3-,CD4,Pos vs Neg,0.2614575104092791
CD45RO+ CD27+ / CXCR5+,BCG,Freq. of Parent,CD45RO+ CD27+,Freq. of Parent: CD45RO+ CD27+,CD4,Neg vs ATB,0.4833748478671554
CD45RO+ CD27+ / CXCR5+,BCG,Freq. of Parent,CD45RO+ CD27+,Freq. of Parent: CD45RO+ CD27+,CD4,Pos vs ATB,0.7411868166138958
CD45RO+ CD27+ / CXCR5+,BCG,Freq. of Parent,CD45RO+ CD27+,Freq. of Parent: CD45RO+ CD27+,CD4,Pos vs Neg,0.9278369065565704
CCR6+ CXCR3+,BCG,Freq. of Parent,Proliferating,Freq. of Parent: Proliferating,CD4,Neg vs ATB,0.23904910588753056
CCR6+ CXCR3-,BCG,Freq. of Parent,Proliferating,Freq. of Parent: Proliferating,CD4,Neg vs ATB,0.640428787412791
CCR6- CXCR3+,BCG,Freq. of Parent,Proliferating,Freq. of Parent: Proliferating,CD4,Neg vs ATB,0.019097046404885253
CCR6- CXCR3-,BCG,Freq. of Parent,Proliferating,Freq. of Parent: Proliferating,CD4,Neg vs ATB,0.4136367717412639
CD45RO+ CD27+,BCG,Freq. of Parent,Proliferating,Freq. of Parent: Proliferating,CD4,Neg vs ATB,1
CD45RO+ CD27-,BCG,Freq. of Parent,Proliferating,Freq. of Parent: Proliferating,CD4,Neg vs ATB,1
CD45RO- CD27+,BCG,Freq. of Parent,Proliferating,Freq. of Parent: Proliferating,CD4,Neg vs ATB,1
CD45RO- CD27-,BCG,Freq. of Parent,Proliferating,Freq. of Parent: Proliferating,CD4,Neg vs ATB,0.4128445185711139
HLA-DR+ CD38+,BCG,Freq. of Parent,Proliferating,Freq. of Parent: Proliferating,CD4,Neg vs ATB,0.8762696636277617
IFNy,BCG,Freq. of Parent,Proliferating,Freq. of Parent: Proliferating,CD4,Neg vs ATB,0.10513382941473097
IL-17a,BCG,Freq. of Parent,Proliferating,Freq. of Parent: Proliferating,CD4,Neg vs ATB,1
IL-2,BCG,Freq. of Parent,Proliferating,Freq. of Parent: Proliferating,CD4,Neg vs ATB,0.8197075378297883
IL-21,BCG,Freq. of Parent,Proliferating,Freq. of Parent: Proliferating,CD4,Neg vs ATB,0.6506687017725945
IL-22,BCG,Freq. of Parent,Proliferating,Freq. of Parent: Proliferating,CD4,Neg vs ATB,0.5253020837689435
PD-1,BCG,Freq. of Parent,Proliferating,Freq. of Parent: Proliferating,CD4,Neg vs ATB,0.5411480258767519
TNFa,BCG,Freq. of Parent,Proliferating,Freq. of Parent: Proliferating,CD4,Neg vs ATB,0.0644402190426376
CCR6+ CXCR3+,BCG,Freq. of Parent,Proliferating,Freq. of Parent: Proliferating,CD4,Pos vs ATB,0.2047424651340039
CCR6+ CXCR3-,BCG,Freq. of Parent,Proliferating,Freq. of Parent: Proliferating,CD4,Pos vs ATB,0.25719030909649104
CCR6- CXCR3+,BCG,Freq. of Parent,Proliferating,Freq. of Parent: Proliferating,CD4,Pos vs ATB,0.022654494080089353
CCR6- CXCR3-,BCG,Freq. of Parent,Proliferating,Freq. of Parent: Proliferating,CD4,Pos vs ATB,1
CD45RO+ CD27+,BCG,Freq. of Parent,Proliferating,Freq. of Parent: Proliferating,CD4,Pos vs ATB,1
CD45RO+ CD27-,BCG,Freq. of Parent,Proliferating,Freq. of Parent: Proliferating,CD4,Pos vs ATB,1
CD45RO- CD27+,BCG,Freq. of Parent,Proliferating,Freq. of Parent: Proliferating,CD4,Pos vs ATB,1
CD45RO- CD27-,BCG,Freq. of Parent,Proliferating,Freq. of Parent: Proliferating,CD4,Pos vs ATB,0.4128445185711139
HLA-DR+ CD38+,BCG,Freq. of Parent,Proliferating,Freq. of Parent: Proliferating,CD4,Pos vs ATB,0.8762696636277617
IFNy,BCG,Freq. of Parent,Proliferating,Freq. of Parent: Proliferating,CD4,Pos vs ATB,0.648503379652976
IL-17a,BCG,Freq. of Parent,Proliferating,Freq. of Parent: Proliferating,CD4,Pos vs ATB,1
IL-2,BCG,Freq. of Parent,Proliferating,Freq. of Parent: Proliferating,CD4,Pos vs ATB,0.8197075378297883
IL-21,BCG,Freq. of Parent,Proliferating,Freq. of Parent: Proliferating,CD4,Pos vs ATB,0.6506687017725945
IL-22,BCG,Freq. of Parent,Proliferating,Freq. of Parent: Proliferating,CD4,Pos vs ATB,0.5143806181929821
PD-1,BCG,Freq. of Parent,Proliferating,Freq. of Parent: Proliferating,CD4,Pos vs ATB,0.660549205201673
TNFa,BCG,Freq. of Parent,Proliferating,Freq. of Parent: Proliferating,CD4,Pos vs ATB,0.0644402190426376
CCR6+ CXCR3+,BCG,Freq. of Parent,Proliferating,Freq. of Parent: Proliferating,CD4,Pos vs Neg,0.23904910588753056
CCR6+ CXCR3-,BCG,Freq. of Parent,Proliferating,Freq. of Parent: Proliferating,CD4,Pos vs Neg,0.04341945724871693
CCR6- CXCR3+,BCG,Freq. of Parent,Proliferating,Freq. of Parent: Proliferating,CD4,Pos vs Neg,0.0017352777220906693
CCR6- CXCR3-,BCG,Freq. of Parent,Proliferating,Freq. of Parent: Proliferating,CD4,Pos vs Neg,0.4136367717412639
CD45RO+ CD27+,BCG,Freq. of Parent,Proliferating,Freq. of Parent: Proliferating,CD4,Pos vs Neg,1
CD45RO+ CD27-,BCG,Freq. of Parent,Proliferating,Freq. of Parent: Proliferating,CD4,Pos vs Neg,1
CD45RO- CD27+,BCG,Freq. of Parent,Proliferating,Freq. of Parent: Proliferating,CD4,Pos vs Neg,1
CD45RO- CD27-,BCG,Freq. of Parent,Proliferating,Freq. of Parent: Proliferating,CD4,Pos vs Neg,0.6505003141152003
HLA-DR+ CD38+,BCG,Freq. of Parent,Proliferating,Freq. of Parent: Proliferating,CD4,Pos vs Neg,0.8762696636277617
IFNy,BCG,Freq. of Parent,Proliferating,Freq. of Parent: Proliferating,CD4,Pos vs Neg,0.10513382941473097
IL-17a,BCG,Freq. of Parent,Proliferating,Freq. of Parent: Proliferating,CD4,Pos vs Neg,1
IL-2,BCG,Freq. of Parent,Proliferating,Freq. of Parent: Proliferating,CD4,Pos vs Neg,0.8197075378297883
IL-21,BCG,Freq. of Parent,Proliferating,Freq. of Parent: Proliferating,CD4,Pos vs Neg,0.6506687017725945
IL-22,BCG,Freq. of Parent,Proliferating,Freq. of Parent: Proliferating,CD4,Pos vs Neg,0.5261025034906512
PD-1,BCG,Freq. of Parent,Proliferating,Freq. of Parent: Proliferating,CD4,Pos vs Neg,0.5411480258767519
TNFa,BCG,Freq. of Parent,Proliferating,Freq. of Parent: Proliferating,CD4,Pos vs Neg,0.5868543600227272
CCR6+ CXCR3+,BCG,Freq. of Parent,Proliferating,Freq. of Parent: Proliferating,CD8,Neg vs ATB,0.4941245444092639
CCR6+ CXCR3-,BCG,Freq. of Parent,Proliferating,Freq. of Parent: Proliferating,CD8,Neg vs ATB,0.35020138917929566
CCR6- CXCR3+,BCG,Freq. of Parent,Proliferating,Freq. of Parent: Proliferating,CD8,Neg vs ATB,0.4136367717412639
CCR6- CXCR3-,BCG,Freq. of Parent,Proliferating,Freq. of Parent: Proliferating,CD8,Neg vs ATB,0.4833748478671554
CD107a,BCG,Freq. of Parent,Proliferating,Freq. of Parent: Proliferating,CD8,Neg vs ATB,0.08781752755891362
CD45RO+ CD27+,BCG,Freq. of Parent,Proliferating,Freq. of Parent: Proliferating,CD8,Neg vs ATB,0.7171527174670546
CD45RO+ CD27-,BCG,Freq. of Parent,Proliferating,Freq. of Parent: Proliferating,CD8,Neg vs ATB,1
CD45RO- CD27+,BCG,Freq. of Parent,Proliferating,Freq. of Parent: Proliferating,CD8,Neg vs ATB,0.7554968749288828
CD45RO- CD27-,BCG,Freq. of Parent,Proliferating,Freq. of Parent: Proliferating,CD8,Neg vs ATB,0.5334165134726944
HLA-DR+ CD38+,BCG,Freq. of Parent,Proliferating,Freq. of Parent: Proliferating,CD8,Neg vs ATB,0.9606431811191865
IFNy,BCG,Freq. of Parent,Proliferating,Freq. of Parent: Proliferating,CD8,Neg vs ATB,0.6544123932607937
IL-17a,BCG,Freq. of Parent,Proliferating,Freq. of Parent: Proliferating,CD8,Neg vs ATB,1
IL-2,BCG,Freq. of Parent,Proliferating,Freq. of Parent: Proliferating,CD8,Neg vs ATB,0.8762696636277617
IL-21,BCG,Freq. of Parent,Proliferating,Freq. of Parent: Proliferating,CD8,Neg vs ATB,0.7554968749288828
IL-22,BCG,Freq. of Parent,Proliferating,Freq. of Parent: Proliferating,CD8,Neg vs ATB,0.9278369065565704
PD-1,BCG,Freq. of Parent,Proliferating,Freq. of Parent: Proliferating,CD8,Neg vs ATB,1
TNFa,BCG,Freq. of Parent,Proliferating,Freq. of Parent: Proliferating,CD8,Neg vs ATB,1
CCR6+ CXCR3+,BCG,Freq. of Parent,Proliferating,Freq. of Parent: Proliferating,CD8,Pos vs ATB,0.4941245444092639
CCR6+ CXCR3-,BCG,Freq. of Parent,Proliferating,Freq. of Parent: Proliferating,CD8,Pos vs ATB,0.35020138917929566
CCR6- CXCR3+,BCG,Freq. of Parent,Proliferating,Freq. of Parent: Proliferating,CD8,Pos vs ATB,0.648503379652976
CCR6- CXCR3-,BCG,Freq. of Parent,Proliferating,Freq. of Parent: Proliferating,CD8,Pos vs ATB,0.648503379652976
CD107a,BCG,Freq. of Parent,Proliferating,Freq. of Parent: Proliferating,CD8,Pos vs ATB,0.16591811062278455
CD45RO+ CD27+,BCG,Freq. of Parent,Proliferating,Freq. of Parent: Proliferating,CD8,Pos vs ATB,0.7171527174670546
CD45RO+ CD27-,BCG,Freq. of Parent,Proliferating,Freq. of Parent: Proliferating,CD8,Pos vs ATB,1
CD45RO- CD27+,BCG,Freq. of Parent,Proliferating,Freq. of Parent: Proliferating,CD8,Pos vs ATB,0.5429021503817884
CD45RO- CD27-,BCG,Freq. of Parent,Proliferating,Freq. of Parent: Proliferating,CD8,Pos vs ATB,0.5120706557205439
HLA-DR+ CD38+,BCG,Freq. of Parent,Proliferating,Freq. of Parent: Proliferating,CD8,Pos vs ATB,1
IFNy,BCG,Freq. of Parent,Proliferating,Freq. of Parent: Proliferating,CD8,Pos vs ATB,0.6544123932607937
IL-17a,BCG,Freq. of Parent,Proliferating,Freq. of Parent: Proliferating,CD8,Pos vs ATB,0.7411868166138958
IL-2,BCG,Freq. of Parent,Proliferating,Freq. of Parent: Proliferating,CD8,Pos vs ATB,0.3585736588312958
IL-21,BCG,Freq. of Parent,Proliferating,Freq. of Parent: Proliferating,CD8,Pos vs ATB,0.7411868166138958
IL-22,BCG,Freq. of Parent,Proliferating,Freq. of Parent: Proliferating,CD8,Pos vs ATB,0.9278369065565704
PD-1,BCG,Freq. of Parent,Proliferating,Freq. of Parent: Proliferating,CD8,Pos vs ATB,1
TNFa,BCG,Freq. of Parent,Proliferating,Freq. of Parent: Proliferating,CD8,Pos vs ATB,0.38167587396950486
CCR6+ CXCR3+,BCG,Freq. of Parent,Proliferating,Freq. of Parent: Proliferating,CD8,Pos vs Neg,0.4941245444092639
CCR6+ CXCR3-,BCG,Freq. of Parent,Proliferating,Freq. of Parent: Proliferating,CD8,Pos vs Neg,0.1715525565987421
CCR6- CXCR3+,BCG,Freq. of Parent,Proliferating,Freq. of Parent: Proliferating,CD8,Pos vs Neg,0.0033376489900816255
CCR6- CXCR3-,BCG,Freq. of Parent,Proliferating,Freq. of Parent: Proliferating,CD8,Pos vs Neg,0.648503379652976
CD107a,BCG,Freq. of Parent,Proliferating,Freq. of Parent: Proliferating,CD8,Pos vs Neg,0.4687382925159274
CD45RO+ CD27+,BCG,Freq. of Parent,Proliferating,Freq. of Parent: Proliferating,CD8,Pos vs Neg,0.7171527174670546
CD45RO+ CD27-,BCG,Freq. of Parent,Proliferating,Freq. of Parent: Proliferating,CD8,Pos vs Neg,1
CD45RO- CD27+,BCG,Freq. of Parent,Proliferating,Freq. of Parent: Proliferating,CD8,Pos vs Neg,0.5429021503817884
CD45RO- CD27-,BCG,Freq. of Parent,Proliferating,Freq. of Parent: Proliferating,CD8,Pos vs Neg,0.5120706557205439
HLA-DR+ CD38+,BCG,Freq. of Parent,Proliferating,Freq. of Parent: Proliferating,CD8,Pos vs Neg,0.9606431811191865
IFNy,BCG,Freq. of Parent,Proliferating,Freq. of Parent: Proliferating,CD8,Pos vs Neg,0.7171527174670546
IL-17a,BCG,Freq. of Parent,Proliferating,Freq. of Parent: Proliferating,CD8,Pos vs Neg,0.21026765882946194
IL-2,BCG,Freq. of Parent,Proliferating,Freq. of Parent: Proliferating,CD8,Pos vs Neg,0.3585736588312958
IL-21,BCG,Freq. of Parent,Proliferating,Freq. of Parent: Proliferating,CD8,Pos vs Neg,0.7411868166138958
IL-22,BCG,Freq. of Parent,Proliferating,Freq. of Parent: Proliferating,CD8,Pos vs Neg,0.9278369065565704
PD-1,BCG,Freq. of Parent,Proliferating,Freq. of Parent: Proliferating,CD8,Pos vs Neg,1
TNFa,BCG,Freq. of Parent,Proliferating,Freq. of Parent: Proliferating,CD8,Pos vs Neg,0.21026765882946194
CCR6+ CXCR3+,BCG,Freq. of Parent,Proliferating,Freq. of Parent: Proliferating,gd TCR,Neg vs ATB,0.7411868166138958
CCR6+ CXCR3-,BCG,Freq. of Parent,Proliferating,Freq. of Parent: Proliferating,gd TCR,Neg vs ATB,0.7554968749288828
CCR6- CXCR3+,BCG,Freq. of Parent,Proliferating,Freq. of Parent: Proliferating,gd TCR,Neg vs ATB,1
CCR6- CXCR3-,BCG,Freq. of Parent,Proliferating,Freq. of Parent: Proliferating,gd TCR,Neg vs ATB,0.2416874239335777
CD107a,BCG,Freq. of Parent,Proliferating,Freq. of Parent: Proliferating,gd TCR,Neg vs ATB,0.2614575104092791
HLA-DR+ CD38+,BCG,Freq. of Parent,Proliferating,Freq. of Parent: Proliferating,gd TCR,Neg vs ATB,1
IFNy,BCG,Freq. of Parent,Proliferating,Freq. of Parent: Proliferating,gd TCR,Neg vs ATB,0.6506687017725945
IL-17a,BCG,Freq. of Parent,Proliferating,Freq. of Parent: Proliferating,gd TCR,Neg vs ATB,0.640428787412791
IL-2,BCG,Freq. of Parent,Proliferating,Freq. of Parent: Proliferating,gd TCR,Neg vs ATB,0.038194092809770507
IL-21,BCG,Freq. of Parent,Proliferating,Freq. of Parent: Proliferating,gd TCR,Neg vs ATB,0.0644402190426376
IL-22,BCG,Freq. of Parent,Proliferating,Freq. of Parent: Proliferating,gd TCR,Neg vs ATB,0.17920648015755108
PD-1,BCG,Freq. of Parent,Proliferating,Freq. of Parent: Proliferating,gd TCR,Neg vs ATB,0.5138908912577136
TNFa,BCG,Freq. of Parent,Proliferating,Freq. of Parent: Proliferating,gd TCR,Neg vs ATB,0.8762696636277617
CCR6+ CXCR3+,BCG,Freq. of Parent,Proliferating,Freq. of Parent: Proliferating,gd TCR,Pos vs ATB,0.7411868166138958
CCR6+ CXCR3-,BCG,Freq. of Parent,Proliferating,Freq. of Parent: Proliferating,gd TCR,Pos vs ATB,0.10237123256700195
CCR6- CXCR3+,BCG,Freq. of Parent,Proliferating,Freq. of Parent: Proliferating,gd TCR,Pos vs ATB,1
CCR6- CXCR3-,BCG,Freq. of Parent,Proliferating,Freq. of Parent: Proliferating,gd TCR,Pos vs ATB,0.06796348224026806
CD107a,BCG,Freq. of Parent,Proliferating,Freq. of Parent: Proliferating,gd TCR,Pos vs ATB,0.4941245444092639
HLA-DR+ CD38+,BCG,Freq. of Parent,Proliferating,Freq. of Parent: Proliferating,gd TCR,Pos vs ATB,1
IFNy,BCG,Freq. of Parent,Proliferating,Freq. of Parent: Proliferating,gd TCR,Pos vs ATB,0.6506687017725945
IL-17a,BCG,Freq. of Parent,Proliferating,Freq. of Parent: Proliferating,gd TCR,Pos vs ATB,0.5143806181929821
IL-2,BCG,Freq. of Parent,Proliferating,Freq. of Parent: Proliferating,gd TCR,Pos vs ATB,0.060358015679639096
IL-21,BCG,Freq. of Parent,Proliferating,Freq. of Parent: Proliferating,gd TCR,Pos vs ATB,0.0644402190426376
IL-22,BCG,Freq. of Parent,Proliferating,Freq. of Parent: Proliferating,gd TCR,Pos vs ATB,0.12071603135927819
PD-1,BCG,Freq. of Parent,Proliferating,Freq. of Parent: Proliferating,gd TCR,Pos vs ATB,0.5138908912577136
TNFa,BCG,Freq. of Parent,Proliferating,Freq. of Parent: Proliferating,gd TCR,Pos vs ATB,0.38167587396950486
CCR6+ CXCR3+,BCG,Freq. of Parent,Proliferating,Freq. of Parent: Proliferating,gd TCR,Pos vs Neg,0.9278369065565704
CCR6+ CXCR3-,BCG,Freq. of Parent,Proliferating,Freq. of Parent: Proliferating,gd TCR,Pos vs Neg,0.0706915243795991
CCR6- CXCR3+,BCG,Freq. of Parent,Proliferating,Freq. of Parent: Proliferating,gd TCR,Pos vs Neg,1
CCR6- CXCR3-,BCG,Freq. of Parent,Proliferating,Freq. of Parent: Proliferating,gd TCR,Pos vs Neg,0.4687382925159274
CD107a,BCG,Freq. of Parent,Proliferating,Freq. of Parent: Proliferating,gd TCR,Pos vs Neg,0.2614575104092791
HLA-DR+ CD38+,BCG,Freq. of Parent,Proliferating,Freq. of Parent: Proliferating,gd TCR,Pos vs Neg,1
IFNy,BCG,Freq. of Parent,Proliferating,Freq. of Parent: Proliferating,gd TCR,Pos vs Neg,0.6506687017725945
IL-17a,BCG,Freq. of Parent,Proliferating,Freq. of Parent: Proliferating,gd TCR,Pos vs Neg,0.6225224845886475
IL-2,BCG,Freq. of Parent,Proliferating,Freq. of Parent: Proliferating,gd TCR,Pos vs Neg,0.5261025034906512
IL-21,BCG,Freq. of Parent,Proliferating,Freq. of Parent: Proliferating,gd TCR,Pos vs Neg,0.415014989725765
IL-22,BCG,Freq. of Parent,Proliferating,Freq. of Parent: Proliferating,gd TCR,Pos vs Neg,0.415014989725765
PD-1,BCG,Freq. of Parent,Proliferating,Freq. of Parent: Proliferating,gd TCR,Pos vs Neg,0.5138908912577136
TNFa,BCG,Freq. of Parent,Proliferating,Freq. of Parent: Proliferating,gd TCR,Pos vs Neg,0.11174445585895995
CCR6- CXCR3- / CCR4+,DosR,Freq. of Grandparent,Proliferating,Freq. of Grandparent: Proliferating,CD4,Neg vs ATB,0.8537761957990148
CCR6- CXCR3- / CCR4+,DosR,Freq. of Grandparent,Proliferating,Freq. of Grandparent: Proliferating,CD4,Pos vs ATB,0.8537761957990148
CCR6- CXCR3- / CCR4+,DosR,Freq. of Grandparent,Proliferating,Freq. of Grandparent: Proliferating,CD4,Pos vs Neg,0.8537761957990148
CCR6+ CXCR3- / CD161+,DosR,Freq. of Parent,CCR6+ CXCR3-,Freq. of Parent: CCR6+ CXCR3-,CD4,Neg vs ATB,0.21654579011256075
CCR6+ CXCR3- / CD161+,DosR,Freq. of Parent,CCR6+ CXCR3-,Freq. of Parent: CCR6+ CXCR3-,CD4,Pos vs ATB,0.31962285612549707
CCR6+ CXCR3- / CD161+,DosR,Freq. of Parent,CCR6+ CXCR3-,Freq. of Parent: CCR6+ CXCR3-,CD4,Pos vs Neg,0.31962285612549707
CCR6- CXCR3- / CCR4+,DosR,Freq. of Parent,CCR6- CXCR3-,Freq. of Parent: CCR6- CXCR3-,CD4,Neg vs ATB,0.7240614419074005
CCR6- CXCR3- / CCR4+,DosR,Freq. of Parent,CCR6- CXCR3-,Freq. of Parent: CCR6- CXCR3-,CD4,Pos vs ATB,0.9119482444395097
CCR6- CXCR3- / CCR4+,DosR,Freq. of Parent,CCR6- CXCR3-,Freq. of Parent: CCR6- CXCR3-,CD4,Pos vs Neg,0.39089606890317
CD45RO+ CD27+ / CXCR5+,DosR,Freq. of Parent,CD45RO+ CD27+,Freq. of Parent: CD45RO+ CD27+,CD4,Neg vs ATB,0.023734806281379958
CD45RO+ CD27+ / CXCR5+,DosR,Freq. of Parent,CD45RO+ CD27+,Freq. of Parent: CD45RO+ CD27+,CD4,Pos vs ATB,0.023734806281379958
CD45RO+ CD27+ / CXCR5+,DosR,Freq. of Parent,CD45RO+ CD27+,Freq. of Parent: CD45RO+ CD27+,CD4,Pos vs Neg,0.524812018482199
CCR6+ CXCR3+,DosR,Freq. of Parent,Proliferating,Freq. of Parent: Proliferating,CD4,Neg vs ATB,0.5538411043800002
CCR6+ CXCR3-,DosR,Freq. of Parent,Proliferating,Freq. of Parent: Proliferating,CD4,Neg vs ATB,0.4697377266458753
CCR6- CXCR3+,DosR,Freq. of Parent,Proliferating,Freq. of Parent: Proliferating,CD4,Neg vs ATB,0.14785611194103848
CCR6- CXCR3-,DosR,Freq. of Parent,Proliferating,Freq. of Parent: Proliferating,CD4,Neg vs ATB,0.35460277519079125
CD45RO+ CD27+,DosR,Freq. of Parent,Proliferating,Freq. of Parent: Proliferating,CD4,Neg vs ATB,0.6930819368648844
CD45RO+ CD27-,DosR,Freq. of Parent,Proliferating,Freq. of Parent: Proliferating,CD4,Neg vs ATB,0.5220216760239172
CD45RO- CD27+,DosR,Freq. of Parent,Proliferating,Freq. of Parent: Proliferating,CD4,Neg vs ATB,0.4684620722013725
CD45RO- CD27-,DosR,Freq. of Parent,Proliferating,Freq. of Parent: Proliferating,CD4,Neg vs ATB,0.929802739358653
HLA-DR+ CD38+,DosR,Freq. of Parent,Proliferating,Freq. of Parent: Proliferating,CD4,Neg vs ATB,0.2955149967693623
IFNy,DosR,Freq. of Parent,Proliferating,Freq. of Parent: Proliferating,CD4,Neg vs ATB,0.30490393930847537
IL-17a,DosR,Freq. of Parent,Proliferating,Freq. of Parent: Proliferating,CD4,Neg vs ATB,0.22178416791155772
IL-2,DosR,Freq. of Parent,Proliferating,Freq. of Parent: Proliferating,CD4,Neg vs ATB,0.7963543563229274
IL-21,DosR,Freq. of Parent,Proliferating,Freq. of Parent: Proliferating,CD4,Neg vs ATB,0.2955149967693623
IL-22,DosR,Freq. of Parent,Proliferating,Freq. of Parent: Proliferating,CD4,Neg vs ATB,0.6913022863222844
PD-1,DosR,Freq. of Parent,Proliferating,Freq. of Parent: Proliferating,CD4,Neg vs ATB,0.3073408407245678
TNFa,DosR,Freq. of Parent,Proliferating,Freq. of Parent: Proliferating,CD4,Neg vs ATB,0.30520140068559426
CCR6+ CXCR3+,DosR,Freq. of Parent,Proliferating,Freq. of Parent: Proliferating,CD4,Pos vs ATB,0.5538411043800002
CCR6+ CXCR3-,DosR,Freq. of Parent,Proliferating,Freq. of Parent: Proliferating,CD4,Pos vs ATB,0.7400822700705536
CCR6- CXCR3+,DosR,Freq. of Parent,Proliferating,Freq. of Parent: Proliferating,CD4,Pos vs ATB,0.006804082544773785
CCR6- CXCR3-,DosR,Freq. of Parent,Proliferating,Freq. of Parent: Proliferating,CD4,Pos vs ATB,0.35460277519079125
CD45RO+ CD27+,DosR,Freq. of Parent,Proliferating,Freq. of Parent: Proliferating,CD4,Pos vs ATB,0.4541326450372447
CD45RO+ CD27-,DosR,Freq. of Parent,Proliferating,Freq. of Parent: Proliferating,CD4,Pos vs ATB,0.5538411043800002
CD45RO- CD27+,DosR,Freq. of Parent,Proliferating,Freq. of Parent: Proliferating,CD4,Pos vs ATB,0.4684620722013725
CD45RO- CD27-,DosR,Freq. of Parent,Proliferating,Freq. of Parent: Proliferating,CD4,Pos vs ATB,0.929802739358653
HLA-DR+ CD38+,DosR,Freq. of Parent,Proliferating,Freq. of Parent: Proliferating,CD4,Pos vs ATB,0.2955149967693623
IFNy,DosR,Freq. of Parent,Proliferating,Freq. of Parent: Proliferating,CD4,Pos vs ATB,0.30490393930847537
IL-17a,DosR,Freq. of Parent,Proliferating,Freq. of Parent: Proliferating,CD4,Pos vs ATB,0.21267819639522156
IL-2,DosR,Freq. of Parent,Proliferating,Freq. of Parent: Proliferating,CD4,Pos vs ATB,0.7963543563229274
IL-21,DosR,Freq. of Parent,Proliferating,Freq. of Parent: Proliferating,CD4,Pos vs ATB,0.2955149967693623
IL-22,DosR,Freq. of Parent,Proliferating,Freq. of Parent: Proliferating,CD4,Pos vs ATB,0.6913022863222844
PD-1,DosR,Freq. of Parent,Proliferating,Freq. of Parent: Proliferating,CD4,Pos vs ATB,0.3073408407245678
TNFa,DosR,Freq. of Parent,Proliferating,Freq. of Parent: Proliferating,CD4,Pos vs ATB,0.4388892375904208
CCR6+ CXCR3+,DosR,Freq. of Parent,Proliferating,Freq. of Parent: Proliferating,CD4,Pos vs Neg,0.5538411043800002
CCR6+ CXCR3-,DosR,Freq. of Parent,Proliferating,Freq. of Parent: Proliferating,CD4,Pos vs Neg,0.30022893219734964
CCR6- CXCR3+,DosR,Freq. of Parent,Proliferating,Freq. of Parent: Proliferating,CD4,Pos vs Neg,0.006804082544773785
CCR6- CXCR3-,DosR,Freq. of Parent,Proliferating,Freq. of Parent: Proliferating,CD4,Pos vs Neg,0.7756105425420375
CD45RO+ CD27+,DosR,Freq. of Parent,Proliferating,Freq. of Parent: Proliferating,CD4,Pos vs Neg,0.4541326450372447
CD45RO+ CD27-,DosR,Freq. of Parent,Proliferating,Freq. of Parent: Proliferating,CD4,Pos vs Neg,0.5538411043800002
CD45RO- CD27+,DosR,Freq. of Parent,Proliferating,Freq. of Parent: Proliferating,CD4,Pos vs Neg,0.86067128027634
CD45RO- CD27-,DosR,Freq. of Parent,Proliferating,Freq. of Parent: Proliferating,CD4,Pos vs Neg,0.929802739358653
HLA-DR+ CD38+,DosR,Freq. of Parent,Proliferating,Freq. of Parent: Proliferating,CD4,Pos vs Neg,0.7756105425420375
IFNy,DosR,Freq. of Parent,Proliferating,Freq. of Parent: Proliferating,CD4,Pos vs Neg,0.9475534957826844
IL-17a,DosR,Freq. of Parent,Proliferating,Freq. of Parent: Proliferating,CD4,Pos vs Neg,1
IL-2,DosR,Freq. of Parent,Proliferating,Freq. of Parent: Proliferating,CD4,Pos vs Neg,0.8094071206269623
IL-21,DosR,Freq. of Parent,Proliferating,Freq. of Parent: Proliferating,CD4,Pos vs Neg,0.49668179200160284
IL-22,DosR,Freq. of Parent,Proliferating,Freq. of Parent: Proliferating,CD4,Pos vs Neg,0.9301019215079721
PD-1,DosR,Freq. of Parent,Proliferating,Freq. of Parent: Proliferating,CD4,Pos vs Neg,0.8951728848152467
TNFa,DosR,Freq. of Parent,Proliferating,Freq. of Parent: Proliferating,CD4,Pos vs Neg,0.18707118108421877
CCR6+ CXCR3+,DosR,Freq. of Parent,Proliferating,Freq. of Parent: Proliferating,CD8,Neg vs ATB,0.4276354732778289
CCR6+ CXCR3-,DosR,Freq. of Parent,Proliferating,Freq. of Parent: Proliferating,CD8,Neg vs ATB,0.22178416791155772
CCR6- CXCR3+,DosR,Freq. of Parent,Proliferating,Freq. of Parent: Proliferating,CD8,Neg vs ATB,0.13082583755471952
CCR6- CXCR3-,DosR,Freq. of Parent,Proliferating,Freq. of Parent: Proliferating,CD8,Neg vs ATB,0.9650216587392895
CD107a,DosR,Freq. of Parent,Proliferating,Freq. of Parent: Proliferating,CD8,Neg vs ATB,0.30520140068559426
CD45RO+ CD27+,DosR,Freq. of Parent,Proliferating,Freq. of Parent: Proliferating,CD8,Neg vs ATB,0.9705962435024371
CD45RO+ CD27-,DosR,Freq. of Parent,Proliferating,Freq. of Parent: Proliferating,CD8,Neg vs ATB,0.45596992424350724
CD45RO- CD27+,DosR,Freq. of Parent,Proliferating,Freq. of Parent: Proliferating,CD8,Neg vs ATB,0.8261435962039563
CD45RO- CD27-,DosR,Freq. of Parent,Proliferating,Freq. of Parent: Proliferating,CD8,Neg vs ATB,0.5799738851933067
HLA-DR+ CD38+,DosR,Freq. of Parent,Proliferating,Freq. of Parent: Proliferating,CD8,Neg vs ATB,0.4385585566709539
IFNy,DosR,Freq. of Parent,Proliferating,Freq. of Parent: Proliferating,CD8,Neg vs ATB,0.5700552891920261
IL-17a,DosR,Freq. of Parent,Proliferating,Freq. of Parent: Proliferating,CD8,Neg vs ATB,0.3357510815057055
IL-2,DosR,Freq. of Parent,Proliferating,Freq. of Parent: Proliferating,CD8,Neg vs ATB,0.38114433566478145
IL-21,DosR,Freq. of Parent,Proliferating,Freq. of Parent: Proliferating,CD8,Neg vs ATB,0.4081423703704582
IL-22,DosR,Freq. of Parent,Proliferating,Freq. of Parent: Proliferating,CD8,Neg vs ATB,0.4786135950322108
PD-1,DosR,Freq. of Parent,Proliferating,Freq. of Parent: Proliferating,CD8,Neg vs ATB,1
TNFa,DosR,Freq. of Parent,Proliferating,Freq. of Parent: Proliferating,CD8,Neg vs ATB,0.2589277918143087
CCR6+ CXCR3+,DosR,Freq. of Parent,Proliferating,Freq. of Parent: Proliferating,CD8,Pos vs ATB,0.4276354732778289
CCR6+ CXCR3-,DosR,Freq. of Parent,Proliferating,Freq. of Parent: Proliferating,CD8,Pos vs ATB,0.5803268641112364
CCR6- CXCR3+,DosR,Freq. of Parent,Proliferating,Freq. of Parent: Proliferating,CD8,Pos vs ATB,0.9705962435024371
CCR6- CXCR3-,DosR,Freq. of Parent,Proliferating,Freq. of Parent: Proliferating,CD8,Pos vs ATB,0.9650216587392895
CD107a,DosR,Freq. of Parent,Proliferating,Freq. of Parent: Proliferating,CD8,Pos vs ATB,0.30520140068559426
CD45RO+ CD27+,DosR,Freq. of Parent,Proliferating,Freq. of Parent: Proliferating,CD8,Pos vs ATB,0.9705962435024371
CD45RO+ CD27-,DosR,Freq. of Parent,Proliferating,Freq. of Parent: Proliferating,CD8,Pos vs ATB,0.24958416068974434
CD45RO- CD27+,DosR,Freq. of Parent,Proliferating,Freq. of Parent: Proliferating,CD8,Pos vs ATB,0.8261435962039563
CD45RO- CD27-,DosR,Freq. of Parent,Proliferating,Freq. of Parent: Proliferating,CD8,Pos vs ATB,0.9702928958816464
HLA-DR+ CD38+,DosR,Freq. of Parent,Proliferating,Freq. of Parent: Proliferating,CD8,Pos vs ATB,0.4385585566709539
IFNy,DosR,Freq. of Parent,Proliferating,Freq. of Parent: Proliferating,CD8,Pos vs ATB,0.5700552891920261
IL-17a,DosR,Freq. of Parent,Proliferating,Freq. of Parent: Proliferating,CD8,Pos vs ATB,0.3357510815057055
IL-2,DosR,Freq. of Parent,Proliferating,Freq. of Parent: Proliferating,CD8,Pos vs ATB,0.8537353611751298
IL-21,DosR,Freq. of Parent,Proliferating,Freq. of Parent: Proliferating,CD8,Pos vs ATB,0.4081423703704582
IL-22,DosR,Freq. of Parent,Proliferating,Freq. of Parent: Proliferating,CD8,Pos vs ATB,0.4786135950322108
PD-1,DosR,Freq. of Parent,Proliferating,Freq. of Parent: Proliferating,CD8,Pos vs ATB,1
TNFa,DosR,Freq. of Parent,Proliferating,Freq. of Parent: Proliferating,CD8,Pos vs ATB,0.2589277918143087
CCR6+ CXCR3+,DosR,Freq. of Parent,Proliferating,Freq. of Parent: Proliferating,CD8,Pos vs Neg,0.965013045725308
CCR6+ CXCR3-,DosR,Freq. of Parent,Proliferating,Freq. of Parent: Proliferating,CD8,Pos vs Neg,0.22178416791155772
CCR6- CXCR3+,DosR,Freq. of Parent,Proliferating,Freq. of Parent: Proliferating,CD8,Pos vs Neg,0.06395861725875825
CCR6- CXCR3-,DosR,Freq. of Parent,Proliferating,Freq. of Parent: Proliferating,CD8,Pos vs Neg,0.9650216587392895
CD107a,DosR,Freq. of Parent,Proliferating,Freq. of Parent: Proliferating,CD8,Pos vs Neg,0.9127010310968687
CD45RO+ CD27+,DosR,Freq. of Parent,Proliferating,Freq. of Parent: Proliferating,CD8,Pos vs Neg,0.9705962435024371
CD45RO+ CD27-,DosR,Freq. of Parent,Proliferating,Freq. of Parent: Proliferating,CD8,Pos vs Neg,0.45596992424350724
CD45RO- CD27+,DosR,Freq. of Parent,Proliferating,Freq. of Parent: Proliferating,CD8,Pos vs Neg,0.8261435962039563
CD45RO- CD27-,DosR,Freq. of Parent,Proliferating,Freq. of Parent: Proliferating,CD8,Pos vs Neg,0.47517388964678153
HLA-DR+ CD38+,DosR,Freq. of Parent,Proliferating,Freq. of Parent: Proliferating,CD8,Pos vs Neg,0.5835811785439937
IFNy,DosR,Freq. of Parent,Proliferating,Freq. of Parent: Proliferating,CD8,Pos vs Neg,0.6769691371486106
IL-17a,DosR,Freq. of Parent,Proliferating,Freq. of Parent: Proliferating,CD8,Pos vs Neg,0.9475534957826844
IL-2,DosR,Freq. of Parent,Proliferating,Freq. of Parent: Proliferating,CD8,Pos vs Neg,0.38114433566478145
IL-21,DosR,Freq. of Parent,Proliferating,Freq. of Parent: Proliferating,CD8,Pos vs Neg,0.7421111725343423
IL-22,DosR,Freq. of Parent,Proliferating,Freq. of Parent: Proliferating,CD8,Pos vs Neg,0.9650001142661959
PD-1,DosR,Freq. of Parent,Proliferating,Freq. of Parent: Proliferating,CD8,Pos vs Neg,1
TNFa,DosR,Freq. of Parent,Proliferating,Freq. of Parent: Proliferating,CD8,Pos vs Neg,0.49668179200160284
CCR6+ CXCR3+,DosR,Freq. of Parent,Proliferating,Freq. of Parent: Proliferating,gd TCR,Neg vs ATB,0.8953333518420598
CCR6+ CXCR3-,DosR,Freq. of Parent,Proliferating,Freq. of Parent: Proliferating,gd TCR,Neg vs ATB,0.8953333518420598
CCR6- CXCR3+,DosR,Freq. of Parent,Proliferating,Freq. of Parent: Proliferating,gd TCR,Neg vs ATB,0.9650216587392895
CCR6- CXCR3-,DosR,Freq. of Parent,Proliferating,Freq. of Parent: Proliferating,gd TCR,Neg vs ATB,0.26165167510943904
CD107a,DosR,Freq. of Parent,Proliferating,Freq. of Parent: Proliferating,gd TCR,Neg vs ATB,0.4172056576424432
HLA-DR+ CD38+,DosR,Freq. of Parent,Proliferating,Freq. of Parent: Proliferating,gd TCR,Neg vs ATB,0.5686182086635944
IFNy,DosR,Freq. of Parent,Proliferating,Freq. of Parent: Proliferating,gd TCR,Neg vs ATB,0.020286638801133697
IL-17a,DosR,Freq. of Parent,Proliferating,Freq. of Parent: Proliferating,gd TCR,Neg vs ATB,0.8537761957990148
IL-2,DosR,Freq. of Parent,Proliferating,Freq. of Parent: Proliferating,gd TCR,Neg vs ATB,0.9650063171057915
IL-21,DosR,Freq. of Parent,Proliferating,Freq. of Parent: Proliferating,gd TCR,Neg vs ATB,0.8953333518420598
IL-22,DosR,Freq. of Parent,Proliferating,Freq. of Parent: Proliferating,gd TCR,Neg vs ATB,1
PD-1,DosR,Freq. of Parent,Proliferating,Freq. of Parent: Proliferating,gd TCR,Neg vs ATB,0.6726038174415166
TNFa,DosR,Freq. of Parent,Proliferating,Freq. of Parent: Proliferating,gd TCR,Neg vs ATB,0.7588659735380152
CCR6+ CXCR3+,DosR,Freq. of Parent,Proliferating,Freq. of Parent: Proliferating,gd TCR,Pos vs ATB,0.1457577341544537
CCR6+ CXCR3-,DosR,Freq. of Parent,Proliferating,Freq. of Parent: Proliferating,gd TCR,Pos vs ATB,0.24177885636720617
CCR6- CXCR3+,DosR,Freq. of Parent,Proliferating,Freq. of Parent: Proliferating,gd TCR,Pos vs ATB,0.9650216587392895
CCR6- CXCR3-,DosR,Freq. of Parent,Proliferating,Freq. of Parent: Proliferating,gd TCR,Pos vs ATB,0.2955149967693623
CD107a,DosR,Freq. of Parent,Proliferating,Freq. of Parent: Proliferating,gd TCR,Pos vs ATB,0.4172056576424432
HLA-DR+ CD38+,DosR,Freq. of Parent,Proliferating,Freq. of Parent: Proliferating,gd TCR,Pos vs ATB,0.5686182086635944
IFNy,DosR,Freq. of Parent,Proliferating,Freq. of Parent: Proliferating,gd TCR,Pos vs ATB,0.020286638801133697
IL-17a,DosR,Freq. of Parent,Proliferating,Freq. of Parent: Proliferating,gd TCR,Pos vs ATB,0.8537761957990148
IL-2,DosR,Freq. of Parent,Proliferating,Freq. of Parent: Proliferating,gd TCR,Pos vs ATB,0.9650063171057915
IL-21,DosR,Freq. of Parent,Proliferating,Freq. of Parent: Proliferating,gd TCR,Pos vs ATB,0.5066076287314699
IL-22,DosR,Freq. of Parent,Proliferating,Freq. of Parent: Proliferating,gd TCR,Pos vs ATB,0.8703298914986384
PD-1,DosR,Freq. of Parent,Proliferating,Freq. of Parent: Proliferating,gd TCR,Pos vs ATB,0.6026034555830968
TNFa,DosR,Freq. of Parent,Proliferating,Freq. of Parent: Proliferating,gd TCR,Pos vs ATB,0.7588659735380152
CCR6+ CXCR3+,DosR,Freq. of Parent,Proliferating,Freq. of Parent: Proliferating,gd TCR,Pos vs Neg,0.13802822272864584
CCR6+ CXCR3-,DosR,Freq. of Parent,Proliferating,Freq. of Parent: Proliferating,gd TCR,Pos vs Neg,0.03091754859547468
CCR6- CXCR3+,DosR,Freq. of Parent,Proliferating,Freq. of Parent: Proliferating,gd TCR,Pos vs Neg,0.46197711273016495
CCR6- CXCR3-,DosR,Freq. of Parent,Proliferating,Freq. of Parent: Proliferating,gd TCR,Pos vs Neg,0.8435630017436775
CD107a,DosR,Freq. of Parent,Proliferating,Freq. of Parent: Proliferating,gd TCR,Pos vs Neg,0.4172056576424432
HLA-DR+ CD38+,DosR,Freq. of Parent,Proliferating,Freq. of Parent: Proliferating,gd TCR,Pos vs Neg,0.5686182086635944
IFNy,DosR,Freq. of Parent,Proliferating,Freq. of Parent: Proliferating,gd TCR,Pos vs Neg,0.1671663375062661
IL-17a,DosR,Freq. of Parent,Proliferating,Freq. of Parent: Proliferating,gd TCR,Pos vs Neg,0.8537761957990148
IL-2,DosR,Freq. of Parent,Proliferating,Freq. of Parent: Proliferating,gd TCR,Pos vs Neg,0.79020559675104185
IL-21,DosR,Freq. of Parent,Proliferating,Freq. of Parent: Proliferating,gd TCR,Pos vs Neg,0.5066076287314699
IL-22,DosR,Freq. of Parent,Proliferating,Freq. of Parent: Proliferating,gd TCR,Pos vs Neg,0.8703298914986384
PD-1,DosR,Freq. of Parent,Proliferating,Freq. of Parent: Proliferating,gd TCR,Pos vs Neg,0.6026034555830968
TNFa,DosR,Freq. of Parent,Proliferating,Freq. of Parent: Proliferating,gd TCR,Pos vs Neg,0.39089606890317
CCR6- CXCR3- / CCR4+,E6C10,Freq. of Grandparent,Proliferating,Freq. of Grandparent: Proliferating,CD4,Neg vs ATB,0.10613647243305291
CCR6- CXCR3- / CCR4+,E6C10,Freq. of Grandparent,Proliferating,Freq. of Grandparent: Proliferating,CD4,Pos vs ATB,0.31000904181779154
CCR6- CXCR3- / CCR4+,E6C10,Freq. of Grandparent,Proliferating,Freq. of Grandparent: Proliferating,CD4,Pos vs Neg,0.19706927521756257
CCR6+ CXCR3- / CD161+,E6C10,Freq. of Parent,CCR6+ CXCR3-,Freq. of Parent: CCR6+ CXCR3-,CD4,Neg vs ATB,1
CCR6+ CXCR3- / CD161+,E6C10,Freq. of Parent,CCR6+ CXCR3-,Freq. of Parent: CCR6+ CXCR3-,CD4,Pos vs ATB,1
CCR6+ CXCR3- / CD161+,E6C10,Freq. of Parent,CCR6+ CXCR3-,Freq. of Parent: CCR6+ CXCR3-,CD4,Pos vs Neg,1
CCR6- CXCR3- / CCR4+,E6C10,Freq. of Parent,CCR6- CXCR3-,Freq. of Parent: CCR6- CXCR3-,CD4,Neg vs ATB,0.6865979062500406
CCR6- CXCR3- / CCR4+,E6C10,Freq. of Parent,CCR6- CXCR3-,Freq. of Parent: CCR6- CXCR3-,CD4,Pos vs ATB,1
CCR6- CXCR3- / CCR4+,E6C10,Freq. of Parent,CCR6- CXCR3-,Freq. of Parent: CCR6- CXCR3-,CD4,Pos vs Neg,0.6865979062500406
CD45RO+ CD27+ / CXCR5+,E6C10,Freq. of Parent,CD45RO+ CD27+,Freq. of Parent: CD45RO+ CD27+,CD4,Neg vs ATB,0.7105230229164894
CD45RO+ CD27+ / CXCR5+,E6C10,Freq. of Parent,CD45RO+ CD27+,Freq. of Parent: CD45RO+ CD27+,CD4,Pos vs ATB,0.7105230229164894
CD45RO+ CD27+ / CXCR5+,E6C10,Freq. of Parent,CD45RO+ CD27+,Freq. of Parent: CD45RO+ CD27+,CD4,Pos vs Neg,0.7105230229164894
CCR6+ CXCR3+,E6C10,Freq. of Parent,Proliferating,Freq. of Parent: Proliferating,CD4,Neg vs ATB,0.9735656293894361
CCR6+ CXCR3-,E6C10,Freq. of Parent,Proliferating,Freq. of Parent: Proliferating,CD4,Neg vs ATB,0.011064485083719763
CCR6- CXCR3+,E6C10,Freq. of Parent,Proliferating,Freq. of Parent: Proliferating,CD4,Neg vs ATB,0.12704615837680752
CCR6- CXCR3-,E6C10,Freq. of Parent,Proliferating,Freq. of Parent: Proliferating,CD4,Neg vs ATB,0.21207567314877385
CD45RO+ CD27+,E6C10,Freq. of Parent,Proliferating,Freq. of Parent: Proliferating,CD4,Neg vs ATB,0.013302024909301961
CD45RO+ CD27-,E6C10,Freq. of Parent,Proliferating,Freq. of Parent: Proliferating,CD4,Neg vs ATB,0.19056923756521127
CD45RO- CD27+,E6C10,Freq. of Parent,Proliferating,Freq. of Parent: Proliferating,CD4,Neg vs ATB,1
CD45RO- CD27-,E6C10,Freq. of Parent,Proliferating,Freq. of Parent: Proliferating,CD4,Neg vs ATB,0.3017674750545587
HLA-DR+ CD38+,E6C10,Freq. of Parent,Proliferating,Freq. of Parent: Proliferating,CD4,Neg vs ATB,0.1363092143816488
IFNy,E6C10,Freq. of Parent,Proliferating,Freq. of Parent: Proliferating,CD4,Neg vs ATB,0.06496221421618795
IL-17a,E6C10,Freq. of Parent,Proliferating,Freq. of Parent: Proliferating,CD4,Neg vs ATB,0.5143093957345738
IL-2,E6C10,Freq. of Parent,Proliferating,Freq. of Parent: Proliferating,CD4,Neg vs ATB,0.5059654037921829
IL-21,E6C10,Freq. of Parent,Proliferating,Freq. of Parent: Proliferating,CD4,Neg vs ATB,0.9163591402734885
IL-22,E6C10,Freq. of Parent,Proliferating,Freq. of Parent: Proliferating,CD4,Neg vs ATB,0.6496013650716779
PD-1,E6C10,Freq. of Parent,Proliferating,Freq. of Parent: Proliferating,CD4,Neg vs ATB,0.39710114582625095
TNFa,E6C10,Freq. of Parent,Proliferating,Freq. of Parent: Proliferating,CD4,Neg vs ATB,0.5649085443053756
CCR6+ CXCR3+,E6C10,Freq. of Parent,Proliferating,Freq. of Parent: Proliferating,CD4,Pos vs ATB,0.9735656293894361
CCR6+ CXCR3-,E6C10,Freq. of Parent,Proliferating,Freq. of Parent: Proliferating,CD4,Pos vs ATB,0.700180350768665
CCR6- CXCR3+,E6C10,Freq. of Parent,Proliferating,Freq. of Parent: Proliferating,CD4,Pos vs ATB,0.12704615837680752
CCR6- CXCR3-,E6C10,Freq. of Parent,Proliferating,Freq. of Parent: Proliferating,CD4,Pos vs ATB,0.21207567314877385
CD45RO+ CD27+,E6C10,Freq. of Parent,Proliferating,Freq. of Parent: Proliferating,CD4,Pos vs ATB,0.17206125605810618
CD45RO+ CD27-,E6C10,Freq. of Parent,Proliferating,Freq. of Parent: Proliferating,CD4,Pos vs ATB,1
CD45RO- CD27+,E6C10,Freq. of Parent,Proliferating,Freq. of Parent: Proliferating,CD4,Pos vs ATB,1
CD45RO- CD27-,E6C10,Freq. of Parent,Proliferating,Freq. of Parent: Proliferating,CD4,Pos vs ATB,0.8609160202836601
HLA-DR+ CD38+,E6C10,Freq. of Parent,Proliferating,Freq. of Parent: Proliferating,CD4,Pos vs ATB,0.6490437529262908
IFNy,E6C10,Freq. of Parent,Proliferating,Freq. of Parent: Proliferating,CD4,Pos vs ATB,0.8064184798032751
IL-17a,E6C10,Freq. of Parent,Proliferating,Freq. of Parent: Proliferating,CD4,Pos vs ATB,0.22261023398926555
IL-2,E6C10,Freq. of Parent,Proliferating,Freq. of Parent: Proliferating,CD4,Pos vs ATB,0.5059654037921829
IL-21,E6C10,Freq. of Parent,Proliferating,Freq. of Parent: Proliferating,CD4,Pos vs ATB,0.9163591402734885
IL-22,E6C10,Freq. of Parent,Proliferating,Freq. of Parent: Proliferating,CD4,Pos vs ATB,0.631090126183331
PD-1,E6C10,Freq. of Parent,Proliferating,Freq. of Parent: Proliferating,CD4,Pos vs ATB,0.39710114582625095
TNFa,E6C10,Freq. of Parent,Proliferating,Freq. of Parent: Proliferating,CD4,Pos vs ATB,0.5649085443053756
CCR6+ CXCR3+,E6C10,Freq. of Parent,Proliferating,Freq. of Parent: Proliferating,CD4,Pos vs Neg,1
CCR6+ CXCR3-,E6C10,Freq. of Parent,Proliferating,Freq. of Parent: Proliferating,CD4,Pos vs Neg,0.011064485083719763
CCR6- CXCR3+,E6C10,Freq. of Parent,Proliferating,Freq. of Parent: Proliferating,CD4,Pos vs Neg,0.0017872028571130833
CCR6- CXCR3-,E6C10,Freq. of Parent,Proliferating,Freq. of Parent: Proliferating,CD4,Pos vs Neg,0.5383828679426088
CD45RO+ CD27+,E6C10,Freq. of Parent,Proliferating,Freq. of Parent: Proliferating,CD4,Pos vs Neg,0.019644537406604778
CD45RO+ CD27-,E6C10,Freq. of Parent,Proliferating,Freq. of Parent: Proliferating,CD4,Pos vs Neg,0.03931665445850278
CD45RO- CD27+,E6C10,Freq. of Parent,Proliferating,Freq. of Parent: Proliferating,CD4,Pos vs Neg,1
CD45RO- CD27-,E6C10,Freq. of Parent,Proliferating,Freq. of Parent: Proliferating,CD4,Pos vs Neg,0.29825233079952734
HLA-DR+ CD38+,E6C10,Freq. of Parent,Proliferating,Freq. of Parent: Proliferating,CD4,Pos vs Neg,0.03931665445850278
IFNy,E6C10,Freq. of Parent,Proliferating,Freq. of Parent: Proliferating,CD4,Pos vs Neg,0.02489641038961377
IL-17a,E6C10,Freq. of Parent,Proliferating,Freq. of Parent: Proliferating,CD4,Pos vs Neg,0.5383828679426088
IL-2,E6C10,Freq. of Parent,Proliferating,Freq. of Parent: Proliferating,CD4,Pos vs Neg,0.14829016323524769
IL-21,E6C10,Freq. of Parent,Proliferating,Freq. of Parent: Proliferating,CD4,Pos vs Neg,0.7248214446994355
IL-22,E6C10,Freq. of Parent,Proliferating,Freq. of Parent: Proliferating,CD4,Pos vs Neg,0.5909521461817179
PD-1,E6C10,Freq. of Parent,Proliferating,Freq. of Parent: Proliferating,CD4,Pos vs Neg,0.39710114582625095
TNFa,E6C10,Freq. of Parent,Proliferating,Freq. of Parent: Proliferating,CD4,Pos vs Neg,0.5649085443053756
CCR6+ CXCR3+,E6C10,Freq. of Parent,Proliferating,Freq. of Parent: Proliferating,CD8,Neg vs ATB,0.827009515191582
CCR6+ CXCR3-,E6C10,Freq. of Parent,Proliferating,Freq. of Parent: Proliferating,CD8,Neg vs ATB,1
CCR6- CXCR3+,E6C10,Freq. of Parent,Proliferating,Freq. of Parent: Proliferating,CD8,Neg vs ATB,0.8366374024005889
CCR6- CXCR3-,E6C10,Freq. of Parent,Proliferating,Freq. of Parent: Proliferating,CD8,Neg vs ATB,1
CD107a,E6C10,Freq. of Parent,Proliferating,Freq. of Parent: Proliferating,CD8,Neg vs ATB,0.15777916381577875
CD45RO+ CD27+,E6C10,Freq. of Parent,Proliferating,Freq. of Parent: Proliferating,CD8,Neg vs ATB,0.26031933268177976
CD45RO+ CD27-,E6C10,Freq. of Parent,Proliferating,Freq. of Parent: Proliferating,CD8,Neg vs ATB,0.09522979584115125
CD45RO- CD27+,E6C10,Freq. of Parent,Proliferating,Freq. of Parent: Proliferating,CD8,Neg vs ATB,0.20624683714798453
CD45RO- CD27-,E6C10,Freq. of Parent,Proliferating,Freq. of Parent: Proliferating,CD8,Neg vs ATB,0.9607962264563512
HLA-DR+ CD38+,E6C10,Freq. of Parent,Proliferating,Freq. of Parent: Proliferating,CD8,Neg vs ATB,0.034823291263178485
IFNy,E6C10,Freq. of Parent,Proliferating,Freq. of Parent: Proliferating,CD8,Neg vs ATB,0.09508058213703184
IL-17a,E6C10,Freq. of Parent,Proliferating,Freq. of Parent: Proliferating,CD8,Neg vs ATB,0.6238930772082073
IL-2,E6C10,Freq. of Parent,Proliferating,Freq. of Parent: Proliferating,CD8,Neg vs ATB,0.8363946663119437
IL-21,E6C10,Freq. of Parent,Proliferating,Freq. of Parent: Proliferating,CD8,Neg vs ATB,0.9670927530407483
IL-22,E6C10,Freq. of Parent,Proliferating,Freq. of Parent: Proliferating,CD8,Neg vs ATB,0.9007937160921933
PD-1,E6C10,Freq. of Parent,Proliferating,Freq. of Parent: Proliferating,CD8,Neg vs ATB,0.05141306061320766
TNFa,E6C10,Freq. of Parent,Proliferating,Freq. of Parent: Proliferating,CD8,Neg vs ATB,0.5797143461568489
CCR6+ CXCR3+,E6C10,Freq. of Parent,Proliferating,Freq. of Parent: Proliferating,CD8,Pos vs ATB,0.827009515191582
CCR6+ CXCR3-,E6C10,Freq. of Parent,Proliferating,Freq. of Parent: Proliferating,CD8,Pos vs ATB,0.4650135627266873
CCR6- CXCR3+,E6C10,Freq. of Parent,Proliferating,Freq. of Parent: Proliferating,CD8,Pos vs ATB,0.29547607309085894
CCR6- CXCR3-,E6C10,Freq. of Parent,Proliferating,Freq. of Parent: Proliferating,CD8,Pos vs ATB,0.5576896039448369
CD107a,E6C10,Freq. of Parent,Proliferating,Freq. of Parent: Proliferating,CD8,Pos vs ATB,0.22680795925694303
CD45RO+ CD27+,E6C10,Freq. of Parent,Proliferating,Freq. of Parent: Proliferating,CD8,Pos vs ATB,0.7527138062630525
CD45RO+ CD27-,E6C10,Freq. of Parent,Proliferating,Freq. of Parent: Proliferating,CD8,Pos vs ATB,0.8610521238150397
CD45RO- CD27+,E6C10,Freq. of Parent,Proliferating,Freq. of Parent: Proliferating,CD8,Pos vs ATB,0.9162766728078808
CD45RO- CD27-,E6C10,Freq. of Parent,Proliferating,Freq. of Parent: Proliferating,CD8,Pos vs ATB,0.9718296276593689
HLA-DR+ CD38+,E6C10,Freq. of Parent,Proliferating,Freq. of Parent: Proliferating,CD8,Pos vs ATB,0.9163591402734885
IFNy,E6C10,Freq. of Parent,Proliferating,Freq. of Parent: Proliferating,CD8,Pos vs ATB,0.5517639051903802
IL-17a,E6C10,Freq. of Parent,Proliferating,Freq. of Parent: Proliferating,CD8,Pos vs ATB,0.6238930772082073
IL-2,E6C10,Freq. of Parent,Proliferating,Freq. of Parent: Proliferating,CD8,Pos vs ATB,0.5856926129111462
IL-21,E6C10,Freq. of Parent,Proliferating,Freq. of Parent: Proliferating,CD8,Pos vs ATB,0.9670927530407483
IL-22,E6C10,Freq. of Parent,Proliferating,Freq. of Parent: Proliferating,CD8,Pos vs ATB,0.435161516005559
PD-1,E6C10,Freq. of Parent,Proliferating,Freq. of Parent: Proliferating,CD8,Pos vs ATB,0.34076184771409296
TNFa,E6C10,Freq. of Parent,Proliferating,Freq. of Parent: Proliferating,CD8,Pos vs ATB,0.5797143461568489
CCR6+ CXCR3+,E6C10,Freq. of Parent,Proliferating,Freq. of Parent: Proliferating,CD8,Pos vs Neg,0.827009515191582
CCR6+ CXCR3-,E6C10,Freq. of Parent,Proliferating,Freq. of Parent: Proliferating,CD8,Pos vs Neg,0.3940218468794684
CCR6- CXCR3+,E6C10,Freq. of Parent,Proliferating,Freq. of Parent: Proliferating,CD8,Pos vs Neg,0.29547607309085894
CCR6- CXCR3-,E6C10,Freq. of Parent,Proliferating,Freq. of Parent: Proliferating,CD8,Pos vs Neg,0.5576896039448369
CD107a,E6C10,Freq. of Parent,Proliferating,Freq. of Parent: Proliferating,CD8,Pos vs Neg,1
CD45RO+ CD27+,E6C10,Freq. of Parent,Proliferating,Freq. of Parent: Proliferating,CD8,Pos vs Neg,0.26031933268177976
CD45RO+ CD27-,E6C10,Freq. of Parent,Proliferating,Freq. of Parent: Proliferating,CD8,Pos vs Neg,0.00818186133950639
CD45RO- CD27+,E6C10,Freq. of Parent,Proliferating,Freq. of Parent: Proliferating,CD8,Pos vs Neg,0.16233338846046844
CD45RO- CD27-,E6C10,Freq. of Parent,Proliferating,Freq. of Parent: Proliferating,CD8,Pos vs Neg,0.9607962264563512
HLA-DR+ CD38+,E6C10,Freq. of Parent,Proliferating,Freq. of Parent: Proliferating,CD8,Pos vs Neg,0.013588961421680347
IFNy,E6C10,Freq. of Parent,Proliferating,Freq. of Parent: Proliferating,CD8,Pos vs Neg,0.022111121879394863
IL-17a,E6C10,Freq. of Parent,Proliferating,Freq. of Parent: Proliferating,CD8,Pos vs Neg,0.6113402747015911
IL-2,E6C10,Freq. of Parent,Proliferating,Freq. of Parent: Proliferating,CD8,Pos vs Neg,0.8363946663119437
IL-21,E6C10,Freq. of Parent,Proliferating,Freq. of Parent: Proliferating,CD8,Pos vs Neg,0.9670927530407483
IL-22,E6C10,Freq. of Parent,Proliferating,Freq. of Parent: Proliferating,CD8,Pos vs Neg,0.435161516005559
PD-1,E6C10,Freq. of Parent,Proliferating,Freq. of Parent: Proliferating,CD8,Pos vs Neg,0.05141306061320766
TNFa,E6C10,Freq. of Parent,Proliferating,Freq. of Parent: Proliferating,CD8,Pos vs Neg,0.7208792800696524
CCR6+ CXCR3+,E6C10,Freq. of Parent,Proliferating,Freq. of Parent: Proliferating,gd TCR,Neg vs ATB,0.39826558343081064
CCR6+ CXCR3-,E6C10,Freq. of Parent,Proliferating,Freq. of Parent: Proliferating,gd TCR,Neg vs ATB,0.7728299926844475
CCR6- CXCR3+,E6C10,Freq. of Parent,Proliferating,Freq. of Parent: Proliferating,gd TCR,Neg vs ATB,0.868879922389588
CCR6- CXCR3-,E6C10,Freq. of Parent,Proliferating,Freq. of Parent: Proliferating,gd TCR,Neg vs ATB,0.7248906968859642
CD107a,E6C10,Freq. of Parent,Proliferating,Freq. of Parent: Proliferating,gd TCR,Neg vs ATB,0.9015386266571278
HLA-DR+ CD38+,E6C10,Freq. of Parent,Proliferating,Freq. of Parent: Proliferating,gd TCR,Neg vs ATB,0.06496221421618795
IFNy,E6C10,Freq. of Parent,Proliferating,Freq. of Parent: Proliferating,gd TCR,Neg vs ATB,0.5361867719001739
IL-17a,E6C10,Freq. of Parent,Proliferating,Freq. of Parent: Proliferating,gd TCR,Neg vs ATB,0.5361867719001739
IL-2,E6C10,Freq. of Parent,Proliferating,Freq. of Parent: Proliferating,gd TCR,Neg vs ATB,0.6205593165585457
IL-21,E6C10,Freq. of Parent,Proliferating,Freq. of Parent: Proliferating,gd TCR,Neg vs ATB,0.4832604645906428
IL-22,E6C10,Freq. of Parent,Proliferating,Freq. of Parent: Proliferating,gd TCR,Neg vs ATB,0.34287293048971584
PD-1,E6C10,Freq. of Parent,Proliferating,Freq. of Parent: Proliferating,gd TCR,Neg vs ATB,0.7554968749288828
TNFa,E6C10,Freq. of Parent,Proliferating,Freq. of Parent: Proliferating,gd TCR,Neg vs ATB,0.5918818629302536
CCR6+ CXCR3+,E6C10,Freq. of Parent,Proliferating,Freq. of Parent: Proliferating,gd TCR,Pos vs ATB,0.5517639051903802
CCR6+ CXCR3-,E6C10,Freq. of Parent,Proliferating,Freq. of Parent: Proliferating,gd TCR,Pos vs ATB,0.028504727413151226
CCR6- CXCR3+,E6C10,Freq. of Parent,Proliferating,Freq. of Parent: Proliferating,gd TCR,Pos vs ATB,0.17264091525410025
CCR6- CXCR3-,E6C10,Freq. of Parent,Proliferating,Freq. of Parent: Proliferating,gd TCR,Pos vs ATB,0.7248906968859642
CD107a,E6C10,Freq. of Parent,Proliferating,Freq. of Parent: Proliferating,gd TCR,Pos vs ATB,0.9015386266571278
HLA-DR+ CD38+,E6C10,Freq. of Parent,Proliferating,Freq. of Parent: Proliferating,gd TCR,Pos vs ATB,0.7261562569585598
IFNy,E6C10,Freq. of Parent,Proliferating,Freq. of Parent: Proliferating,gd TCR,Pos vs ATB,0.5361867719001739
IL-17a,E6C10,Freq. of Parent,Proliferating,Freq. of Parent: Proliferating,gd TCR,Pos vs ATB,0.5361867719001739
IL-2,E6C10,Freq. of Parent,Proliferating,Freq. of Parent: Proliferating,gd TCR,Pos vs ATB,0.1983700275157756
IL-21,E6C10,Freq. of Parent,Proliferating,Freq. of Parent: Proliferating,gd TCR,Pos vs ATB,0.12942351055667595
IL-22,E6C10,Freq. of Parent,Proliferating,Freq. of Parent: Proliferating,gd TCR,Pos vs ATB,0.29970588651647545
PD-1,E6C10,Freq. of Parent,Proliferating,Freq. of Parent: Proliferating,gd TCR,Pos vs ATB,0.10791635317977497
TNFa,E6C10,Freq. of Parent,Proliferating,Freq. of Parent: Proliferating,gd TCR,Pos vs ATB,0.2588470211133519
CCR6+ CXCR3+,E6C10,Freq. of Parent,Proliferating,Freq. of Parent: Proliferating,gd TCR,Pos vs Neg,0.08277819531126207
CCR6+ CXCR3-,E6C10,Freq. of Parent,Proliferating,Freq. of Parent: Proliferating,gd TCR,Pos vs Neg,0.003648284384492422
CCR6- CXCR3+,E6C10,Freq. of Parent,Proliferating,Freq. of Parent: Proliferating,gd TCR,Pos vs Neg,0.17264091525410025
CCR6- CXCR3-,E6C10,Freq. of Parent,Proliferating,Freq. of Parent: Proliferating,gd TCR,Pos vs Neg,0.7963973678502936
CD107a,E6C10,Freq. of Parent,Proliferating,Freq. of Parent: Proliferating,gd TCR,Pos vs Neg,0.9015386266571278
HLA-DR+ CD38+,E6C10,Freq. of Parent,Proliferating,Freq. of Parent: Proliferating,gd TCR,Pos vs Neg,0.0019177468134922672
IFNy,E6C10,Freq. of Parent,Proliferating,Freq. of Parent: Proliferating,gd TCR,Pos vs Neg,0.25266568874595924
IL-17a,E6C10,Freq. of Parent,Proliferating,Freq. of Parent: Proliferating,gd TCR,Pos vs Neg,0.5361867719001739
IL-2,E6C10,Freq. of Parent,Proliferating,Freq. of Parent: Proliferating,gd TCR,Pos vs Neg,0.017407002110875647
IL-21,E6C10,Freq. of Parent,Proliferating,Freq. of Parent: Proliferating,gd TCR,Pos vs Neg,0.12942351055667595
IL-22,E6C10,Freq. of Parent,Proliferating,Freq. of Parent: Proliferating,gd TCR,Pos vs Neg,0.34287293048971584
PD-1,E6C10,Freq. of Parent,Proliferating,Freq. of Parent: Proliferating,gd TCR,Pos vs Neg,0.10791635317977497
TNFa,E6C10,Freq. of Parent,Proliferating,Freq. of Parent: Proliferating,gd TCR,Pos vs Neg,0.31674794569308723
CCR6- CXCR3- / CCR4+,GAG,Freq. of Grandparent,Proliferating,Freq. of Grandparent: Proliferating,CD4,Neg vs ATB,0.9214774580469494
CCR6- CXCR3- / CCR4+,GAG,Freq. of Grandparent,Proliferating,Freq. of Grandparent: Proliferating,CD4,Pos vs ATB,0.9214774580469494
CCR6- CXCR3- / CCR4+,GAG,Freq. of Grandparent,Proliferating,Freq. of Grandparent: Proliferating,CD4,Pos vs Neg,0.9214774580469494
CCR6+ CXCR3- / CD161+,GAG,Freq. of Parent,CCR6+ CXCR3-,Freq. of Parent: CCR6+ CXCR3-,CD4,Neg vs ATB,0.9098020428687134
CCR6+ CXCR3- / CD161+,GAG,Freq. of Parent,CCR6+ CXCR3-,Freq. of Parent: CCR6+ CXCR3-,CD4,Pos vs ATB,0.9098020428687134
CCR6+ CXCR3- / CD161+,GAG,Freq. of Parent,CCR6+ CXCR3-,Freq. of Parent: CCR6+ CXCR3-,CD4,Pos vs Neg,0.9098020428687134
CCR6- CXCR3- / CCR4+,GAG,Freq. of Parent,CCR6- CXCR3-,Freq. of Parent: CCR6- CXCR3-,CD4,Neg vs ATB,0.9098020428687134
CCR6- CXCR3- / CCR4+,GAG,Freq. of Parent,CCR6- CXCR3-,Freq. of Parent: CCR6- CXCR3-,CD4,Pos vs ATB,0.9098020428687134
CCR6- CXCR3- / CCR4+,GAG,Freq. of Parent,CCR6- CXCR3-,Freq. of Parent: CCR6- CXCR3-,CD4,Pos vs Neg,0.9098020428687134
CD45RO+ CD27+ / CXCR5+,GAG,Freq. of Parent,CD45RO+ CD27+,Freq. of Parent: CD45RO+ CD27+,CD4,Neg vs ATB,1
CD45RO+ CD27+ / CXCR5+,GAG,Freq. of Parent,CD45RO+ CD27+,Freq. of Parent: CD45RO+ CD27+,CD4,Pos vs ATB,0.9334770789060746
CD45RO+ CD27+ / CXCR5+,GAG,Freq. of Parent,CD45RO+ CD27+,Freq. of Parent: CD45RO+ CD27+,CD4,Pos vs Neg,0.9334770789060746
CCR6+ CXCR3+,GAG,Freq. of Parent,Proliferating,Freq. of Parent: Proliferating,CD4,Neg vs ATB,1
CCR6+ CXCR3-,GAG,Freq. of Parent,Proliferating,Freq. of Parent: Proliferating,CD4,Neg vs ATB,0.5542277426654022
CCR6- CXCR3+,GAG,Freq. of Parent,Proliferating,Freq. of Parent: Proliferating,CD4,Neg vs ATB,0.6221086446818727
CCR6- CXCR3-,GAG,Freq. of Parent,Proliferating,Freq. of Parent: Proliferating,CD4,Neg vs ATB,0.5624929382025841
CD45RO+ CD27+,GAG,Freq. of Parent,Proliferating,Freq. of Parent: Proliferating,CD4,Neg vs ATB,0.8310347644874352
CD45RO+ CD27-,GAG,Freq. of Parent,Proliferating,Freq. of Parent: Proliferating,CD4,Neg vs ATB,1
CD45RO- CD27+,GAG,Freq. of Parent,Proliferating,Freq. of Parent: Proliferating,CD4,Neg vs ATB,0.5027420496460449
CD45RO- CD27-,GAG,Freq. of Parent,Proliferating,Freq. of Parent: Proliferating,CD4,Neg vs ATB,0.7320561938118022
HLA-DR+ CD38+,GAG,Freq. of Parent,Proliferating,Freq. of Parent: Proliferating,CD4,Neg vs ATB,0.8167351582026614
IFNy,GAG,Freq. of Parent,Proliferating,Freq. of Parent: Proliferating,CD4,Neg vs ATB,0.5710939048729955
IL-17a,GAG,Freq. of Parent,Proliferating,Freq. of Parent: Proliferating,CD4,Neg vs ATB,0.7993906862213915
IL-2,GAG,Freq. of Parent,Proliferating,Freq. of Parent: Proliferating,CD4,Neg vs ATB,1
IL-21,GAG,Freq. of Parent,Proliferating,Freq. of Parent: Proliferating,CD4,Neg vs ATB,1
IL-22,GAG,Freq. of Parent,Proliferating,Freq. of Parent: Proliferating,CD4,Neg vs ATB,1
PD-1,GAG,Freq. of Parent,Proliferating,Freq. of Parent: Proliferating,CD4,Neg vs ATB,0.7998461056624733
TNFa,GAG,Freq. of Parent,Proliferating,Freq. of Parent: Proliferating,CD4,Neg vs ATB,0.6933660252332683
CCR6+ CXCR3+,GAG,Freq. of Parent,Proliferating,Freq. of Parent: Proliferating,CD4,Pos vs ATB,1
CCR6+ CXCR3-,GAG,Freq. of Parent,Proliferating,Freq. of Parent: Proliferating,CD4,Pos vs ATB,0.3190526524524524
CCR6- CXCR3+,GAG,Freq. of Parent,Proliferating,Freq. of Parent: Proliferating,CD4,Pos vs ATB,0.08117528736692521
CCR6- CXCR3-,GAG,Freq. of Parent,Proliferating,Freq. of Parent: Proliferating,CD4,Pos vs ATB,0.5220037087187482
CD45RO+ CD27+,GAG,Freq. of Parent,Proliferating,Freq. of Parent: Proliferating,CD4,Pos vs ATB,0.8310347644874352
CD45RO+ CD27-,GAG,Freq. of Parent,Proliferating,Freq. of Parent: Proliferating,CD4,Pos vs ATB,1
CD45RO- CD27+,GAG,Freq. of Parent,Proliferating,Freq. of Parent: Proliferating,CD4,Pos vs ATB,0.622014849669836
CD45RO- CD27-,GAG,Freq. of Parent,Proliferating,Freq. of Parent: Proliferating,CD4,Pos vs ATB,0.7320561938118022
HLA-DR+ CD38+,GAG,Freq. of Parent,Proliferating,Freq. of Parent: Proliferating,CD4,Pos vs ATB,0.8167351582026614
IFNy,GAG,Freq. of Parent,Proliferating,Freq. of Parent: Proliferating,CD4,Pos vs ATB,0.5710939048729955
IL-17a,GAG,Freq. of Parent,Proliferating,Freq. of Parent: Proliferating,CD4,Pos vs ATB,0.7993906862213915
IL-2,GAG,Freq. of Parent,Proliferating,Freq. of Parent: Proliferating,CD4,Pos vs ATB,1
IL-21,GAG,Freq. of Parent,Proliferating,Freq. of Parent: Proliferating,CD4,Pos vs ATB,1
IL-22,GAG,Freq. of Parent,Proliferating,Freq. of Parent: Proliferating,CD4,Pos vs ATB,1
PD-1,GAG,Freq. of Parent,Proliferating,Freq. of Parent: Proliferating,CD4,Pos vs ATB,0.6387357084345138
TNFa,GAG,Freq. of Parent,Proliferating,Freq. of Parent: Proliferating,CD4,Pos vs ATB,0.06214686284283541
CCR6+ CXCR3+,GAG,Freq. of Parent,Proliferating,Freq. of Parent: Proliferating,CD4,Pos vs Neg,1
CCR6+ CXCR3-,GAG,Freq. of Parent,Proliferating,Freq. of Parent: Proliferating,CD4,Pos vs Neg,0.06143576148862892
CCR6- CXCR3+,GAG,Freq. of Parent,Proliferating,Freq. of Parent: Proliferating,CD4,Pos vs Neg,0.08117528736692521
CCR6- CXCR3-,GAG,Freq. of Parent,Proliferating,Freq. of Parent: Proliferating,CD4,Pos vs Neg,0.728126128172033
CD45RO+ CD27+,GAG,Freq. of Parent,Proliferating,Freq. of Parent: Proliferating,CD4,Pos vs Neg,0.8619853643138636
CD45RO+ CD27-,GAG,Freq. of Parent,Proliferating,Freq. of Parent: Proliferating,CD4,Pos vs Neg,1
CD45RO- CD27+,GAG,Freq. of Parent,Proliferating,Freq. of Parent: Proliferating,CD4,Pos vs Neg,0.622014849669836
CD45RO- CD27-,GAG,Freq. of Parent,Proliferating,Freq. of Parent: Proliferating,CD4,Pos vs Neg,0.7320561938118022
HLA-DR+ CD38+,GAG,Freq. of Parent,Proliferating,Freq. of Parent: Proliferating,CD4,Pos vs Neg,0.8167351582026614
IFNy,GAG,Freq. of Parent,Proliferating,Freq. of Parent: Proliferating,CD4,Pos vs Neg,0.5710939048729955
IL-17a,GAG,Freq. of Parent,Proliferating,Freq. of Parent: Proliferating,CD4,Pos vs Neg,0.8167351582026614
IL-2,GAG,Freq. of Parent,Proliferating,Freq. of Parent: Proliferating,CD4,Pos vs Neg,1
IL-21,GAG,Freq. of Parent,Proliferating,Freq. of Parent: Proliferating,CD4,Pos vs Neg,1
IL-22,GAG,Freq. of Parent,Proliferating,Freq. of Parent: Proliferating,CD4,Pos vs Neg,1
PD-1,GAG,Freq. of Parent,Proliferating,Freq. of Parent: Proliferating,CD4,Pos vs Neg,0.7998461056624733
TNFa,GAG,Freq. of Parent,Proliferating,Freq. of Parent: Proliferating,CD4,Pos vs Neg,0.04488136543889602
CCR6+ CXCR3+,GAG,Freq. of Parent,Proliferating,Freq. of Parent: Proliferating,CD8,Neg vs ATB,0.6933660252332683
CCR6+ CXCR3-,GAG,Freq. of Parent,Proliferating,Freq. of Parent: Proliferating,CD8,Neg vs ATB,0.9214774580469494
CCR6- CXCR3+,GAG,Freq. of Parent,Proliferating,Freq. of Parent: Proliferating,CD8,Neg vs ATB,0.9214774580469494
CCR6- CXCR3-,GAG,Freq. of Parent,Proliferating,Freq. of Parent: Proliferating,CD8,Neg vs ATB,0.9098020428687134
CD107a,GAG,Freq. of Parent,Proliferating,Freq. of Parent: Proliferating,CD8,Neg vs ATB,0.05767443705833751
CD45RO+ CD27+,GAG,Freq. of Parent,Proliferating,Freq. of Parent: Proliferating,CD8,Neg vs ATB,0.8566408573094932
CD45RO+ CD27-,GAG,Freq. of Parent,Proliferating,Freq. of Parent: Proliferating,CD8,Neg vs ATB,1
CD45RO- CD27+,GAG,Freq. of Parent,Proliferating,Freq. of Parent: Proliferating,CD8,Neg vs ATB,1
CD45RO- CD27-,GAG,Freq. of Parent,Proliferating,Freq. of Parent: Proliferating,CD8,Neg vs ATB,0.8313416139981034
HLA-DR+ CD38+,GAG,Freq. of Parent,Proliferating,Freq. of Parent: Proliferating,CD8,Neg vs ATB,0.9214774580469494
IFNy,GAG,Freq. of Parent,Proliferating,Freq. of Parent: Proliferating,CD8,Neg vs ATB,0.9214774580469494
IL-17a,GAG,Freq. of Parent,Proliferating,Freq. of Parent: Proliferating,CD8,Neg vs ATB,0.9077531215721959
IL-2,GAG,Freq. of Parent,Proliferating,Freq. of Parent: Proliferating,CD8,Neg vs ATB,0.5542277426654022
IL-21,GAG,Freq. of Parent,Proliferating,Freq. of Parent: Proliferating,CD8,Neg vs ATB,0.9855246930704008
IL-22,GAG,Freq. of Parent,Proliferating,Freq. of Parent: Proliferating,CD8,Neg vs ATB,0.3740073432758212
PD-1,GAG,Freq. of Parent,Proliferating,Freq. of Parent: Proliferating,CD8,Neg vs ATB,1
TNFa,GAG,Freq. of Parent,Proliferating,Freq. of Parent: Proliferating,CD8,Neg vs ATB,0.8392741560430452
CCR6+ CXCR3+,GAG,Freq. of Parent,Proliferating,Freq. of Parent: Proliferating,CD8,Pos vs ATB,0.6933660252332683
CCR6+ CXCR3-,GAG,Freq. of Parent,Proliferating,Freq. of Parent: Proliferating,CD8,Pos vs ATB,0.4618814842193356
CCR6- CXCR3+,GAG,Freq. of Parent,Proliferating,Freq. of Parent: Proliferating,CD8,Pos vs ATB,0.36984882545161385
CCR6- CXCR3-,GAG,Freq. of Parent,Proliferating,Freq. of Parent: Proliferating,CD8,Pos vs ATB,0.9098020428687134
CD107a,GAG,Freq. of Parent,Proliferating,Freq. of Parent: Proliferating,CD8,Pos vs ATB,0.019648771613858737
CD45RO+ CD27+,GAG,Freq. of Parent,Proliferating,Freq. of Parent: Proliferating,CD8,Pos vs ATB,0.8566408573094932
CD45RO+ CD27-,GAG,Freq. of Parent,Proliferating,Freq. of Parent: Proliferating,CD8,Pos vs ATB,1
CD45RO- CD27+,GAG,Freq. of Parent,Proliferating,Freq. of Parent: Proliferating,CD8,Pos vs ATB,1
CD45RO- CD27-,GAG,Freq. of Parent,Proliferating,Freq. of Parent: Proliferating,CD8,Pos vs ATB,0.9097359314728758
HLA-DR+ CD38+,GAG,Freq. of Parent,Proliferating,Freq. of Parent: Proliferating,CD8,Pos vs ATB,0.9214774580469494
IFNy,GAG,Freq. of Parent,Proliferating,Freq. of Parent: Proliferating,CD8,Pos vs ATB,0.9214774580469494
IL-17a,GAG,Freq. of Parent,Proliferating,Freq. of Parent: Proliferating,CD8,Pos vs ATB,0.9077531215721959
IL-2,GAG,Freq. of Parent,Proliferating,Freq. of Parent: Proliferating,CD8,Pos vs ATB,0.26777471188458524
IL-21,GAG,Freq. of Parent,Proliferating,Freq. of Parent: Proliferating,CD8,Pos vs ATB,1
IL-22,GAG,Freq. of Parent,Proliferating,Freq. of Parent: Proliferating,CD8,Pos vs ATB,0.3740073432758212
PD-1,GAG,Freq. of Parent,Proliferating,Freq. of Parent: Proliferating,CD8,Pos vs ATB,1
TNFa,GAG,Freq. of Parent,Proliferating,Freq. of Parent: Proliferating,CD8,Pos vs ATB,0.8392741560430452
CCR6+ CXCR3+,GAG,Freq. of Parent,Proliferating,Freq. of Parent: Proliferating,CD8,Pos vs Neg,0.6933660252332683
CCR6+ CXCR3-,GAG,Freq. of Parent,Proliferating,Freq. of Parent: Proliferating,CD8,Pos vs Neg,0.4618814842193356
CCR6- CXCR3+,GAG,Freq. of Parent,Proliferating,Freq. of Parent: Proliferating,CD8,Pos vs Neg,0.36984882545161385
CCR6- CXCR3-,GAG,Freq. of Parent,Proliferating,Freq. of Parent: Proliferating,CD8,Pos vs Neg,0.9098020428687134
CD107a,GAG,Freq. of Parent,Proliferating,Freq. of Parent: Proliferating,CD8,Pos vs Neg,0.297014144258047
CD45RO+ CD27+,GAG,Freq. of Parent,Proliferating,Freq. of Parent: Proliferating,CD8,Pos vs Neg,0.9537891368470394
CD45RO+ CD27-,GAG,Freq. of Parent,Proliferating,Freq. of Parent: Proliferating,CD8,Pos vs Neg,1
CD45RO- CD27+,GAG,Freq. of Parent,Proliferating,Freq. of Parent: Proliferating,CD8,Pos vs Neg,1
CD45RO- CD27-,GAG,Freq. of Parent,Proliferating,Freq. of Parent: Proliferating,CD8,Pos vs Neg,0.8313416139981034
HLA-DR+ CD38+,GAG,Freq. of Parent,Proliferating,Freq. of Parent: Proliferating,CD8,Pos vs Neg,0.9214774580469494
IFNy,GAG,Freq. of Parent,Proliferating,Freq. of Parent: Proliferating,CD8,Pos vs Neg,0.9214774580469494
IL-17a,GAG,Freq. of Parent,Proliferating,Freq. of Parent: Proliferating,CD8,Pos vs Neg,0.9077531215721959
IL-2,GAG,Freq. of Parent,Proliferating,Freq. of Parent: Proliferating,CD8,Pos vs Neg,0.5536090079451071
IL-21,GAG,Freq. of Parent,Proliferating,Freq. of Parent: Proliferating,CD8,Pos vs Neg,0.9855246930704008
IL-22,GAG,Freq. of Parent,Proliferating,Freq. of Parent: Proliferating,CD8,Pos vs Neg,0.3740073432758212
PD-1,GAG,Freq. of Parent,Proliferating,Freq. of Parent: Proliferating,CD8,Pos vs Neg,1
TNFa,GAG,Freq. of Parent,Proliferating,Freq. of Parent: Proliferating,CD8,Pos vs Neg,0.8392741560430452
CCR6+ CXCR3+,GAG,Freq. of Parent,Proliferating,Freq. of Parent: Proliferating,gd TCR,Neg vs ATB,0.24657607138201987
CCR6+ CXCR3-,GAG,Freq. of Parent,Proliferating,Freq. of Parent: Proliferating,gd TCR,Neg vs ATB,0.6933660252332683
CCR6- CXCR3+,GAG,Freq. of Parent,Proliferating,Freq. of Parent: Proliferating,gd TCR,Neg vs ATB,0.27823139406924324
CCR6- CXCR3-,GAG,Freq. of Parent,Proliferating,Freq. of Parent: Proliferating,gd TCR,Neg vs ATB,0.9098020428687134
CD107a,GAG,Freq. of Parent,Proliferating,Freq. of Parent: Proliferating,gd TCR,Neg vs ATB,0.13388735594229262
HLA-DR+ CD38+,GAG,Freq. of Parent,Proliferating,Freq. of Parent: Proliferating,gd TCR,Neg vs ATB,0.9214774580469494
IFNy,GAG,Freq. of Parent,Proliferating,Freq. of Parent: Proliferating,gd TCR,Neg vs ATB,0.07013867315154772
IL-17a,GAG,Freq. of Parent,Proliferating,Freq. of Parent: Proliferating,gd TCR,Neg vs ATB,0.6933660252332683
IL-2,GAG,Freq. of Parent,Proliferating,Freq. of Parent: Proliferating,gd TCR,Neg vs ATB,0.2513710248230224
IL-21,GAG,Freq. of Parent,Proliferating,Freq. of Parent: Proliferating,gd TCR,Neg vs ATB,0.2884661114806193
IL-22,GAG,Freq. of Parent,Proliferating,Freq. of Parent: Proliferating,gd TCR,Neg vs ATB,0.10445356911351714
PD-1,GAG,Freq. of Parent,Proliferating,Freq. of Parent: Proliferating,gd TCR,Neg vs ATB,0.7554968749288828
TNFa,GAG,Freq. of Parent,Proliferating,Freq. of Parent: Proliferating,gd TCR,Neg vs ATB,0.1147575673153871
CCR6+ CXCR3+,GAG,Freq. of Parent,Proliferating,Freq. of Parent: Proliferating,gd TCR,Pos vs ATB,0.4966758035508203
CCR6+ CXCR3-,GAG,Freq. of Parent,Proliferating,Freq. of Parent: Proliferating,gd TCR,Pos vs ATB,0.10873392131772727
CCR6- CXCR3+,GAG,Freq. of Parent,Proliferating,Freq. of Parent: Proliferating,gd TCR,Pos vs ATB,0.20967515475464532
CCR6- CXCR3-,GAG,Freq. of Parent,Proliferating,Freq. of Parent: Proliferating,gd TCR,Pos vs ATB,0.9098020428687134
CD107a,GAG,Freq. of Parent,Proliferating,Freq. of Parent: Proliferating,gd TCR,Pos vs ATB,0.13388735594229262
HLA-DR+ CD38+,GAG,Freq. of Parent,Proliferating,Freq. of Parent: Proliferating,gd TCR,Pos vs ATB,0.9214774580469494
IFNy,GAG,Freq. of Parent,Proliferating,Freq. of Parent: Proliferating,gd TCR,Pos vs ATB,0.08117528736692521
IL-17a,GAG,Freq. of Parent,Proliferating,Freq. of Parent: Proliferating,gd TCR,Pos vs ATB,0.6933660252332683
IL-2,GAG,Freq. of Parent,Proliferating,Freq. of Parent: Proliferating,gd TCR,Pos vs ATB,0.09407953278737449
IL-21,GAG,Freq. of Parent,Proliferating,Freq. of Parent: Proliferating,gd TCR,Pos vs ATB,0.2884661114806193
IL-22,GAG,Freq. of Parent,Proliferating,Freq. of Parent: Proliferating,gd TCR,Pos vs ATB,0.05182467269220181
PD-1,GAG,Freq. of Parent,Proliferating,Freq. of Parent: Proliferating,gd TCR,Pos vs ATB,0.7554968749288828
TNFa,GAG,Freq. of Parent,Proliferating,Freq. of Parent: Proliferating,gd TCR,Pos vs ATB,0.0638741962725167
CCR6+ CXCR3+,GAG,Freq. of Parent,Proliferating,Freq. of Parent: Proliferating,gd TCR,Pos vs Neg,0.24657607138201987
CCR6+ CXCR3-,GAG,Freq. of Parent,Proliferating,Freq. of Parent: Proliferating,gd TCR,Pos vs Neg,0.10873392131772727
CCR6- CXCR3+,GAG,Freq. of Parent,Proliferating,Freq. of Parent: Proliferating,gd TCR,Pos vs Neg,0.27823139406924324
CCR6- CXCR3-,GAG,Freq. of Parent,Proliferating,Freq. of Parent: Proliferating,gd TCR,Pos vs Neg,0.9098020428687134
CD107a,GAG,Freq. of Parent,Proliferating,Freq. of Parent: Proliferating,gd TCR,Pos vs Neg,0.562257614355146
HLA-DR+ CD38+,GAG,Freq. of Parent,Proliferating,Freq. of Parent: Proliferating,gd TCR,Pos vs Neg,0.9214774580469494
IFNy,GAG,Freq. of Parent,Proliferating,Freq. of Parent: Proliferating,gd TCR,Pos vs Neg,0.8167351582026614
IL-17a,GAG,Freq. of Parent,Proliferating,Freq. of Parent: Proliferating,gd TCR,Pos vs Neg,0.6933660252332683
IL-2,GAG,Freq. of Parent,Proliferating,Freq. of Parent: Proliferating,gd TCR,Pos vs Neg,0.33899095480519487
IL-21,GAG,Freq. of Parent,Proliferating,Freq. of Parent: Proliferating,gd TCR,Pos vs Neg,0.4173015600128222
IL-22,GAG,Freq. of Parent,Proliferating,Freq. of Parent: Proliferating,gd TCR,Pos vs Neg,0.10445356911351714
PD-1,GAG,Freq. of Parent,Proliferating,Freq. of Parent: Proliferating,gd TCR,Pos vs Neg,0.7554968749288828
TNFa,GAG,Freq. of Parent,Proliferating,Freq. of Parent: Proliferating,gd TCR,Pos vs Neg,0.0638741962725167
CCR6- CXCR3- / CCR4+,MED,Freq. of Grandparent,Proliferating,Freq. of Grandparent: Proliferating,CD4,Neg vs ATB,0.2893585296408078
CCR6- CXCR3- / CCR4+,MED,Freq. of Grandparent,Proliferating,Freq. of Grandparent: Proliferating,CD4,Pos vs ATB,0.2893585296408078
CCR6- CXCR3- / CCR4+,MED,Freq. of Grandparent,Proliferating,Freq. of Grandparent: Proliferating,CD4,Pos vs Neg,0.8892725315004424
CCR6+ CXCR3- / CD161+,MED,Freq. of Parent,CCR6+ CXCR3-,Freq. of Parent: CCR6+ CXCR3-,CD4,Neg vs ATB,0.36121158535831605
CCR6+ CXCR3- / CD161+,MED,Freq. of Parent,CCR6+ CXCR3-,Freq. of Parent: CCR6+ CXCR3-,CD4,Pos vs ATB,0.36121158535831605
CCR6+ CXCR3- / CD161+,MED,Freq. of Parent,CCR6+ CXCR3-,Freq. of Parent: CCR6+ CXCR3-,CD4,Pos vs Neg,0.36121158535831605
CCR6- CXCR3- / CCR4+,MED,Freq. of Parent,CCR6- CXCR3-,Freq. of Parent: CCR6- CXCR3-,CD4,Neg vs ATB,0.1470862530583906
CCR6- CXCR3- / CCR4+,MED,Freq. of Parent,CCR6- CXCR3-,Freq. of Parent: CCR6- CXCR3-,CD4,Pos vs ATB,0.1470862530583906
CCR6- CXCR3- / CCR4+,MED,Freq. of Parent,CCR6- CXCR3-,Freq. of Parent: CCR6- CXCR3-,CD4,Pos vs Neg,0.6906400827799861
CD45RO+ CD27+ / CXCR5+,MED,Freq. of Parent,CD45RO+ CD27+,Freq. of Parent: CD45RO+ CD27+,CD4,Neg vs ATB,0.8354127888279413
CD45RO+ CD27+ / CXCR5+,MED,Freq. of Parent,CD45RO+ CD27+,Freq. of Parent: CD45RO+ CD27+,CD4,Pos vs ATB,0.7315013507663589
CD45RO+ CD27+ / CXCR5+,MED,Freq. of Parent,CD45RO+ CD27+,Freq. of Parent: CD45RO+ CD27+,CD4,Pos vs Neg,0.7315013507663589
CCR6+ CXCR3+,MED,Freq. of Parent,Proliferating,Freq. of Parent: Proliferating,CD4,Neg vs ATB,0.8878227943953804
CCR6+ CXCR3-,MED,Freq. of Parent,Proliferating,Freq. of Parent: Proliferating,CD4,Neg vs ATB,0.023532916031540285
CCR6- CXCR3+,MED,Freq. of Parent,Proliferating,Freq. of Parent: Proliferating,CD4,Neg vs ATB,0.21584790067422724
CCR6- CXCR3-,MED,Freq. of Parent,Proliferating,Freq. of Parent: Proliferating,CD4,Neg vs ATB,0.39826558343081064
CD45RO+ CD27+,MED,Freq. of Parent,Proliferating,Freq. of Parent: Proliferating,CD4,Neg vs ATB,0.9671051194983311
CD45RO+ CD27-,MED,Freq. of Parent,Proliferating,Freq. of Parent: Proliferating,CD4,Neg vs ATB,0.3016528814074988
CD45RO- CD27+,MED,Freq. of Parent,Proliferating,Freq. of Parent: Proliferating,CD4,Neg vs ATB,0.4196868622061767
CD45RO- CD27-,MED,Freq. of Parent,Proliferating,Freq. of Parent: Proliferating,CD4,Neg vs ATB,0.634363033968218
HLA-DR+ CD38+,MED,Freq. of Parent,Proliferating,Freq. of Parent: Proliferating,CD4,Neg vs ATB,0.31667890634904733
IFNy,MED,Freq. of Parent,Proliferating,Freq. of Parent: Proliferating,CD4,Neg vs ATB,0.13812687360590944
IL-17a,MED,Freq. of Parent,Proliferating,Freq. of Parent: Proliferating,CD4,Neg vs ATB,0.05275776253780974
IL-2,MED,Freq. of Parent,Proliferating,Freq. of Parent: Proliferating,CD4,Neg vs ATB,0.4157989043974702
IL-21,MED,Freq. of Parent,Proliferating,Freq. of Parent: Proliferating,CD4,Neg vs ATB,0.15955835243737504
IL-22,MED,Freq. of Parent,Proliferating,Freq. of Parent: Proliferating,CD4,Neg vs ATB,0.5912091957929477
PD-1,MED,Freq. of Parent,Proliferating,Freq. of Parent: Proliferating,CD4,Neg vs ATB,0.7554968749288828
TNFa,MED,Freq. of Parent,Proliferating,Freq. of Parent: Proliferating,CD4,Neg vs ATB,0.19056923756521127
CCR6+ CXCR3+,MED,Freq. of Parent,Proliferating,Freq. of Parent: Proliferating,CD4,Pos vs ATB,0.8878227943953804
CCR6+ CXCR3-,MED,Freq. of Parent,Proliferating,Freq. of Parent: Proliferating,CD4,Pos vs ATB,0.023532916031540285
CCR6- CXCR3+,MED,Freq. of Parent,Proliferating,Freq. of Parent: Proliferating,CD4,Pos vs ATB,0.07507787329392732
CCR6- CXCR3-,MED,Freq. of Parent,Proliferating,Freq. of Parent: Proliferating,CD4,Pos vs ATB,0.3967400550315512
CD45RO+ CD27+,MED,Freq. of Parent,Proliferating,Freq. of Parent: Proliferating,CD4,Pos vs ATB,0.9296536530378298
CD45RO+ CD27-,MED,Freq. of Parent,Proliferating,Freq. of Parent: Proliferating,CD4,Pos vs ATB,0.3016528814074988
CD45RO- CD27+,MED,Freq. of Parent,Proliferating,Freq. of Parent: Proliferating,CD4,Pos vs ATB,0.4196868622061767
CD45RO- CD27-,MED,Freq. of Parent,Proliferating,Freq. of Parent: Proliferating,CD4,Pos vs ATB,0.6201216120815196
HLA-DR+ CD38+,MED,Freq. of Parent,Proliferating,Freq. of Parent: Proliferating,CD4,Pos vs ATB,0.4611406685972316
IFNy,MED,Freq. of Parent,Proliferating,Freq. of Parent: Proliferating,CD4,Pos vs ATB,0.13812687360590944
IL-17a,MED,Freq. of Parent,Proliferating,Freq. of Parent: Proliferating,CD4,Pos vs ATB,0.031579184923961404
IL-2,MED,Freq. of Parent,Proliferating,Freq. of Parent: Proliferating,CD4,Pos vs ATB,0.4157989043974702
IL-21,MED,Freq. of Parent,Proliferating,Freq. of Parent: Proliferating,CD4,Pos vs ATB,0.15955835243737504
IL-22,MED,Freq. of Parent,Proliferating,Freq. of Parent: Proliferating,CD4,Pos vs ATB,0.5912091957929477
PD-1,MED,Freq. of Parent,Proliferating,Freq. of Parent: Proliferating,CD4,Pos vs ATB,0.7554968749288828
TNFa,MED,Freq. of Parent,Proliferating,Freq. of Parent: Proliferating,CD4,Pos vs ATB,0.9720741574280346
CCR6+ CXCR3+,MED,Freq. of Parent,Proliferating,Freq. of Parent: Proliferating,CD4,Pos vs Neg,0.9525209600525544
CCR6+ CXCR3-,MED,Freq. of Parent,Proliferating,Freq. of Parent: Proliferating,CD4,Pos vs Neg,0.4389088631018378
CCR6- CXCR3+,MED,Freq. of Parent,Proliferating,Freq. of Parent: Proliferating,CD4,Pos vs Neg,0.10627193747020383
CCR6- CXCR3-,MED,Freq. of Parent,Proliferating,Freq. of Parent: Proliferating,CD4,Pos vs Neg,0.46273979492564554
CD45RO+ CD27+,MED,Freq. of Parent,Proliferating,Freq. of Parent: Proliferating,CD4,Pos vs Neg,0.9296536530378298
CD45RO+ CD27-,MED,Freq. of Parent,Proliferating,Freq. of Parent: Proliferating,CD4,Pos vs Neg,0.9841653411945137
CD45RO- CD27+,MED,Freq. of Parent,Proliferating,Freq. of Parent: Proliferating,CD4,Pos vs Neg,1
CD45RO- CD27-,MED,Freq. of Parent,Proliferating,Freq. of Parent: Proliferating,CD4,Pos vs Neg,0.6201216120815196
HLA-DR+ CD38+,MED,Freq. of Parent,Proliferating,Freq. of Parent: Proliferating,CD4,Pos vs Neg,0.31667890634904733
IFNy,MED,Freq. of Parent,Proliferating,Freq. of Parent: Proliferating,CD4,Pos vs Neg,0.6338047232960475
IL-17a,MED,Freq. of Parent,Proliferating,Freq. of Parent: Proliferating,CD4,Pos vs Neg,0.23367465096861176
IL-2,MED,Freq. of Parent,Proliferating,Freq. of Parent: Proliferating,CD4,Pos vs Neg,0.4157989043974702
IL-21,MED,Freq. of Parent,Proliferating,Freq. of Parent: Proliferating,CD4,Pos vs Neg,0.46251412795470953
IL-22,MED,Freq. of Parent,Proliferating,Freq. of Parent: Proliferating,CD4,Pos vs Neg,0.7452506750591963
PD-1,MED,Freq. of Parent,Proliferating,Freq. of Parent: Proliferating,CD4,Pos vs Neg,0.7554968749288828
TNFa,MED,Freq. of Parent,Proliferating,Freq. of Parent: Proliferating,CD4,Pos vs Neg,0.19056923756521127
CCR6+ CXCR3+,MED,Freq. of Parent,Proliferating,Freq. of Parent: Proliferating,CD8,Neg vs ATB,0.13802995537943105
CCR6+ CXCR3-,MED,Freq. of Parent,Proliferating,Freq. of Parent: Proliferating,CD8,Neg vs ATB,0.06731126276150999
CCR6- CXCR3+,MED,Freq. of Parent,Proliferating,Freq. of Parent: Proliferating,CD8,Neg vs ATB,0.09358985007957644
CCR6- CXCR3-,MED,Freq. of Parent,Proliferating,Freq. of Parent: Proliferating,CD8,Neg vs ATB,0.7727468908945044
CD107a,MED,Freq. of Parent,Proliferating,Freq. of Parent: Proliferating,CD8,Neg vs ATB,0.09579847316939549
CD45RO+ CD27+,MED,Freq. of Parent,Proliferating,Freq. of Parent: Proliferating,CD8,Neg vs ATB,0.8064184798032751
CD45RO+ CD27-,MED,Freq. of Parent,Proliferating,Freq. of Parent: Proliferating,CD8,Neg vs ATB,0.4614103360384924
CD45RO- CD27+,MED,Freq. of Parent,Proliferating,Freq. of Parent: Proliferating,CD8,Neg vs ATB,1
CD45RO- CD27-,MED,Freq. of Parent,Proliferating,Freq. of Parent: Proliferating,CD8,Neg vs ATB,0.951711953607652
HLA-DR+ CD38+,MED,Freq. of Parent,Proliferating,Freq. of Parent: Proliferating,CD8,Neg vs ATB,0.8264635907760222
IFNy,MED,Freq. of Parent,Proliferating,Freq. of Parent: Proliferating,CD8,Neg vs ATB,1
IL-17a,MED,Freq. of Parent,Proliferating,Freq. of Parent: Proliferating,CD8,Neg vs ATB,0.03875431331762311
IL-2,MED,Freq. of Parent,Proliferating,Freq. of Parent: Proliferating,CD8,Neg vs ATB,0.7879749691399361
IL-21,MED,Freq. of Parent,Proliferating,Freq. of Parent: Proliferating,CD8,Neg vs ATB,0.564352873400842
IL-22,MED,Freq. of Parent,Proliferating,Freq. of Parent: Proliferating,CD8,Neg vs ATB,0.06321725058673464
PD-1,MED,Freq. of Parent,Proliferating,Freq. of Parent: Proliferating,CD8,Neg vs ATB,1
TNFa,MED,Freq. of Parent,Proliferating,Freq. of Parent: Proliferating,CD8,Neg vs ATB,0.3110307264395456
CCR6+ CXCR3+,MED,Freq. of Parent,Proliferating,Freq. of Parent: Proliferating,CD8,Pos vs ATB,0.3849091321023968
CCR6+ CXCR3-,MED,Freq. of Parent,Proliferating,Freq. of Parent: Proliferating,CD8,Pos vs ATB,0.06731126276150999
CCR6- CXCR3+,MED,Freq. of Parent,Proliferating,Freq. of Parent: Proliferating,CD8,Pos vs ATB,0.09358985007957644
CCR6- CXCR3-,MED,Freq. of Parent,Proliferating,Freq. of Parent: Proliferating,CD8,Pos vs ATB,0.7727468908945044
CD107a,MED,Freq. of Parent,Proliferating,Freq. of Parent: Proliferating,CD8,Pos vs ATB,0.14935022449656
CD45RO+ CD27+,MED,Freq. of Parent,Proliferating,Freq. of Parent: Proliferating,CD8,Pos vs ATB,0.8064184798032751
CD45RO+ CD27-,MED,Freq. of Parent,Proliferating,Freq. of Parent: Proliferating,CD8,Pos vs ATB,0.4614103360384924
CD45RO- CD27+,MED,Freq. of Parent,Proliferating,Freq. of Parent: Proliferating,CD8,Pos vs ATB,1
CD45RO- CD27-,MED,Freq. of Parent,Proliferating,Freq. of Parent: Proliferating,CD8,Pos vs ATB,0.951711953607652
HLA-DR+ CD38+,MED,Freq. of Parent,Proliferating,Freq. of Parent: Proliferating,CD8,Pos vs ATB,0.8264635907760222
IFNy,MED,Freq. of Parent,Proliferating,Freq. of Parent: Proliferating,CD8,Pos vs ATB,1
IL-17a,MED,Freq. of Parent,Proliferating,Freq. of Parent: Proliferating,CD8,Pos vs ATB,0.12337615049573367
IL-2,MED,Freq. of Parent,Proliferating,Freq. of Parent: Proliferating,CD8,Pos vs ATB,0.8063246677608719
IL-21,MED,Freq. of Parent,Proliferating,Freq. of Parent: Proliferating,CD8,Pos vs ATB,0.564352873400842
IL-22,MED,Freq. of Parent,Proliferating,Freq. of Parent: Proliferating,CD8,Pos vs ATB,0.06321725058673464
PD-1,MED,Freq. of Parent,Proliferating,Freq. of Parent: Proliferating,CD8,Pos vs ATB,1
TNFa,MED,Freq. of Parent,Proliferating,Freq. of Parent: Proliferating,CD8,Pos vs ATB,0.3110307264395456
CCR6+ CXCR3+,MED,Freq. of Parent,Proliferating,Freq. of Parent: Proliferating,CD8,Pos vs Neg,0.25773313304296264
CCR6+ CXCR3-,MED,Freq. of Parent,Proliferating,Freq. of Parent: Proliferating,CD8,Pos vs Neg,0.6336335392802104
CCR6- CXCR3+,MED,Freq. of Parent,Proliferating,Freq. of Parent: Proliferating,CD8,Pos vs Neg,0.6620554150097568
CCR6- CXCR3-,MED,Freq. of Parent,Proliferating,Freq. of Parent: Proliferating,CD8,Pos vs Neg,0.7727468908945044
CD107a,MED,Freq. of Parent,Proliferating,Freq. of Parent: Proliferating,CD8,Pos vs Neg,0.3717448549822141
CD45RO+ CD27+,MED,Freq. of Parent,Proliferating,Freq. of Parent: Proliferating,CD8,Pos vs Neg,0.8064184798032751
CD45RO+ CD27-,MED,Freq. of Parent,Proliferating,Freq. of Parent: Proliferating,CD8,Pos vs Neg,0.905114646638631
CD45RO- CD27+,MED,Freq. of Parent,Proliferating,Freq. of Parent: Proliferating,CD8,Pos vs Neg,1
CD45RO- CD27-,MED,Freq. of Parent,Proliferating,Freq. of Parent: Proliferating,CD8,Pos vs Neg,0.951711953607652
HLA-DR+ CD38+,MED,Freq. of Parent,Proliferating,Freq. of Parent: Proliferating,CD8,Pos vs Neg,0.842582539060986
IFNy,MED,Freq. of Parent,Proliferating,Freq. of Parent: Proliferating,CD8,Pos vs Neg,1
IL-17a,MED,Freq. of Parent,Proliferating,Freq. of Parent: Proliferating,CD8,Pos vs Neg,0.5736909774326145
IL-2,MED,Freq. of Parent,Proliferating,Freq. of Parent: Proliferating,CD8,Pos vs Neg,0.7879749691399361
IL-21,MED,Freq. of Parent,Proliferating,Freq. of Parent: Proliferating,CD8,Pos vs Neg,0.888141715510086
IL-22,MED,Freq. of Parent,Proliferating,Freq. of Parent: Proliferating,CD8,Pos vs Neg,0.6013664283838145
PD-1,MED,Freq. of Parent,Proliferating,Freq. of Parent: Proliferating,CD8,Pos vs Neg,0.8692115727830431
TNFa,MED,Freq. of Parent,Proliferating,Freq. of Parent: Proliferating,CD8,Pos vs Neg,0.4995423066009266
CCR6+ CXCR3+,MED,Freq. of Parent,Proliferating,Freq. of Parent: Proliferating,gd TCR,Neg vs ATB,0.7105230229164894
CCR6+ CXCR3-,MED,Freq. of Parent,Proliferating,Freq. of Parent: Proliferating,gd TCR,Neg vs ATB,0.06995804553577084
CCR6- CXCR3+,MED,Freq. of Parent,Proliferating,Freq. of Parent: Proliferating,gd TCR,Neg vs ATB,0.38113847513042254
CCR6- CXCR3-,MED,Freq. of Parent,Proliferating,Freq. of Parent: Proliferating,gd TCR,Neg vs ATB,0.08506990592509087
CD107a,MED,Freq. of Parent,Proliferating,Freq. of Parent: Proliferating,gd TCR,Neg vs ATB,0.330724344735046
HLA-DR+ CD38+,MED,Freq. of Parent,Proliferating,Freq. of Parent: Proliferating,gd TCR,Neg vs ATB,0.5918818629302536
IFNy,MED,Freq. of Parent,Proliferating,Freq. of Parent: Proliferating,gd TCR,Neg vs ATB,0.03564923100337282
IL-17a,MED,Freq. of Parent,Proliferating,Freq. of Parent: Proliferating,gd TCR,Neg vs ATB,1
IL-2,MED,Freq. of Parent,Proliferating,Freq. of Parent: Proliferating,gd TCR,Neg vs ATB,0.2928463064555731
IL-21,MED,Freq. of Parent,Proliferating,Freq. of Parent: Proliferating,gd TCR,Neg vs ATB,0.42270595143968037
IL-22,MED,Freq. of Parent,Proliferating,Freq. of Parent: Proliferating,gd TCR,Neg vs ATB,1
PD-1,MED,Freq. of Parent,Proliferating,Freq. of Parent: Proliferating,gd TCR,Neg vs ATB,0.2416874239335777
TNFa,MED,Freq. of Parent,Proliferating,Freq. of Parent: Proliferating,gd TCR,Neg vs ATB,0.05317183882869114
CCR6+ CXCR3+,MED,Freq. of Parent,Proliferating,Freq. of Parent: Proliferating,gd TCR,Pos vs ATB,0.631090126183331
CCR6+ CXCR3-,MED,Freq. of Parent,Proliferating,Freq. of Parent: Proliferating,gd TCR,Pos vs ATB,0.8610181353924964
CCR6- CXCR3+,MED,Freq. of Parent,Proliferating,Freq. of Parent: Proliferating,gd TCR,Pos vs ATB,0.4271696468992899
CCR6- CXCR3-,MED,Freq. of Parent,Proliferating,Freq. of Parent: Proliferating,gd TCR,Pos vs ATB,1
CD107a,MED,Freq. of Parent,Proliferating,Freq. of Parent: Proliferating,gd TCR,Pos vs ATB,0.330724344735046
HLA-DR+ CD38+,MED,Freq. of Parent,Proliferating,Freq. of Parent: Proliferating,gd TCR,Pos vs ATB,0.5918818629302536
IFNy,MED,Freq. of Parent,Proliferating,Freq. of Parent: Proliferating,gd TCR,Pos vs ATB,0.1983700275157756
IL-17a,MED,Freq. of Parent,Proliferating,Freq. of Parent: Proliferating,gd TCR,Pos vs ATB,1
IL-2,MED,Freq. of Parent,Proliferating,Freq. of Parent: Proliferating,gd TCR,Pos vs ATB,0.2928463064555731
IL-21,MED,Freq. of Parent,Proliferating,Freq. of Parent: Proliferating,gd TCR,Pos vs ATB,0.5497856744523311
IL-22,MED,Freq. of Parent,Proliferating,Freq. of Parent: Proliferating,gd TCR,Pos vs ATB,0.595051379725862
PD-1,MED,Freq. of Parent,Proliferating,Freq. of Parent: Proliferating,gd TCR,Pos vs ATB,0.21583270635954993
TNFa,MED,Freq. of Parent,Proliferating,Freq. of Parent: Proliferating,gd TCR,Pos vs ATB,0.9163591402734885
CCR6+ CXCR3+,MED,Freq. of Parent,Proliferating,Freq. of Parent: Proliferating,gd TCR,Pos vs Neg,0.14829016323524769
CCR6+ CXCR3-,MED,Freq. of Parent,Proliferating,Freq. of Parent: Proliferating,gd TCR,Pos vs Neg,0.08901016047364092
CCR6- CXCR3+,MED,Freq. of Parent,Proliferating,Freq. of Parent: Proliferating,gd TCR,Pos vs Neg,0.4271696468992899
CCR6- CXCR3-,MED,Freq. of Parent,Proliferating,Freq. of Parent: Proliferating,gd TCR,Pos vs Neg,0.08506990592509087
CD107a,MED,Freq. of Parent,Proliferating,Freq. of Parent: Proliferating,gd TCR,Pos vs Neg,0.8582329939436477
HLA-DR+ CD38+,MED,Freq. of Parent,Proliferating,Freq. of Parent: Proliferating,gd TCR,Pos vs Neg,0.5918818629302536
IFNy,MED,Freq. of Parent,Proliferating,Freq. of Parent: Proliferating,gd TCR,Pos vs Neg,0.4872755078332215
IL-17a,MED,Freq. of Parent,Proliferating,Freq. of Parent: Proliferating,gd TCR,Pos vs Neg,1
IL-2,MED,Freq. of Parent,Proliferating,Freq. of Parent: Proliferating,gd TCR,Pos vs Neg,0.6196985099138319
IL-21,MED,Freq. of Parent,Proliferating,Freq. of Parent: Proliferating,gd TCR,Pos vs Neg,0.42270595143968037
IL-22,MED,Freq. of Parent,Proliferating,Freq. of Parent: Proliferating,gd TCR,Pos vs Neg,0.2727473834066163
PD-1,MED,Freq. of Parent,Proliferating,Freq. of Parent: Proliferating,gd TCR,Pos vs Neg,0.8877742436200268
TNFa,MED,Freq. of Parent,Proliferating,Freq. of Parent: Proliferating,gd TCR,Pos vs Neg,0.05317183882869114
