Readout,Time_Point_std,Condition,Metric,DenominatorGate,DenominatorLabel,LineageGate,n_pos,n_neg,median_pos,median_neg,median_diff_pp,p_value,cliffs_delta,p_adj,note_imbalance
CCR6- CXCR3- / CCR4+,12wks,BCG,Freq. of Grandparent,Proliferating,Freq. of Grandparent: Proliferating,CD4,10,25,0.385,0.85,-0.46499999999999997,0.18250829410155087,-0.296,0.6019787384579675,NA
CCR6+ CXCR3- / CD161+,12wks,BCG,Freq. of Parent,CCR6+ CXCR3-,Freq. of Parent: CCR6+ CXCR3-,CD4,10,25,46.601335672937225,41.35200974421437,5.249325928722854,0.25005435341731036,0.256,0.6548632418210314,NA
CCR6- CXCR3- / CCR4+,12wks,BCG,Freq. of Parent,CCR6- CXCR3-,Freq. of Parent: CCR6- CXCR3-,CD4,10,25,1.025,2.33,-1.3050000000000002,0.08610393948079843,-0.38,0.43412342075824883,NA
CD45RO+ CD27+ / CXCR5+,12wks,BCG,Freq. of Parent,CD45RO+ CD27+,Freq. of Parent: CD45RO+ CD27+,CD4,10,25,2.823406391833982,0.66,2.163406391833982,0.08281589122270992,0.384,0.43412342075824883,NA
CD45RO+ CD27-,12wks,BCG,Freq. of Parent,Proliferating,Freq. of Parent: Proliferating,CD4,10,25,50.87917839011782,66.67065497679216,-15.791476586674342,0.3517871764644995,-0.208,0.7278355375127575,NA
IFNy,12wks,BCG,Freq. of Parent,Proliferating,Freq. of Parent: Proliferating,CD4,10,25,39.3,53.9,-14.600000000000001,0.13918016711962208,-0.328,0.527477527845537,NA
IL-2,12wks,BCG,Freq. of Parent,Proliferating,Freq. of Parent: Proliferating,CD4,10,25,20.63573893376538,10.29961016310522,10.336128770660162,0.13918016711962208,0.328,0.527477527845537,NA
HLA-DR+ CD38+,12wks,BCG,Freq. of Parent,Proliferating,Freq. of Parent: Proliferating,CD4,10,25,25.903689943617096,17.229182889135476,8.67450705448162,0.13918016711962208,0.328,0.527477527845537,NA
CCR6- CXCR3-,12wks,BCG,Freq. of Parent,Proliferating,Freq. of Parent: Proliferating,CD4,10,25,60.34987011329067,51.925388141895866,8.424481971394805,0.18260021733225013,0.296,0.6019787384579675,NA
CD45RO+ CD27+,12wks,BCG,Freq. of Parent,Proliferating,Freq. of Parent: Proliferating,CD4,10,25,37.342302488352715,29.088602241488687,8.253700246864028,0.3908379798141651,0.192,0.7468241652499971,NA
CCR6- CXCR3+,12wks,BCG,Freq. of Parent,Proliferating,Freq. of Parent: Proliferating,CD4,10,25,39.25912607569451,32.906295101829905,6.352830973864606,0.14920758984664878,0.32,0.532884249452317,NA
IL-17a,12wks,BCG,Freq. of Parent,Proliferating,Freq. of Parent: Proliferating,CD4,10,25,13.25,8.56,4.6899999999999995,0.25005435341731036,0.256,0.6548632418210314,NA
TNFa,12wks,BCG,Freq. of Parent,Proliferating,Freq. of Parent: Proliferating,CD4,10,25,96.51347231993206,93.91326463756029,2.6002076823717744,0.11219695322000828,0.352,0.4878128400869925,NA
PD-1,12wks,BCG,Freq. of Parent,Proliferating,Freq. of Parent: Proliferating,CD4,10,25,8.262982186475073,6.0891021442691695,2.1738800422059033,0.3603202206167057,0.20909090909090908,0.7361313268581523,NA
CCR6+ CXCR3+,12wks,BCG,Freq. of Parent,Proliferating,Freq. of Parent: Proliferating,CD4,10,25,12.05156547098111,10.4,1.6515654709811098,0.3152685608461886,0.224,0.712628023987616,NA
CCR6+ CXCR3-,12wks,BCG,Freq. of Parent,Proliferating,Freq. of Parent: Proliferating,CD4,10,25,5.725176601013528,4.381377125708571,1.343799475304957,0.19488016624660756,0.288,0.6219579773827901,NA
CD45RO- CD27-,12wks,BCG,Freq. of Parent,Proliferating,Freq. of Parent: Proliferating,CD4,10,25,0.41500000000000004,1.73,-1.315,0.020411733926352003,-0.512,0.3199420834927047,NA
CD45RO- CD27+,12wks,BCG,Freq. of Parent,Proliferating,Freq. of Parent: Proliferating,CD4,10,25,0.69,1.95,-1.26,0.5347340485921348,-0.14,0.8311928216458053,NA
IL-21,12wks,BCG,Freq. of Parent,Proliferating,Freq. of Parent: Proliferating,CD4,10,25,12.59848781943871,11.521808880951662,1.0766789384870474,0.7014189107617657,0.088,0.922919619423376,NA
IL-22,12wks,BCG,Freq. of Parent,Proliferating,Freq. of Parent: Proliferating,CD4,10,25,3.9850000000000003,4.41,-0.4249999999999998,0.5227875407001529,-0.144,0.8219669314168175,NA
IL-2,12wks,BCG,Freq. of Parent,Proliferating,Freq. of Parent: Proliferating,CD8,10,25,44,22,22,0.06514560834738749,0.408,0.39885066335135194,NA
TNFa,12wks,BCG,Freq. of Parent,Proliferating,Freq. of Parent: Proliferating,CD8,10,25,68.65,47.2,21.450000000000003,0.1081058502079042,0.356,0.4878128400869925,NA
IL-17a,12wks,BCG,Freq. of Parent,Proliferating,Freq. of Parent: Proliferating,CD8,10,25,22.65,7.32,15.329999999999998,0.04658447780949821,0.44,0.35603140510530334,NA
CD107a,12wks,BCG,Freq. of Parent,Proliferating,Freq. of Parent: Proliferating,CD8,10,25,4.930693589025755,20.183739039532355,-15.253045450506601,0.0015856513033588996,-0.696,0.11892384775191747,NA
IL-21,12wks,BCG,Freq. of Parent,Proliferating,Freq. of Parent: Proliferating,CD8,10,25,18.6,3.86,14.740000000000002,6.375999942691444e-4,0.752,0.09563999914037166,NA
CCR6+ CXCR3-,12wks,BCG,Freq. of Parent,Proliferating,Freq. of Parent: Proliferating,CD8,10,25,19.3,6.12,13.18,0.0014880020100034106,0.7,0.11892384775191747,NA
HLA-DR+ CD38+,12wks,BCG,Freq. of Parent,Proliferating,Freq. of Parent: Proliferating,CD8,10,25,87.05,77.5,9.549999999999997,0.5109796143289606,0.148,0.8219669314168175,NA
IL-22,12wks,BCG,Freq. of Parent,Proliferating,Freq. of Parent: Proliferating,CD8,10,25,8.63,3.39,5.24,0.29795972621577166,0.232,0.7038418729506416,NA
CCR6- CXCR3+,12wks,BCG,Freq. of Parent,Proliferating,Freq. of Parent: Proliferating,CD8,10,25,29.013587939612115,32.64232343577416,-3.6287354961620437,0.3908379798141651,-0.192,0.7468241652499971,NA
PD-1,12wks,BCG,Freq. of Parent,Proliferating,Freq. of Parent: Proliferating,CD8,10,25,9.253779876430913,5.719515014690091,3.534264861740822,0.4519717081823847,0.17272727272727273,0.7971552097700063,NA
CCR6+ CXCR3+,12wks,BCG,Freq. of Parent,Proliferating,Freq. of Parent: Proliferating,CD8,10,25,13.55,16.9,-3.349999999999998,0.5714073926759137,-0.128,0.8392691157439646,NA
CD45RO- CD27-,12wks,BCG,Freq. of Parent,Proliferating,Freq. of Parent: Proliferating,CD8,10,25,0.16999999999999998,3.3900000000000006,-3.2200000000000006,0.00893646596595937,-0.576,0.2458711850403466,NA
CD45RO+ CD27-,12wks,BCG,Freq. of Parent,Proliferating,Freq. of Parent: Proliferating,CD8,10,25,28.405181825959485,31.215799650124303,-2.8106178241648188,0.23533326650958575,-0.264,0.642893415830767,NA
CD45RO- CD27+,12wks,BCG,Freq. of Parent,Proliferating,Freq. of Parent: Proliferating,CD8,10,25,5.686775966204017,3.7700000000000005,1.9167759662040167,0.7562418948872284,-0.072,0.9492576086450565,NA
IFNy,12wks,BCG,Freq. of Parent,Proliferating,Freq. of Parent: Proliferating,CD8,10,25,46.45,48.1,-1.6499999999999986,0.476440424923894,-0.16,0.8075261439388033,NA
CD45RO+ CD27+,12wks,BCG,Freq. of Parent,Proliferating,Freq. of Parent: Proliferating,CD8,10,25,32.67294865486214,33.35506026401377,-0.682111609151633,0.6220477036624747,0.112,0.8659042470795568,NA
CCR6- CXCR3-,12wks,BCG,Freq. of Parent,Proliferating,Freq. of Parent: Proliferating,CD8,10,25,67.91826530035306,67.78867062248922,0.12959467786383527,0.7014189107617657,0.088,0.922919619423376,NA
IL-17a,12wks,BCG,Freq. of Parent,Proliferating,Freq. of Parent: Proliferating,gd TCR,10,25,27,16.4,10.600000000000001,0.2281747288079888,0.268,0.642893415830767,NA
CD107a,12wks,BCG,Freq. of Parent,Proliferating,Freq. of Parent: Proliferating,gd TCR,10,25,46.503992589012675,56.99999999999999,-10.496007410987318,0.024725634794028898,-0.496,0.32250827992211606,NA
CCR6- CXCR3-,12wks,BCG,Freq. of Parent,Proliferating,Freq. of Parent: Proliferating,gd TCR,10,25,58.680501222721354,51.214213588102965,7.466287634618389,0.8408302496157976,0.048,0.9805069113756153,NA
IL-2,12wks,BCG,Freq. of Parent,Proliferating,Freq. of Parent: Proliferating,gd TCR,10,25,22.799999999999997,15.6,7.1999999999999975,0.25005435341731036,0.256,0.6548632418210314,NA
IL-22,12wks,BCG,Freq. of Parent,Proliferating,Freq. of Parent: Proliferating,gd TCR,10,25,1.73,7.15,-5.42,0.11217181611598265,-0.352,0.4878128400869925,NA
TNFa,12wks,BCG,Freq. of Parent,Proliferating,Freq. of Parent: Proliferating,gd TCR,10,25,67.25134673475537,72.2245283018868,-4.973181567131434,0.33322260186169844,-0.216,0.7191854716439534,NA
HLA-DR+ CD38+,12wks,BCG,Freq. of Parent,Proliferating,Freq. of Parent: Proliferating,gd TCR,10,25,24.261879248157662,19.87505561388142,4.386823634276244,0.5838033760701384,0.124,0.8392691157439646,NA
CCR6+ CXCR3-,12wks,BCG,Freq. of Parent,Proliferating,Freq. of Parent: Proliferating,gd TCR,10,25,7.026947851853665,3.0730209698558317,3.953926881997833,0.029807964323144573,0.48,0.3318381405923357,NA
CCR6+ CXCR3+,12wks,BCG,Freq. of Parent,Proliferating,Freq. of Parent: Proliferating,gd TCR,10,25,49.52654510637109,53.06084875392379,-3.5343036475527043,0.9854334968467763,0.008,0.9987501657230842,NA
IL-21,12wks,BCG,Freq. of Parent,Proliferating,Freq. of Parent: Proliferating,gd TCR,10,25,14.305654642962681,11.154622017917653,3.151032625045028,0.33322260186169844,0.216,0.7191854716439534,NA
IFNy,12wks,BCG,Freq. of Parent,Proliferating,Freq. of Parent: Proliferating,gd TCR,10,25,11.739611743713967,14.453340858233696,-2.7137291145197295,0.3709937270254194,-0.2,0.7442808672501356,NA
CCR6- CXCR3+,12wks,BCG,Freq. of Parent,Proliferating,Freq. of Parent: Proliferating,gd TCR,10,25,22.75,24.8,-2.0500000000000007,0.42162349256844617,-0.18,0.7807842454971226,NA
PD-1,12wks,BCG,Freq. of Parent,Proliferating,Freq. of Parent: Proliferating,gd TCR,10,25,6.2223169690456395,5.704265057212251,0.5180519118333882,0.6694625781127147,0.1,0.8966016671152428,NA
CCR6- CXCR3- / CCR4+,12wks,DosR,Freq. of Grandparent,Proliferating,Freq. of Grandparent: Proliferating,CD4,9,25,0.95,3.07,-2.12,0.020103071064480612,-0.5333333333333333,0.3199420834927047,NA
CCR6+ CXCR3- / CD161+,12wks,DosR,Freq. of Parent,CCR6+ CXCR3-,Freq. of Parent: CCR6+ CXCR3-,CD4,9,25,62.83920527495486,41.35200974421437,21.487195530740486,0.012472187924109287,0.5733333333333334,0.2458711850403466,NA
CCR6- CXCR3- / CCR4+,12wks,DosR,Freq. of Parent,CCR6- CXCR3-,Freq. of Parent: CCR6- CXCR3-,CD4,9,25,1.78,7.27,-5.489999999999999,0.013113129868818485,-0.5688888888888889,0.2458711850403466,NA
CD45RO+ CD27+ / CXCR5+,12wks,DosR,Freq. of Parent,CD45RO+ CD27+,Freq. of Parent: CD45RO+ CD27+,CD4,9,25,0.83,2,-1.17,0.9688497895961076,-0.013333333333333334,0.9974480081847108,NA
IL-17a,12wks,DosR,Freq. of Parent,Proliferating,Freq. of Parent: Proliferating,CD4,9,25,25.8,12.3,13.5,0.07893680186952201,0.40444444444444444,0.43412342075824883,NA
CCR6- CXCR3+,12wks,DosR,Freq. of Parent,Proliferating,Freq. of Parent: Proliferating,CD4,9,25,21.075936160256976,7.959911150599735,13.11602500965724,0.003866105354156378,0.6622222222222223,0.16569022946384476,NA
CCR6- CXCR3-,12wks,DosR,Freq. of Parent,Proliferating,Freq. of Parent: Proliferating,CD4,9,25,67.0139115089106,56.55301940930507,10.460892099605523,0.5581545782326588,0.13777777777777778,0.8372769741339862,NA
PD-1,12wks,DosR,Freq. of Parent,Proliferating,Freq. of Parent: Proliferating,CD4,9,25,27.716972579208555,36.44846011243714,-8.731487533228584,0.777249883206018,-0.0707070707070707,0.9644110515468972,NA
IL-2,12wks,DosR,Freq. of Parent,Proliferating,Freq. of Parent: Proliferating,CD4,9,25,13.85275240532025,6.091368356278845,7.761384049041406,0.3487548312896111,0.21777777777777776,0.7278355375127575,NA
CCR6+ CXCR3-,12wks,DosR,Freq. of Parent,Proliferating,Freq. of Parent: Proliferating,CD4,9,25,12.84260281668313,19.45242410152308,-6.609821284839949,0.035021889828065034,-0.48444444444444446,0.35021889828065034,NA
CD45RO- CD27+,12wks,DosR,Freq. of Parent,Proliferating,Freq. of Parent: Proliferating,CD4,9,25,1.92,4.13,-2.21,0.7107129826646605,-0.08888888888888889,0.9250278684417164,NA
IL-21,12wks,DosR,Freq. of Parent,Proliferating,Freq. of Parent: Proliferating,CD4,9,25,9.951161617918132,12.085754078790291,-2.1345924608721596,0.8759101041833179,-0.04,0.9805069113756153,NA
CD45RO+ CD27-,12wks,DosR,Freq. of Parent,Proliferating,Freq. of Parent: Proliferating,CD4,9,25,28.03182982125237,29.891885954951782,-1.8600561336994126,0.9067673731397972,-0.03111111111111111,0.985624416674554,NA
TNFa,12wks,DosR,Freq. of Parent,Proliferating,Freq. of Parent: Proliferating,CD4,9,25,88.02763035993306,86.31324419840347,1.714386161529589,0.639450075085221,0.1111111111111111,0.8759590069660561,NA
IFNy,12wks,DosR,Freq. of Parent,Proliferating,Freq. of Parent: Proliferating,CD4,9,25,11.6,13.3,-1.700000000000001,0.45821009481311337,-0.17333333333333334,0.7971552097700063,NA
IL-22,12wks,DosR,Freq. of Parent,Proliferating,Freq. of Parent: Proliferating,CD4,9,25,4.62,3.08,1.54,0.5068737196465689,0.15555555555555556,0.8219669314168175,NA
CD45RO- CD27-,12wks,DosR,Freq. of Parent,Proliferating,Freq. of Parent: Proliferating,CD4,9,25,0.13,1.46,-1.33,0.5193229035690273,-0.1511111111111111,0.8219669314168175,NA
HLA-DR+ CD38+,12wks,DosR,Freq. of Parent,Proliferating,Freq. of Parent: Proliferating,CD4,9,25,7.871467056646236,6.932319416640127,0.9391476400061087,0.9067673731397972,-0.03111111111111111,0.985624416674554,NA
CD45RO+ CD27+,12wks,DosR,Freq. of Parent,Proliferating,Freq. of Parent: Proliferating,CD4,9,25,57.53510197042993,57.286787450287235,0.24831452014269217,0.8759101041833179,-0.04,0.9805069113756153,NA
CCR6+ CXCR3+,12wks,DosR,Freq. of Parent,Proliferating,Freq. of Parent: Proliferating,CD4,9,25,10.039622499994527,10.155002367584387,-0.1153798675898603,0.7548035100193364,-0.07555555555555556,0.9492576086450565,NA
IL-21,12wks,DosR,Freq. of Parent,Proliferating,Freq. of Parent: Proliferating,CD8,9,25,29.9,3.54,26.36,0.02203658642406995,0.5244444444444445,0.3199420834927047,NA
IL-17a,12wks,DosR,Freq. of Parent,Proliferating,Freq. of Parent: Proliferating,CD8,9,25,36.1,13.4,22.700000000000003,0.15811029346317396,0.3244444444444444,0.5515475353366533,NA
IL-2,12wks,DosR,Freq. of Parent,Proliferating,Freq. of Parent: Proliferating,CD8,9,25,45.7,30.5,15.200000000000003,0.11825116805802234,0.36,0.49145381625135987,NA
CCR6+ CXCR3+,12wks,DosR,Freq. of Parent,Proliferating,Freq. of Parent: Proliferating,CD8,9,25,9.5,19.7,-10.2,0.09321513336868202,-0.38666666666666666,0.45843508214105916,NA
CCR6+ CXCR3-,12wks,DosR,Freq. of Parent,Proliferating,Freq. of Parent: Proliferating,CD8,9,25,25,15.8,9.2,0.12286345406283997,0.35555555555555557,0.49145381625135987,NA
PD-1,12wks,DosR,Freq. of Parent,Proliferating,Freq. of Parent: Proliferating,CD8,9,25,25.88996133118168,34.898424507817225,-9.008463176635544,0.9479465257819805,-0.020202020202020204,0.9974480081847108,NA
TNFa,12wks,DosR,Freq. of Parent,Proliferating,Freq. of Parent: Proliferating,CD8,9,25,55.3,46.5,8.799999999999997,0.9067673731397972,0.03111111111111111,0.985624416674554,NA
CD107a,12wks,DosR,Freq. of Parent,Proliferating,Freq. of Parent: Proliferating,CD8,9,25,2.2341249711782343,8.977611339292906,-6.743486368114672,0.028802206224327446,-0.5022222222222222,0.3318381405923357,NA
CCR6- CXCR3+,12wks,DosR,Freq. of Parent,Proliferating,Freq. of Parent: Proliferating,CD8,9,25,17.48600899306342,11.283240053713381,6.20276893935004,0.031768747930892446,0.49333333333333335,0.3318381405923357,NA
IL-22,12wks,DosR,Freq. of Parent,Proliferating,Freq. of Parent: Proliferating,CD8,9,25,12.4,6.36,6.04,0.5188110016696462,0.1511111111111111,0.8219669314168175,NA
CD45RO+ CD27-,12wks,DosR,Freq. of Parent,Proliferating,Freq. of Parent: Proliferating,CD8,9,25,6.573469852104666,11.672045743428065,-5.0985758913233985,0.21157455170230055,-0.28888888888888886,0.642893415830767,NA
IFNy,12wks,DosR,Freq. of Parent,Proliferating,Freq. of Parent: Proliferating,CD8,9,25,7.69,10.9,-3.21,0.3384729943436791,-0.2222222222222222,0.7201553071142108,NA
HLA-DR+ CD38+,12wks,DosR,Freq. of Parent,Proliferating,Freq. of Parent: Proliferating,CD8,9,25,58.3,60,-1.7000000000000028,0.8299771867394158,0.05333333333333334,0.9805069113756153,NA
CCR6- CXCR3-,12wks,DosR,Freq. of Parent,Proliferating,Freq. of Parent: Proliferating,CD8,9,25,72.41016399667042,70.95256133372695,1.4576026629434722,0.8452403504095852,0.04888888888888889,0.9805069113756153,NA
CD45RO+ CD27+,12wks,DosR,Freq. of Parent,Proliferating,Freq. of Parent: Proliferating,CD8,9,25,54.793026375949104,53.40977086339799,1.3832555125511163,0.5581545782326588,0.13777777777777778,0.8372769741339862,NA
CD45RO- CD27+,12wks,DosR,Freq. of Parent,Proliferating,Freq. of Parent: Proliferating,CD8,9,25,5.061864976846207,4.549999999999999,0.5118649768462085,0.8140204325023727,0.057777777777777775,0.9738851959954595,NA
CD45RO- CD27-,12wks,DosR,Freq. of Parent,Proliferating,Freq. of Parent: Proliferating,CD8,9,25,0,0,0,0.3445995883250347,-0.2,0.7278355375127575,NA
TNFa,12wks,DosR,Freq. of Parent,Proliferating,Freq. of Parent: Proliferating,gd TCR,9,25,48.14106595764785,67.93442881971875,-19.7933628620709,0.2261988793054759,-0.28,0.642893415830767,NA
CD107a,12wks,DosR,Freq. of Parent,Proliferating,Freq. of Parent: Proliferating,gd TCR,9,25,33.23641532295647,44.96040258616898,-11.723987263212514,0.08582459629829486,-0.39555555555555555,0.43412342075824883,NA
CCR6- CXCR3-,12wks,DosR,Freq. of Parent,Proliferating,Freq. of Parent: Proliferating,gd TCR,9,25,36.95496931185379,46.64427200902935,-9.689302697175563,1,0.0044444444444444444,1,NA
IL-17a,12wks,DosR,Freq. of Parent,Proliferating,Freq. of Parent: Proliferating,gd TCR,9,25,35.9,29.9,6,0.5322180176626438,0.14666666666666667,0.8311928216458053,NA
CCR6+ CXCR3+,12wks,DosR,Freq. of Parent,Proliferating,Freq. of Parent: Proliferating,gd TCR,9,25,63.6,57.69364350422846,5.90635649577154,0.667611170079932,0.10222222222222223,0.8966016671152428,NA
IL-21,12wks,DosR,Freq. of Parent,Proliferating,Freq. of Parent: Proliferating,gd TCR,9,25,15.807687296416939,18.943675380638208,-3.1359880842212693,0.9377660304714766,0.022222222222222223,0.9974480081847108,NA
HLA-DR+ CD38+,12wks,DosR,Freq. of Parent,Proliferating,Freq. of Parent: Proliferating,gd TCR,9,25,11.629411624356397,8.892111660896216,2.737299963460181,0.5846908173016286,0.1288888888888889,0.8392691157439646,NA
IL-22,12wks,DosR,Freq. of Parent,Proliferating,Freq. of Parent: Proliferating,gd TCR,9,25,3.48,6,-2.52,0.27431691913237727,-0.25333333333333335,0.6801245928901917,NA
PD-1,12wks,DosR,Freq. of Parent,Proliferating,Freq. of Parent: Proliferating,gd TCR,9,25,18.926624381907182,21.340852728919536,-2.4142283470123544,0.3493958763864273,-0.2222222222222222,0.7278355375127575,NA
CCR6+ CXCR3-,12wks,DosR,Freq. of Parent,Proliferating,Freq. of Parent: Proliferating,gd TCR,9,25,6.73679049125563,4.5487128004847115,2.1880776907709185,0.31006236468457776,0.23555555555555555,0.7102358016019528,NA
IL-2,12wks,DosR,Freq. of Parent,Proliferating,Freq. of Parent: Proliferating,gd TCR,9,25,15.9,14.4,1.5,0.2258439458897659,0.28,0.642893415830767,NA
CCR6- CXCR3+,12wks,DosR,Freq. of Parent,Proliferating,Freq. of Parent: Proliferating,gd TCR,9,25,20.8,22,-1.1999999999999993,0.6393732769573957,0.1111111111111111,0.8759590069660561,NA
IFNy,12wks,DosR,Freq. of Parent,Proliferating,Freq. of Parent: Proliferating,gd TCR,9,25,2.1907460584139606,2.9891474368043025,-0.7984013783903419,0.14861455453349812,-0.3333333333333333,0.532884249452317,NA
CCR6- CXCR3- / CCR4+,12wks,MED,Freq. of Grandparent,Proliferating,Freq. of Grandparent: Proliferating,CD4,10,25,0.525,3.66,-3.1350000000000002,0.07407186954130512,-0.392,0.4192747332526705,NA
CCR6+ CXCR3- / CD161+,12wks,MED,Freq. of Parent,CCR6+ CXCR3-,Freq. of Parent: CCR6+ CXCR3-,CD4,10,25,40.61095677507724,22.482858173944425,18.128098601132816,0.27048500510204254,0.244,0.6762125127551064,NA
CCR6- CXCR3- / CCR4+,12wks,MED,Freq. of Parent,CCR6- CXCR3-,Freq. of Parent: CCR6- CXCR3-,CD4,10,25,0.905,6.7,-5.795,0.08682468415164976,-0.376,0.43412342075824883,NA
CD45RO+ CD27+ / CXCR5+,12wks,MED,Freq. of Parent,CD45RO+ CD27+,Freq. of Parent: CD45RO+ CD27+,CD4,10,25,0.9964011112341342,0.46,0.5364011112341343,0.5779366100120176,0.124,0.8392691157439646,NA
CCR6- CXCR3+,12wks,MED,Freq. of Parent,Proliferating,Freq. of Parent: Proliferating,CD4,10,25,29.043653401959617,10.945368342085521,18.098285059874094,0.002030600550399056,0.68,0.12183603302394334,NA
IL-17a,12wks,MED,Freq. of Parent,Proliferating,Freq. of Parent: Proliferating,CD4,10,25,23.75,7.27,16.48,0.22107463610579986,0.272,0.642893415830767,NA
CD45RO+ CD27-,12wks,MED,Freq. of Parent,Proliferating,Freq. of Parent: Proliferating,CD4,10,25,27.451334374057684,16.46857355265075,10.982760821406934,0.7286732435303449,0.08,0.9341964660645449,NA
CD45RO+ CD27+,12wks,MED,Freq. of Parent,Proliferating,Freq. of Parent: Proliferating,CD4,10,25,54.44815768040158,64.32432432432434,-9.876166643922758,0.19484890186122322,-0.288,0.6219579773827901,NA
IFNy,12wks,MED,Freq. of Parent,Proliferating,Freq. of Parent: Proliferating,CD4,10,25,5.695,13,-7.305,0.22706498166424455,-0.268,0.642893415830767,NA
PD-1,12wks,MED,Freq. of Parent,Proliferating,Freq. of Parent: Proliferating,CD4,10,25,30.112490579344296,36.72323197203491,-6.610741392690613,0.5831063011634798,-0.12727272727272726,0.8392691157439646,NA
TNFa,12wks,MED,Freq. of Parent,Proliferating,Freq. of Parent: Proliferating,CD4,10,25,80.65151372183652,85.94659407409479,-5.2950803522582675,0.4993425989454641,-0.152,0.8219669314168175,NA
CCR6- CXCR3-,12wks,MED,Freq. of Parent,Proliferating,Freq. of Parent: Proliferating,CD4,10,25,68.0648849706004,71.86317432854382,-3.7982893579434176,0.9563199039155036,-0.016,0.9974480081847108,NA
CD45RO- CD27-,12wks,MED,Freq. of Parent,Proliferating,Freq. of Parent: Proliferating,CD4,10,25,0.355,3.17,-2.815,0.9127158105373891,-0.028,0.9885008778383276,NA
CCR6+ CXCR3-,12wks,MED,Freq. of Parent,Proliferating,Freq. of Parent: Proliferating,CD4,10,25,7.7874962590632775,10.200000000000001,-2.4125037409367236,0.15439484015715,-0.316,0.5449229652605294,NA
IL-21,12wks,MED,Freq. of Parent,Proliferating,Freq. of Parent: Proliferating,CD4,10,25,4.10156409845332,6.40483069629071,-2.30326659783739,0.8404439427823991,-0.048,0.9805069113756153,NA
CCR6+ CXCR3+,12wks,MED,Freq. of Parent,Proliferating,Freq. of Parent: Proliferating,CD4,10,25,10.089977991924664,7.8128535724953565,2.277124419429308,0.9563076756918885,0.016,0.9974480081847108,NA
HLA-DR+ CD38+,12wks,MED,Freq. of Parent,Proliferating,Freq. of Parent: Proliferating,CD4,10,25,7.033373954342363,8.733664468613512,-1.700290514271149,0.8550317103691568,-0.044,0.9805069113756153,NA
CD45RO- CD27+,12wks,MED,Freq. of Parent,Proliferating,Freq. of Parent: Proliferating,CD4,10,25,4.359999999999999,6.06,-1.7000000000000002,0.361276800750211,-0.204,0.7361313268581523,NA
IL-2,12wks,MED,Freq. of Parent,Proliferating,Freq. of Parent: Proliferating,CD4,10,25,10.57177988960303,9.576244690484337,0.9955351991186934,0.6091805462278976,-0.116,0.8577006409017633,NA
IL-22,12wks,MED,Freq. of Parent,Proliferating,Freq. of Parent: Proliferating,CD4,10,25,0.94,1.73,-0.79,0.5444394313166616,-0.136,0.8372769741339862,NA
IL-21,12wks,MED,Freq. of Parent,Proliferating,Freq. of Parent: Proliferating,CD8,10,25,33.5,1.68,31.82,0.01795356871800693,0.512,0.3168276832589459,NA
IL-17a,12wks,MED,Freq. of Parent,Proliferating,Freq. of Parent: Proliferating,CD8,10,25,30.950000000000003,2.34,28.610000000000003,0.05356186510628161,0.416,0.35603140510530334,NA
IL-2,12wks,MED,Freq. of Parent,Proliferating,Freq. of Parent: Proliferating,CD8,10,25,38.5,15.4,23.1,0.2973498105220124,0.232,0.7038418729506416,NA
HLA-DR+ CD38+,12wks,MED,Freq. of Parent,Proliferating,Freq. of Parent: Proliferating,CD8,10,25,56.650000000000006,44.4,12.250000000000007,0.3796324160315208,0.196,0.7442808672501356,NA
TNFa,12wks,MED,Freq. of Parent,Proliferating,Freq. of Parent: Proliferating,CD8,10,25,35.75,25,10.75,0.23520207500988827,0.264,0.642893415830767,NA
CD45RO+ CD27+,12wks,MED,Freq. of Parent,Proliferating,Freq. of Parent: Proliferating,CD8,10,25,54.312128844749395,64.44278792396571,-10.130659079216315,0.432251888423771,-0.176,0.7955556228658361,NA
CD107a,12wks,MED,Freq. of Parent,Proliferating,Freq. of Parent: Proliferating,CD8,10,25,1.1688812342471502,9.720735294117647,-8.551854059870497,0.04572652826116753,-0.44,0.35603140510530334,NA
PD-1,12wks,MED,Freq. of Parent,Proliferating,Freq. of Parent: Proliferating,CD8,10,25,18.11896830447361,26.242642289587586,-8.123673985113975,0.5153356444724089,-0.15,0.8219669314168175,NA
IFNy,12wks,MED,Freq. of Parent,Proliferating,Freq. of Parent: Proliferating,CD8,10,25,3.265,8.33,-5.0649999999999995,0.3868183084594151,-0.192,0.7468241652499971,NA
CD45RO- CD27+,12wks,MED,Freq. of Parent,Proliferating,Freq. of Parent: Proliferating,CD8,10,25,4.439223792932865,9.32813619813467,-4.888912405201805,0.8121296385225321,-0.056,0.9738851959954595,NA
CCR6+ CXCR3-,12wks,MED,Freq. of Parent,Proliferating,Freq. of Parent: Proliferating,CD8,10,25,13.8,9.27,4.530000000000001,0.33247663672977706,0.216,0.7191854716439534,NA
CCR6+ CXCR3+,12wks,MED,Freq. of Parent,Proliferating,Freq. of Parent: Proliferating,CD8,10,25,3.965,7.69,-3.7250000000000005,0.4976516830520196,-0.152,0.8219669314168175,NA
CCR6- CXCR3+,12wks,MED,Freq. of Parent,Proliferating,Freq. of Parent: Proliferating,CD8,10,25,20.0251345856581,17.667907825263274,2.357226760394827,0.9272441474429923,0.024,0.9935701778547636,NA
CCR6- CXCR3-,12wks,MED,Freq. of Parent,Proliferating,Freq. of Parent: Proliferating,CD8,10,25,81.11139676186212,83.4023321231938,-2.2909353613316767,0.4651775622024809,-0.164,0.7981448849447346,NA
IL-22,12wks,MED,Freq. of Parent,Proliferating,Freq. of Parent: Proliferating,CD8,10,25,8.415,7.25,1.1649999999999991,0.4712713216072642,0.16,0.8033033891032912,NA
CD45RO+ CD27-,12wks,MED,Freq. of Parent,Proliferating,Freq. of Parent: Proliferating,CD8,10,25,5.415167099484175,4.851421291600252,0.5637458078839233,0.9705294903929728,-0.012,0.9974480081847108,NA
CD45RO- CD27-,12wks,MED,Freq. of Parent,Proliferating,Freq. of Parent: Proliferating,CD8,10,25,0,0.48,-0.48,0.623451057897281,-0.104,0.8659042470795568,NA
TNFa,12wks,MED,Freq. of Parent,Proliferating,Freq. of Parent: Proliferating,gd TCR,10,25,33.93988257284462,53.65555677575225,-19.715674202907636,0.05523425371806385,-0.424,0.35603140510530334,NA
CD107a,12wks,MED,Freq. of Parent,Proliferating,Freq. of Parent: Proliferating,gd TCR,10,25,36.78425250557514,50.10770300480557,-13.323450499230432,0.02713210860720756,-0.488,0.3318381405923357,NA
CCR6- CXCR3-,12wks,MED,Freq. of Parent,Proliferating,Freq. of Parent: Proliferating,gd TCR,10,25,59.58324488209473,51.70813514605749,7.8751097360372455,0.5964828214814786,0.12,0.8521183164021122,NA
PD-1,12wks,MED,Freq. of Parent,Proliferating,Freq. of Parent: Proliferating,gd TCR,10,25,16.070729703712153,21.82739700623911,-5.756667302526957,0.3820641785217363,-0.2,0.7442808672501356,NA
IL-22,12wks,MED,Freq. of Parent,Proliferating,Freq. of Parent: Proliferating,gd TCR,10,25,1.635,5.92,-4.285,0.007958197850821256,-0.584,0.2458711850403466,NA
IL-21,12wks,MED,Freq. of Parent,Proliferating,Freq. of Parent: Proliferating,gd TCR,10,25,3.9496247601160626,7.779970879091248,-3.8303461189751857,0.5704612633860995,-0.128,0.8392691157439646,NA
IL-2,12wks,MED,Freq. of Parent,Proliferating,Freq. of Parent: Proliferating,gd TCR,10,25,16.15,12.9,3.2499999999999982,0.9708493946331184,0.012,0.9974480081847108,NA
CCR6+ CXCR3+,12wks,MED,Freq. of Parent,Proliferating,Freq. of Parent: Proliferating,gd TCR,10,25,55.33963742374434,53.41721686135092,1.9224205623934196,0.7841912294016191,0.064,0.9644110515468972,NA
HLA-DR+ CD38+,12wks,MED,Freq. of Parent,Proliferating,Freq. of Parent: Proliferating,gd TCR,10,25,11.712142317611493,10.831153490460224,0.8809888271512687,0.8694817827381617,-0.04,0.9805069113756153,NA
IFNy,12wks,MED,Freq. of Parent,Proliferating,Freq. of Parent: Proliferating,gd TCR,10,25,1.3233242419658593,2.0942276268070823,-0.770903384841223,0.289597757464065,-0.236,0.7005496814261154,NA
CCR6+ CXCR3-,12wks,MED,Freq. of Parent,Proliferating,Freq. of Parent: Proliferating,gd TCR,10,25,1.5223500231034088,2.108838410773526,-0.586488387670117,0.8689715603253135,-0.04,0.9805069113756153,NA
CCR6- CXCR3+,12wks,MED,Freq. of Parent,Proliferating,Freq. of Parent: Proliferating,gd TCR,10,25,23.75,23.4,0.3500000000000014,0.609130397716287,0.116,0.8577006409017633,NA
IL-17a,12wks,MED,Freq. of Parent,Proliferating,Freq. of Parent: Proliferating,gd TCR,10,25,24.950000000000003,24.9,0.05000000000000426,0.8838583851440159,0.036,0.985624416674554,NA
CCR6- CXCR3- / CCR4+,44wks,BCG,Freq. of Grandparent,Proliferating,Freq. of Grandparent: Proliferating,CD4,9,25,1.03,1.85,-0.8200000000000001,0.08539347148576912,-0.39555555555555555,0.43412342075824883,NA
CCR6+ CXCR3- / CD161+,44wks,BCG,Freq. of Parent,CCR6+ CXCR3-,Freq. of Parent: CCR6+ CXCR3-,CD4,9,25,58.663449012993084,53.7,4.963449012993081,0.4582787825141689,0.17333333333333334,0.7971552097700063,NA
CCR6- CXCR3- / CCR4+,44wks,BCG,Freq. of Parent,CCR6- CXCR3-,Freq. of Parent: CCR6- CXCR3-,CD4,9,25,2.56,4.91,-2.35,0.04616463403123585,-0.4577777777777778,0.35603140510530334,NA
CD45RO+ CD27+ / CXCR5+,44wks,BCG,Freq. of Parent,CD45RO+ CD27+,Freq. of Parent: CD45RO+ CD27+,CD4,9,25,3.41,1.33,2.08,0.06360782301225058,0.4266666666666667,0.39754889382656616,NA
CCR6- CXCR3+,44wks,BCG,Freq. of Parent,Proliferating,Freq. of Parent: Proliferating,CD4,9,25,38.010066138024165,23.486250327539523,14.523815810484642,0.5581846494226574,0.13777777777777778,0.8372769741339862,NA
HLA-DR+ CD38+,44wks,BCG,Freq. of Parent,Proliferating,Freq. of Parent: Proliferating,CD4,9,25,10.869955297339143,22.718757237572962,-11.84880194023382,0.1717918362605731,-0.31555555555555553,0.5857656445887119,NA
CD45RO+ CD27+,44wks,BCG,Freq. of Parent,Proliferating,Freq. of Parent: Proliferating,CD4,9,25,20.737273093704246,29.87593052109181,-9.138657427387564,0.046498903781936475,-0.4577777777777778,0.35603140510530334,NA
CCR6+ CXCR3+,44wks,BCG,Freq. of Parent,Proliferating,Freq. of Parent: Proliferating,CD4,9,25,15.356158971129302,10.600000000000001,4.756158971129301,0.8759195074955497,0.04,0.9805069113756153,NA
IL-21,44wks,BCG,Freq. of Parent,Proliferating,Freq. of Parent: Proliferating,CD4,9,25,12.475846709334897,16.713345880042553,-4.237499170707656,0.257579541782939,-0.26222222222222225,0.6548632418210314,NA
CCR6+ CXCR3-,44wks,BCG,Freq. of Parent,Proliferating,Freq. of Parent: Proliferating,CD4,9,25,5.141857417587092,8.244281721632198,-3.1024243040451065,0.31013630003285275,-0.23555555555555555,0.7102358016019528,NA
IFNy,44wks,BCG,Freq. of Parent,Proliferating,Freq. of Parent: Proliferating,CD4,9,25,43.9,47,-3.1000000000000014,0.1718245890793555,-0.31555555555555553,0.5857656445887119,NA
IL-2,44wks,BCG,Freq. of Parent,Proliferating,Freq. of Parent: Proliferating,CD4,9,25,13.426193169264414,10.677075013814818,2.7491181554495956,0.875900698732958,0.04,0.9805069113756153,NA
PD-1,44wks,BCG,Freq. of Parent,Proliferating,Freq. of Parent: Proliferating,CD4,9,25,5.456002393654788,7.502904891294108,-2.04690249763932,0.14482749026765293,-0.3434343434343434,0.5298566717109254,NA
IL-17a,44wks,BCG,Freq. of Parent,Proliferating,Freq. of Parent: Proliferating,CD4,9,25,15.5,13.6,1.9000000000000004,0.6962703401140229,0.09333333333333334,0.922919619423376,NA
IL-22,44wks,BCG,Freq. of Parent,Proliferating,Freq. of Parent: Proliferating,CD4,9,25,5.94,7.1,-1.1599999999999993,0.11811048940307865,-0.36,0.49145381625135987,NA
CCR6- CXCR3-,44wks,BCG,Freq. of Parent,Proliferating,Freq. of Parent: Proliferating,CD4,9,25,59.341661248632285,58.30683496815039,1.0348262804818944,0.43496716061442836,0.18222222222222223,0.7956716352702958,NA
TNFa,44wks,BCG,Freq. of Parent,Proliferating,Freq. of Parent: Proliferating,CD4,9,25,95.19968506920189,94.39915595626319,0.8005291129387047,0.6118264571765912,0.12,0.8577006409017633,NA
CD45RO+ CD27-,44wks,BCG,Freq. of Parent,Proliferating,Freq. of Parent: Proliferating,CD4,9,25,57.494676613107885,56.90391514908946,0.5907614640184278,0.9067744633405898,-0.03111111111111111,0.985624416674554,NA
CD45RO- CD27+,44wks,BCG,Freq. of Parent,Proliferating,Freq. of Parent: Proliferating,CD4,9,25,1.33,1.6165321521078122,-0.28653215210781213,0.9688521696275304,-0.013333333333333334,0.9974480081847108,NA
CD45RO- CD27-,44wks,BCG,Freq. of Parent,Proliferating,Freq. of Parent: Proliferating,CD4,9,25,1.21,1.22,-0.010000000000000009,0.7996860727875056,-0.06222222222222222,0.9712786309159986,NA
CD107a,44wks,BCG,Freq. of Parent,Proliferating,Freq. of Parent: Proliferating,CD8,9,25,5.355260977630491,29.5,-24.14473902236951,5.916127229782439e-4,-0.7866666666666666,0.09563999914037166,NA
IL-21,44wks,BCG,Freq. of Parent,Proliferating,Freq. of Parent: Proliferating,CD8,9,25,16.7,3.84,12.86,0.011743892329647954,0.5777777777777777,0.2458711850403466,NA
CCR6+ CXCR3+,44wks,BCG,Freq. of Parent,Proliferating,Freq. of Parent: Proliferating,CD8,9,25,6.08,16.9,-10.819999999999999,0.012478906268712396,-0.5733333333333334,0.2458711850403466,NA
CCR6+ CXCR3-,44wks,BCG,Freq. of Parent,Proliferating,Freq. of Parent: Proliferating,CD8,9,25,16.2,7.21,8.989999999999998,0.4119977888759118,0.19111111111111112,0.7676977432470407,NA
HLA-DR+ CD38+,44wks,BCG,Freq. of Parent,Proliferating,Freq. of Parent: Proliferating,CD8,9,25,91,84.4,6.599999999999994,0.9067389961509429,-0.03111111111111111,0.985624416674554,NA
CD45RO+ CD27+,44wks,BCG,Freq. of Parent,Proliferating,Freq. of Parent: Proliferating,CD8,9,25,33.21159100925517,39.7072,-6.495608990744827,0.4582787825141689,-0.17333333333333334,0.7971552097700063,NA
IL-2,44wks,BCG,Freq. of Parent,Proliferating,Freq. of Parent: Proliferating,CD8,9,25,31.6,25.8,5.800000000000001,0.6533699049813841,0.10666666666666667,0.890958961338251,NA
CCR6- CXCR3+,44wks,BCG,Freq. of Parent,Proliferating,Freq. of Parent: Proliferating,CD8,9,25,21.435805420505528,26.747791040148815,-5.311985619643288,0.9844266870856209,-0.008888888888888889,0.9987501657230842,NA
CD45RO+ CD27-,44wks,BCG,Freq. of Parent,Proliferating,Freq. of Parent: Proliferating,CD8,9,25,21.803546327552528,26.969913682704945,-5.166367355152417,0.639450075085221,-0.1111111111111111,0.8759590069660561,NA
IL-17a,44wks,BCG,Freq. of Parent,Proliferating,Freq. of Parent: Proliferating,CD8,9,25,8.94,5.57,3.369999999999999,0.24942872257310278,0.26666666666666666,0.6548632418210314,NA
IFNy,44wks,BCG,Freq. of Parent,Proliferating,Freq. of Parent: Proliferating,CD8,9,25,47.2,44.6,2.6000000000000014,0.5841157002337705,-0.1288888888888889,0.8392691157439646,NA
CD45RO- CD27-,44wks,BCG,Freq. of Parent,Proliferating,Freq. of Parent: Proliferating,CD8,9,25,0,2.52,-2.52,0.006432220901088025,-0.6222222222222222,0.24120828379080095,NA
IL-22,44wks,BCG,Freq. of Parent,Proliferating,Freq. of Parent: Proliferating,CD8,9,25,4.17,5.24,-1.0700000000000003,0.5062556769248906,-0.15555555555555556,0.8219669314168175,NA
CD45RO- CD27+,44wks,BCG,Freq. of Parent,Proliferating,Freq. of Parent: Proliferating,CD8,9,25,6.094487983470474,7.049928160564842,-0.9554401770943679,0.37959338337859083,-0.20444444444444446,0.7442808672501356,NA
TNFa,44wks,BCG,Freq. of Parent,Proliferating,Freq. of Parent: Proliferating,CD8,9,25,44.5,44.6,-0.10000000000000142,0.9688616843007503,0.013333333333333334,0.9974480081847108,NA
CCR6- CXCR3-,44wks,BCG,Freq. of Parent,Proliferating,Freq. of Parent: Proliferating,CD8,9,25,76.32349145704477,76.24693461395702,0.07655684308774369,0.7548216412327323,0.07555555555555556,0.9492576086450565,NA
PD-1,44wks,BCG,Freq. of Parent,Proliferating,Freq. of Parent: Proliferating,CD8,9,25,5.031991643198796,5.013194464604338,0.018797178594458508,0.663389670425844,-0.10606060606060606,0.8966016671152428,NA
CD107a,44wks,BCG,Freq. of Parent,Proliferating,Freq. of Parent: Proliferating,gd TCR,9,25,45.05631344107829,62.748992590666845,-17.692679149588557,0.042369536467289845,-0.4666666666666667,0.35603140510530334,NA
IL-22,44wks,BCG,Freq. of Parent,Proliferating,Freq. of Parent: Proliferating,gd TCR,9,25,1.92,9.07,-7.15,0.3097293800117506,-0.23555555555555555,0.7102358016019528,NA
TNFa,44wks,BCG,Freq. of Parent,Proliferating,Freq. of Parent: Proliferating,gd TCR,9,25,72.86188454034203,79.98662726265239,-7.1247427223103585,0.19768049465452917,-0.29777777777777775,0.6233269615499768,NA
CCR6+ CXCR3+,44wks,BCG,Freq. of Parent,Proliferating,Freq. of Parent: Proliferating,gd TCR,9,25,55.3482475764355,49.85273159144894,5.495515984986554,0.05577825346649753,0.44,0.35603140510530334,NA
IFNy,44wks,BCG,Freq. of Parent,Proliferating,Freq. of Parent: Proliferating,gd TCR,9,25,11.629411624356397,16.750737374939725,-5.121325750583328,0.1010545209801254,-0.37777777777777777,0.4664054814467326,NA
CCR6- CXCR3+,44wks,BCG,Freq. of Parent,Proliferating,Freq. of Parent: Proliferating,gd TCR,9,25,19,22.6,-3.6000000000000014,0.07248373336339477,-0.41333333333333333,0.41817538478881594,NA
CCR6- CXCR3-,44wks,BCG,Freq. of Parent,Proliferating,Freq. of Parent: Proliferating,gd TCR,9,25,54.93127309602792,58.40827939539438,-3.477006299366458,0.8452520242196514,-0.04888888888888889,0.9805069113756153,NA
PD-1,44wks,BCG,Freq. of Parent,Proliferating,Freq. of Parent: Proliferating,gd TCR,9,25,2.771865730799986,6.100209526292458,-3.328343795492472,0.03122362920332131,-0.5050505050505051,0.3318381405923357,NA
CCR6+ CXCR3-,44wks,BCG,Freq. of Parent,Proliferating,Freq. of Parent: Proliferating,gd TCR,9,25,7.719609758418003,4.629231692259291,3.0903780661587126,0.06655131797972315,0.4222222222222222,0.3993079078783389,NA
IL-2,44wks,BCG,Freq. of Parent,Proliferating,Freq. of Parent: Proliferating,gd TCR,9,25,14.5,16.9,-2.3999999999999986,1,0,1,NA
IL-21,44wks,BCG,Freq. of Parent,Proliferating,Freq. of Parent: Proliferating,gd TCR,9,25,8.939903819188382,9.798945967995355,-0.8590421488069726,1,-0.0044444444444444444,1,NA
IL-17a,44wks,BCG,Freq. of Parent,Proliferating,Freq. of Parent: Proliferating,gd TCR,9,25,20,20.8,-0.8000000000000007,0.8148172806495344,-0.057777777777777775,0.9738851959954595,NA
HLA-DR+ CD38+,44wks,BCG,Freq. of Parent,Proliferating,Freq. of Parent: Proliferating,gd TCR,9,25,33.871266646293435,34.3,-0.42873335370656207,0.9844254972078884,0.008888888888888889,0.9987501657230842,NA
CCR6- CXCR3- / CCR4+,44wks,DosR,Freq. of Grandparent,Proliferating,Freq. of Grandparent: Proliferating,CD4,7,25,0.5,2.88,-2.38,0.05429954080692573,-0.4857142857142857,0.35603140510530334,NA
CCR6+ CXCR3- / CD161+,44wks,DosR,Freq. of Parent,CCR6+ CXCR3-,Freq. of Parent: CCR6+ CXCR3-,CD4,7,25,76.29006457728539,51.19490873287098,25.095155844414414,0.032077686923925784,0.5428571428571428,0.3318381405923357,NA
CCR6- CXCR3- / CCR4+,44wks,DosR,Freq. of Parent,CCR6- CXCR3-,Freq. of Parent: CCR6- CXCR3-,CD4,7,25,1.25,7.14,-5.89,0.05427722519460618,-0.4857142857142857,0.35603140510530334,NA
CD45RO+ CD27+ / CXCR5+,44wks,DosR,Freq. of Parent,CD45RO+ CD27+,Freq. of Parent: CD45RO+ CD27+,CD4,7,25,4.501992943530691,1.29,3.2119929435306913,0.22345591768294004,0.30857142857142855,0.642893415830767,NA
CD45RO+ CD27+,44wks,DosR,Freq. of Parent,Proliferating,Freq. of Parent: Proliferating,CD4,7,25,36.80851063829788,60.46799211129471,-23.65948147299683,0.022654494080089353,-0.5771428571428572,0.3199420834927047,NA
IL-17a,44wks,DosR,Freq. of Parent,Proliferating,Freq. of Parent: Proliferating,CD4,7,25,40.9,19.5,21.4,0.31593175730117645,0.2571428571428571,0.712628023987616,NA
CD45RO+ CD27-,44wks,DosR,Freq. of Parent,Proliferating,Freq. of Parent: Proliferating,CD4,7,25,42.971146359048305,23.11655852449803,19.854587834550276,0.2544505826463366,0.2914285714285714,0.6548632418210314,NA
CCR6- CXCR3+,44wks,DosR,Freq. of Parent,Proliferating,Freq. of Parent: Proliferating,CD4,7,25,21.379624228190462,10.370817199918484,11.008807028271978,0.12114010173932686,0.3942857142857143,0.49145381625135987,NA
CCR6- CXCR3-,44wks,DosR,Freq. of Parent,Proliferating,Freq. of Parent: Proliferating,CD4,7,25,69.5446815726363,62.11703855175317,7.4276430208831385,0.5534522277127756,0.15428571428571428,0.8372769741339862,NA
CCR6+ CXCR3-,44wks,DosR,Freq. of Parent,Proliferating,Freq. of Parent: Proliferating,CD4,7,25,11.549415515409141,18.260556962025323,-6.711141446616182,0.21836511835833541,-0.3142857142857143,0.642893415830767,NA
IFNy,44wks,DosR,Freq. of Parent,Proliferating,Freq. of Parent: Proliferating,CD4,7,25,22.1,16.7,5.400000000000002,0.7322037950316205,0.09142857142857143,0.9347282489765368,NA
TNFa,44wks,DosR,Freq. of Parent,Proliferating,Freq. of Parent: Proliferating,CD4,7,25,85.47622674418602,89.93556120951169,-4.459334465325668,0.4941245444092638,-0.17714285714285713,0.8219669314168175,NA
CCR6+ CXCR3+,44wks,DosR,Freq. of Parent,Proliferating,Freq. of Parent: Proliferating,CD4,7,25,7.06592437193871,11.081865963180073,-4.015941591241363,0.21840731791456108,-0.3142857142857143,0.642893415830767,NA
HLA-DR+ CD38+,44wks,DosR,Freq. of Parent,Proliferating,Freq. of Parent: Proliferating,CD4,7,25,5.631205782699389,9.209000424067458,-3.577794641368069,0.4119219261209185,-0.21142857142857144,0.7676977432470407,NA
CD45RO- CD27+,44wks,DosR,Freq. of Parent,Proliferating,Freq. of Parent: Proliferating,CD4,7,25,1.64,4.08,-2.4400000000000004,0.8552658453102654,0.05142857142857143,0.9805069113756153,NA
PD-1,44wks,DosR,Freq. of Parent,Proliferating,Freq. of Parent: Proliferating,CD4,7,25,37.44484074357384,39.66859920499482,-2.223758461420978,0.32031439152735935,-0.2597402597402597,0.7171217720761776,NA
IL-21,44wks,DosR,Freq. of Parent,Proliferating,Freq. of Parent: Proliferating,CD4,7,25,14.106145723336855,16.108293743918495,-2.0021480205816395,0.784387655258143,-0.07428571428571429,0.9644110515468972,NA
IL-2,44wks,DosR,Freq. of Parent,Proliferating,Freq. of Parent: Proliferating,CD4,7,25,5.656258788059908,6.876106379140853,-1.2198475910809448,0.43833791868442645,-0.2,0.7964124796188612,NA
IL-22,44wks,DosR,Freq. of Parent,Proliferating,Freq. of Parent: Proliferating,CD4,7,25,3.72,4.08,-0.3599999999999999,0.7840784285881787,-0.07428571428571429,0.9644110515468972,NA
CD45RO- CD27-,44wks,DosR,Freq. of Parent,Proliferating,Freq. of Parent: Proliferating,CD4,7,25,0.41,0.68,-0.2700000000000001,0.9273321659977795,0.02857142857142857,0.9935701778547636,NA
CD45RO+ CD27+,44wks,DosR,Freq. of Parent,Proliferating,Freq. of Parent: Proliferating,CD8,7,25,43.39616064662793,73.46102356295961,-30.064862916331677,0.04993956463222697,-0.49714285714285716,0.35603140510530334,NA
CD45RO- CD27+,44wks,DosR,Freq. of Parent,Proliferating,Freq. of Parent: Proliferating,CD8,7,25,23.22985860282794,7.567161364126056,15.662697238701883,0.7132357096446628,0.09714285714285714,0.9250278684417164,NA
HLA-DR+ CD38+,44wks,DosR,Freq. of Parent,Proliferating,Freq. of Parent: Proliferating,CD8,7,25,71.6,56.6,14.999999999999993,0.3373667203682728,0.24571428571428572,0.7201553071142108,NA
CD45RO+ CD27-,44wks,DosR,Freq. of Parent,Proliferating,Freq. of Parent: Proliferating,CD8,7,25,17.73249776186213,4.524333605747464,13.208164156114666,0.19946462769599257,0.32571428571428573,0.6233269615499768,NA
TNFa,44wks,DosR,Freq. of Parent,Proliferating,Freq. of Parent: Proliferating,CD8,7,25,57.4,45.2,12.199999999999996,0.46558451621776187,0.18857142857142858,0.7981448849447346,NA
PD-1,44wks,DosR,Freq. of Parent,Proliferating,Freq. of Parent: Proliferating,CD8,7,25,22.76559287183002,33.872782801443805,-11.107189929613785,0.45969283763403695,-0.19480519480519481,0.7971552097700063,NA
CD107a,44wks,DosR,Freq. of Parent,Proliferating,Freq. of Parent: Proliferating,CD8,7,25,2.2693322859387273,12.517193947730398,-10.24786166179167,0.09584269309274122,-0.4228571428571429,0.46375496657778015,NA
CCR6+ CXCR3+,44wks,DosR,Freq. of Parent,Proliferating,Freq. of Parent: Proliferating,CD8,7,25,4.91,14.7,-9.79,0.11462888906035579,-0.4,0.4912666674015248,NA
IL-22,44wks,DosR,Freq. of Parent,Proliferating,Freq. of Parent: Proliferating,CD8,7,25,2.7,8.82,-6.12,0.5514025273494478,-0.15428571428571428,0.8372769741339862,NA
IL-2,44wks,DosR,Freq. of Parent,Proliferating,Freq. of Parent: Proliferating,CD8,7,25,25.3,30.2,-4.899999999999999,0.8910176481319749,-0.04,0.985624416674554,NA
IL-17a,44wks,DosR,Freq. of Parent,Proliferating,Freq. of Parent: Proliferating,CD8,7,25,6.31,10.9,-4.590000000000001,1,-0.005714285714285714,1,NA
IFNy,44wks,DosR,Freq. of Parent,Proliferating,Freq. of Parent: Proliferating,CD8,7,25,11.7,16.2,-4.5,0.5824292552206299,0.14285714285714285,0.8392691157439646,NA
CCR6- CXCR3+,44wks,DosR,Freq. of Parent,Proliferating,Freq. of Parent: Proliferating,CD8,7,25,11.699764193723926,14.960345685152946,-3.2605814914290203,0.9273321659977795,-0.02857142857142857,0.9935701778547636,NA
CCR6+ CXCR3-,44wks,DosR,Freq. of Parent,Proliferating,Freq. of Parent: Proliferating,CD8,7,25,18,14.8,3.1999999999999993,0.599758455167759,0.13714285714285715,0.8527371400489465,NA
IL-21,44wks,DosR,Freq. of Parent,Proliferating,Freq. of Parent: Proliferating,CD8,7,25,7.19,6.03,1.1600000000000001,0.26037239606670076,0.2857142857142857,0.6564009984874809,NA
CCR6- CXCR3-,44wks,DosR,Freq. of Parent,Proliferating,Freq. of Parent: Proliferating,CD8,7,25,77.19976979019515,76.2,0.9997697901951454,0.5233189463353738,0.1657142857142857,0.8219669314168175,NA
CD45RO- CD27-,44wks,DosR,Freq. of Parent,Proliferating,Freq. of Parent: Proliferating,CD8,7,25,0.33,0,0.33,0.788724233032376,0.06857142857142857,0.9657847751416849,NA
CD107a,44wks,DosR,Freq. of Parent,Proliferating,Freq. of Parent: Proliferating,gd TCR,7,25,30.373943701212188,52.39266363853694,-22.01871993732475,0.05555148879631242,-0.4857142857142857,0.35603140510530334,NA
IL-17a,44wks,DosR,Freq. of Parent,Proliferating,Freq. of Parent: Proliferating,gd TCR,7,25,42.6,28.4,14.200000000000003,0.7153548849282606,0.09714285714285714,0.9250278684417164,NA
TNFa,44wks,DosR,Freq. of Parent,Proliferating,Freq. of Parent: Proliferating,gd TCR,7,25,59.43044069867543,73.46188269138565,-14.03144199271022,0.4118790736895572,-0.21142857142857144,0.7676977432470407,NA
CCR6- CXCR3-,44wks,DosR,Freq. of Parent,Proliferating,Freq. of Parent: Proliferating,gd TCR,7,25,33.894934216768704,46.394293307424135,-12.499359090655432,0.8553183244980876,-0.05142857142857143,0.9805069113756153,NA
CCR6+ CXCR3+,44wks,DosR,Freq. of Parent,Proliferating,Freq. of Parent: Proliferating,gd TCR,7,25,67.94853748034248,57.797313013835975,10.151224466506505,0.1446489686161398,0.37142857142857144,0.5298566717109254,NA
PD-1,44wks,DosR,Freq. of Parent,Proliferating,Freq. of Parent: Proliferating,gd TCR,7,25,19.905433340170884,27.297267742954944,-7.39183440278406,0.37245586998136965,-0.23376623376623376,0.7442808672501356,NA
HLA-DR+ CD38+,44wks,DosR,Freq. of Parent,Proliferating,Freq. of Parent: Proliferating,gd TCR,7,25,14.950098147957746,8.434884520033817,6.515213627923929,0.23572758580461456,0.3028571428571429,0.642893415830767,NA
IL-22,44wks,DosR,Freq. of Parent,Proliferating,Freq. of Parent: Proliferating,gd TCR,7,25,5.03,8.96,-3.9300000000000006,0.766252838013489,-0.08,0.9578160475168612,NA
CCR6+ CXCR3-,44wks,DosR,Freq. of Parent,Proliferating,Freq. of Parent: Proliferating,gd TCR,7,25,7.510262336458183,4.598252141360529,2.912010195097654,0.23551267979263707,0.3028571428571429,0.642893415830767,NA
CCR6- CXCR3+,44wks,DosR,Freq. of Parent,Proliferating,Freq. of Parent: Proliferating,gd TCR,7,25,18.2,20.3,-2.1000000000000014,0.6983324018355779,-0.10285714285714286,0.922919619423376,NA
IL-21,44wks,DosR,Freq. of Parent,Proliferating,Freq. of Parent: Proliferating,gd TCR,7,25,30.75474876199421,29.141532222011605,1.6132165399826057,0.8552658453102654,0.05142857142857143,0.9805069113756153,NA
IL-2,44wks,DosR,Freq. of Parent,Proliferating,Freq. of Parent: Proliferating,gd TCR,7,25,17.8,16.4,1.4000000000000021,0.7148545792304679,0.09714285714285714,0.9250278684417164,NA
IFNy,44wks,DosR,Freq. of Parent,Proliferating,Freq. of Parent: Proliferating,gd TCR,7,25,4.2287308129628105,4.727284410564517,-0.49855359760170614,0.523204679680477,-0.1657142857142857,0.8219669314168175,NA
CCR6- CXCR3- / CCR4+,44wks,MED,Freq. of Grandparent,Proliferating,Freq. of Grandparent: Proliferating,CD4,9,25,0.36,3.45,-3.0900000000000003,0.011684679975916382,-0.5733333333333334,0.2458711850403466,NA
CCR6+ CXCR3- / CD161+,44wks,MED,Freq. of Parent,CCR6+ CXCR3-,Freq. of Parent: CCR6+ CXCR3-,CD4,9,25,40.06127554914766,31.10538760344536,8.955887945702298,0.41106557671647065,0.19111111111111112,0.7676977432470407,NA
CCR6- CXCR3- / CCR4+,44wks,MED,Freq. of Parent,CCR6- CXCR3-,Freq. of Parent: CCR6- CXCR3-,CD4,9,25,1.09,7.84,-6.75,0.011684679975916382,-0.5733333333333334,0.2458711850403466,NA
CD45RO+ CD27+ / CXCR5+,44wks,MED,Freq. of Parent,CD45RO+ CD27+,Freq. of Parent: CD45RO+ CD27+,CD4,9,25,2.56,1.73,0.8300000000000001,0.5782606102359265,0.1288888888888889,0.8392691157439646,NA
CD45RO+ CD27+,44wks,MED,Freq. of Parent,Proliferating,Freq. of Parent: Proliferating,CD4,9,25,29.408409903589366,63.98989898989898,-34.58148908630962,0.046498903781936475,-0.4577777777777778,0.35603140510530334,NA
TNFa,44wks,MED,Freq. of Parent,Proliferating,Freq. of Parent: Proliferating,CD4,9,25,53.45593231810486,85.58724817075748,-32.13131585265262,0.08582459629829486,-0.39555555555555555,0.43412342075824883,NA
CD45RO+ CD27-,44wks,MED,Freq. of Parent,Proliferating,Freq. of Parent: Proliferating,CD4,9,25,32.67557240333586,14.903829858334628,17.771742545001235,0.257579541782939,0.26222222222222225,0.6548632418210314,NA
PD-1,44wks,MED,Freq. of Parent,Proliferating,Freq. of Parent: Proliferating,CD4,9,25,25.8569222851261,40.23780085129164,-14.380878566165539,0.12232329590492559,-0.36363636363636365,0.49145381625135987,NA
CCR6- CXCR3-,44wks,MED,Freq. of Parent,Proliferating,Freq. of Parent: Proliferating,CD4,9,25,76.25852810115656,64.22412034869745,12.034407752459103,0.3291139859786081,0.22666666666666666,0.7191854716439534,NA
IFNy,44wks,MED,Freq. of Parent,Proliferating,Freq. of Parent: Proliferating,CD4,9,25,2.45,12.7,-10.25,0.14066067409214322,-0.3377777777777778,0.527477527845537,NA
CCR6+ CXCR3-,44wks,MED,Freq. of Parent,Proliferating,Freq. of Parent: Proliferating,CD4,9,25,4.023641245434686,12.950241045357636,-8.92659979992295,0.046331706918571476,-0.4577777777777778,0.35603140510530334,NA
CCR6- CXCR3+,44wks,MED,Freq. of Parent,Proliferating,Freq. of Parent: Proliferating,CD4,9,25,15.955274750507819,9.509132955615387,6.446141794892432,0.3099514199224007,0.23555555555555555,0.7102358016019528,NA
HLA-DR+ CD38+,44wks,MED,Freq. of Parent,Proliferating,Freq. of Parent: Proliferating,CD4,9,25,0.99,7.30465488774904,-6.31465488774904,0.13767562908083106,-0.3422222222222222,0.527477527845537,NA
IL-17a,44wks,MED,Freq. of Parent,Proliferating,Freq. of Parent: Proliferating,CD4,9,25,10.2,7.18,3.0199999999999996,0.7546401479610775,0.07555555555555556,0.9492576086450565,NA
IL-2,44wks,MED,Freq. of Parent,Proliferating,Freq. of Parent: Proliferating,CD4,9,25,4.698075519331957,6.932319416640127,-2.23424389730817,0.37941113676742777,-0.20444444444444446,0.7442808672501356,NA
CD45RO- CD27-,44wks,MED,Freq. of Parent,Proliferating,Freq. of Parent: Proliferating,CD4,9,25,1.06,2.06,-1,0.9065181923881678,0.03111111111111111,0.985624416674554,NA
CCR6+ CXCR3+,44wks,MED,Freq. of Parent,Proliferating,Freq. of Parent: Proliferating,CD4,9,25,9.02338529919286,9.81036882969546,-0.7869835305025994,0.8605489357794607,-0.044444444444444446,0.9805069113756153,NA
CD45RO- CD27+,44wks,MED,Freq. of Parent,Proliferating,Freq. of Parent: Proliferating,CD4,9,25,1.45,2.06,-0.6100000000000001,0.8451351671021758,-0.04888888888888889,0.9805069113756153,NA
IL-21,44wks,MED,Freq. of Parent,Proliferating,Freq. of Parent: Proliferating,CD4,9,25,6.526378424585783,6.817760230957333,-0.2913818063715503,0.968727679804231,-0.013333333333333334,0.9974480081847108,NA
IL-22,44wks,MED,Freq. of Parent,Proliferating,Freq. of Parent: Proliferating,CD4,9,25,0.82,0.91,-0.09000000000000008,0.44068157205576985,-0.17777777777777778,0.7964124796188612,NA
CD45RO+ CD27+,44wks,MED,Freq. of Parent,Proliferating,Freq. of Parent: Proliferating,CD8,9,25,16.614641332678577,64.97237422242875,-48.35773288975018,0.07211269390065697,-0.41333333333333333,0.41817538478881594,NA
HLA-DR+ CD38+,44wks,MED,Freq. of Parent,Proliferating,Freq. of Parent: Proliferating,CD8,9,25,9.38,50,-40.62,0.2799064865203366,-0.24888888888888888,0.6882946389844343,NA
TNFa,44wks,MED,Freq. of Parent,Proliferating,Freq. of Parent: Proliferating,CD8,9,25,6.35,23.1,-16.75,0.4575562765473585,-0.17333333333333334,0.7971552097700063,NA
CCR6- CXCR3-,44wks,MED,Freq. of Parent,Proliferating,Freq. of Parent: Proliferating,CD8,9,25,69.29553542189718,81.85898453875174,-12.563449116854557,0.2568878112912065,-0.26222222222222225,0.6548632418210314,NA
PD-1,44wks,MED,Freq. of Parent,Proliferating,Freq. of Parent: Proliferating,CD8,9,25,11.25056071771868,23.689556053123887,-12.438995335405208,0.4975235498624958,-0.16161616161616163,0.8219669314168175,NA
CCR6- CXCR3+,44wks,MED,Freq. of Parent,Proliferating,Freq. of Parent: Proliferating,CD8,9,25,4.204887337353223,16.1193225829167,-11.914435245563475,0.18255190112390307,-0.30666666666666664,0.6019787384579675,NA
IL-2,44wks,MED,Freq. of Parent,Proliferating,Freq. of Parent: Proliferating,CD8,9,25,2.5,12.9,-10.4,0.666241986691535,-0.10222222222222223,0.8966016671152428,NA
IFNy,44wks,MED,Freq. of Parent,Proliferating,Freq. of Parent: Proliferating,CD8,9,25,3.7,13.3,-9.600000000000001,0.04722853842952747,-0.4533333333333333,0.35603140510530334,NA
CD107a,44wks,MED,Freq. of Parent,Proliferating,Freq. of Parent: Proliferating,CD8,9,25,0,8.39348732755855,-8.39348732755855,0.002538498357334349,-0.6888888888888889,0.12692491786671745,NA
IL-22,44wks,MED,Freq. of Parent,Proliferating,Freq. of Parent: Proliferating,CD8,9,25,0,7,-7,0.18533433819001705,-0.3022222222222222,0.6043511027935338,NA
CCR6+ CXCR3+,44wks,MED,Freq. of Parent,Proliferating,Freq. of Parent: Proliferating,CD8,9,25,2.5,8.33,-5.83,0.205763455336206,-0.28888888888888886,0.6363818206274412,NA
CD45RO+ CD27-,44wks,MED,Freq. of Parent,Proliferating,Freq. of Parent: Proliferating,CD8,9,25,0.9113974616825027,3.935876816575591,-3.0244793548930886,0.3631581212500218,-0.2088888888888889,0.7361313268581523,NA
CD45RO- CD27+,44wks,MED,Freq. of Parent,Proliferating,Freq. of Parent: Proliferating,CD8,9,25,2.27,3.7683166109819513,-1.4983166109819512,0.8124819786208416,-0.057777777777777775,0.9738851959954595,NA
IL-17a,44wks,MED,Freq. of Parent,Proliferating,Freq. of Parent: Proliferating,CD8,9,25,0,1.45,-1.45,0.44530098783655175,-0.17333333333333334,0.7971552097700063,NA
IL-21,44wks,MED,Freq. of Parent,Proliferating,Freq. of Parent: Proliferating,CD8,9,25,0,1.45,-1.45,0.9838553881709368,-0.008888888888888889,0.9987501657230842,NA
CD45RO- CD27-,44wks,MED,Freq. of Parent,Proliferating,Freq. of Parent: Proliferating,CD8,9,25,0,0.57,-0.57,0.11197768372161598,-0.3333333333333333,0.4878128400869925,NA
CCR6+ CXCR3-,44wks,MED,Freq. of Parent,Proliferating,Freq. of Parent: Proliferating,CD8,9,25,9.52,9.38,0.1399999999999988,0.7988419173258007,-0.06222222222222222,0.9712786309159986,NA
TNFa,44wks,MED,Freq. of Parent,Proliferating,Freq. of Parent: Proliferating,gd TCR,9,25,36.79986369057764,57.69011725293133,-20.890253562353692,0.1007938483833455,-0.37777777777777777,0.4664054814467326,NA
CCR6+ CXCR3+,44wks,MED,Freq. of Parent,Proliferating,Freq. of Parent: Proliferating,gd TCR,9,25,70.95873544093179,53.76271954674221,17.19601589418958,0.29189570059421477,0.24444444444444444,0.7005496814261154,NA
CD107a,44wks,MED,Freq. of Parent,Proliferating,Freq. of Parent: Proliferating,gd TCR,9,25,31.155777573287757,44.8560631168336,-13.700285543545846,0.04643201021540369,-0.4577777777777778,0.35603140510530334,NA
PD-1,44wks,MED,Freq. of Parent,Proliferating,Freq. of Parent: Proliferating,gd TCR,9,25,12.910295803343228,25.314482818045242,-12.404187014702014,0.047576456511408446,-0.46464646464646464,0.35603140510530334,NA
CCR6- CXCR3-,44wks,MED,Freq. of Parent,Proliferating,Freq. of Parent: Proliferating,gd TCR,9,25,61.430299877240245,51.704832990630166,9.725466886610079,0.2918588332972785,0.24444444444444444,0.7005496814261154,NA
IL-22,44wks,MED,Freq. of Parent,Proliferating,Freq. of Parent: Proliferating,gd TCR,9,25,1.78,7.51,-5.7299999999999995,0.02346241945613168,-0.52,0.3199420834927047,NA
IL-17a,44wks,MED,Freq. of Parent,Proliferating,Freq. of Parent: Proliferating,gd TCR,9,25,27.4,23.2,4.199999999999999,0.9688354979413275,0.013333333333333334,0.9974480081847108,NA
CCR6- CXCR3+,44wks,MED,Freq. of Parent,Proliferating,Freq. of Parent: Proliferating,gd TCR,9,25,19.4,22.6,-3.200000000000003,0.5194187049905125,-0.1511111111111111,0.8219669314168175,NA
IL-2,44wks,MED,Freq. of Parent,Proliferating,Freq. of Parent: Proliferating,gd TCR,9,25,8,9.77,-1.7699999999999996,0.5571285114608924,-0.13777777777777778,0.8372769741339862,NA
IFNy,44wks,MED,Freq. of Parent,Proliferating,Freq. of Parent: Proliferating,gd TCR,9,25,0.6703759925925096,2.2889597961355657,-1.6185838035430562,0.10058526615922699,-0.37777777777777777,0.4664054814467326,NA
IL-21,44wks,MED,Freq. of Parent,Proliferating,Freq. of Parent: Proliferating,gd TCR,9,25,10.213398319076116,11.089121573015744,-0.8757232539396274,0.968727679804231,-0.013333333333333334,0.9974480081847108,NA
CCR6+ CXCR3-,44wks,MED,Freq. of Parent,Proliferating,Freq. of Parent: Proliferating,gd TCR,9,25,2.586240516574818,1.9916606743198257,0.5945798422549924,0.7251437216201472,0.08444444444444445,0.9336614441461123,NA
HLA-DR+ CD38+,44wks,MED,Freq. of Parent,Proliferating,Freq. of Parent: Proliferating,gd TCR,9,25,5.987398605875134,6.170003691481014,-0.1826050856058803,0.3287072005734301,-0.22666666666666666,0.7191854716439534,NA
