"","ADGRG1","ANPEP","B3GAT1","BTLA","C5AR1","CCR4","CCR5","CCR6","CD101","CD14","CD163","CD19","CD1C","CD1D","CD2","CD22","CD226","CD24","CD244","CD27","CD274","CD28","CD33","CD36","CD38","CD3D","CD4","CD40","CD40LG","CD44","CD45","CD45RA","CD45RO","CD47","CD48","CD5","CD52","CD58","CD69","CD7","CD79B","CD81","CD82","CD83","CD86","CD8A","CD99","CLEC12A","CLEC4C","CR1","CR2","CTLA4","CX3CR1","CXCR3","CXCR5","DPP4","ENG","ENTPD1","FAS","FCER1A","FCER2","FCGR1A","FCGR2A","FCGR3A","GGT1","GP1BB","HLA-A","HLA-DRA","HLA-E","ICAM1","ICOS","IFNGR1","IGHD","IGHM","IGKC","IGLC1","IL2RA","IL2RB","IL3RA","IL4R","IL7R","ITGA1","ITGA2","ITGA2B","ITGA4","ITGA6","ITGAE","ITGAL","ITGAM","ITGAX","ITGB1","ITGB2","ITGB7","KIR2DL1","KIR2DL3","KIR3DL1","KLRB1","KLRD1","KLRG1","KLRK1","LAG3","LAMP1","LILRB1","MCAM","MS4A1","NCAM1","NCR1","NECTIN2","NT5E","OLR1","PDCD1","PECAM1","PVR","SELL","SELP","SIGLEC1","SIGLEC7","SLAMF6","SLAMF7","TCR-AB","TCR-vA7.2","TCR-vD2","TFRC","THBD","TIGIT","TNFRSF13B","TNFRSF13C","TNFRSF14","TNFRSF4","TNFRSF9"
"0",2.28,2.27,1.14,26.24,0.66,4.57,0.47,1.73,18.16,0.81,0.99,3.71,3.38,0.7,99.93,4.48,2.55,0.51,1.76,95.87,0.19,91.19,2.34,0.74,84.09,99.85,99.79,1.3,0.22,99.69,99.72,92.11,14.63,66.63,99.71,99.98,83.62,0.53,14.58,99.74,0.52,28.45,19.7,0.47,1.98,1.97,62.06,0.79,1.89,11.67,35.52,0.39,0.23,0.32,1.21,85.36,0.25,2.07,1.57,0.6,0.14,2.09,1.06,1.1,18.68,0.75,39.35,1.99,17.7,1.34,92.62,1.34,2.31,0.74,0.4,0.5,1.52,1.31,1.74,0.93,87.02,10.45,0.43,1.36,51.73,1.89,3.72,94.13,1.35,1.46,6.8,87.8,17.11,1.04,1.79,2.24,1.07,1,2.26,0.65,0.05,1.42,0.38,3.73,2.66,1.36,3.43,0.43,5.5,0.46,0.45,34.73,0.37,98.96,0.59,0.65,1.58,54.92,0.29,94.32,3.02,1.88,4.03,0.97,0.52,0.22,1.71,10.41,0.92,25.93
"1",2.23,2.35,1.09,56.69,1.33,1.63,0.54,74.06,0.6,0.63,1.6,99.4,80.69,25.28,3.3,93.85,0.24,30.9,1.63,1.68,0.39,2.15,1.62,1.18,79.61,3.13,2.23,93.9,0.27,84.87,89.85,95.8,0.65,56.69,96.94,21.45,59.6,0.62,48.54,3.1,33.56,33.83,25.33,28.45,6.33,1.65,4,0.76,2.54,98.4,99.34,0.49,0.22,3.13,73.43,1.8,0.43,64.32,0.85,0.84,5.18,2.46,94.02,0.84,0.76,1,82.33,98.18,28,23.53,1.62,10.32,97.77,62.05,37.5,35.12,2.89,0.92,33.49,2.54,3.76,0.96,0.56,1.95,78.16,0.37,3.75,30.11,1.05,1.71,4,23.34,17.79,1.37,1.68,1.56,0.84,1.33,0.82,0.58,0.2,6.75,3.7,2.58,97.54,1.3,1.62,0.14,51.8,0.87,0.28,17.84,0.18,43.58,1.04,0.67,1.62,98.01,0.91,1.76,2.44,1.82,10.62,1.22,0.82,2.16,97.82,23.33,0.48,2.2
"2",2,2.23,1.17,15.58,1.21,2.43,0.58,1.81,36.82,0.88,1.11,3.73,2.83,1,99.83,4.56,2.66,0.37,1.55,90.58,0.28,51.71,2.12,0.89,58.89,98.45,2.15,1.17,0.22,97.8,99.39,98.29,10.57,37.79,99.05,99.71,68.51,0.2,21.52,99.23,0.84,22.78,0.8,0.31,1.92,98.28,35.39,0.65,2.1,21.67,53.64,0.34,0.22,18.96,2.06,49.46,0.41,2.33,1.74,0.69,0.11,2.24,1.26,1.08,2.6,0.68,49.85,1.44,29.25,1.52,63.47,1.52,2.21,0.75,0.55,0.6,1.37,1.63,1.77,0.45,79.59,9.08,0.48,1.35,71.98,0.71,6.5,90.08,1.08,1.75,3.86,86.37,37,0.78,1.6,1.77,1.4,0.92,2.17,19.46,0.09,3.2,0.29,4.29,2.26,1.27,1.78,0.37,80.48,0.57,0.25,85.25,0.25,88.1,0.54,0.52,2.1,70.05,0.32,67.54,6.21,1.55,3.35,0.8,0.8,0.06,2.49,14.76,0.54,24.29
"3",95.7,2.23,38.14,2.76,1.78,1.66,0.82,2.33,8.39,0.9,1,6.88,4.44,0.68,60.24,4.52,8.59,0.45,98.51,3.99,0.2,1.45,3.79,1.49,90.91,25.91,1.8,1.51,0.16,52.38,85.49,94.17,1.6,17.7,80.87,5.22,8.47,2.76,26.64,74.89,0.8,33.23,0.45,0.41,1.88,28.93,91.18,1.43,1.84,2.52,6.47,0.31,22.37,0.63,0.92,1.35,0.27,4.44,22.45,0.49,0.1,2.89,2.17,85.16,0.72,1.1,45.94,5.12,15.1,13.81,2.8,2.15,2.39,1.56,2.39,2.15,1.45,37.86,2.58,0.29,1.9,22.82,0.92,2.33,91.34,3.15,3.13,99.77,17.74,66.34,77.37,99.47,14.3,29.98,33.66,17.9,38.16,68.37,29.18,15.78,0.1,1.56,0.7,2.46,1.31,58.54,45.28,0.47,1.58,0.45,2.84,5.69,0.31,33.95,1.7,0.45,23.51,74.91,3.87,8.53,2.19,2.58,2.72,1.21,16.57,0.57,1.72,6.22,0.43,4.09
"4",0.91,1.58,0.51,11.17,0.33,2.14,0.13,1.13,6.63,0.65,1.29,2.96,2.42,0.67,99.82,3.6,0.58,0.27,0.33,87.94,0.18,72.98,2.42,0.49,70.8,99.47,99,0.96,0.16,98.69,99.29,96.31,4.74,43.64,98.75,99.96,59.39,0.27,7.94,99.47,0.31,16.75,11.34,0.2,1.53,1,43.02,0.53,1.56,6.67,26.16,0.24,0.04,0.13,0.71,72.22,0.31,1.45,0.4,0.58,0.09,1.65,0.69,1,4.89,0.42,21.51,0.8,6.34,1.33,70.91,0.62,1.36,0.49,0.4,0.29,1.78,0.67,1.38,0.33,61.21,3.56,0.27,1.13,30.85,1.6,2.45,81.27,0.65,0.76,4.05,69.86,4.4,0.8,1.2,1.96,0.62,0.71,1.13,0.44,0.09,0.76,0.24,2.54,1.82,0.91,2.2,0.18,3.23,0.4,0.2,29.54,0.2,98.73,0.38,0.42,1.73,33.65,0.13,87.7,2.89,1.2,2.6,0.27,0.27,0.02,1.29,3.36,0.31,15.46
"5",1.75,2.88,0.84,45.2,1.05,4.77,1.13,2.44,20.21,1.13,1.49,6.89,5.63,1.44,99.97,6.39,3.3,0.6,1.34,94.53,0.31,93.11,2.59,0.81,86.72,99.79,99.45,2.83,0.45,99.92,99.84,96.15,32.52,72.58,99.79,100,84.81,0.52,15.82,99.79,1.52,38.33,30.4,0.86,2.36,2.17,58.68,0.52,2.33,14.64,43.1,0.92,0.24,0.55,2.33,87.98,0.58,3.46,1.83,0.81,0.21,2.3,2.12,0.52,17.28,0.76,46.87,3.33,29.35,1.99,93.27,3.14,3.72,1.18,1.05,1.26,2.09,1.57,3.95,1.75,88.32,12.41,0.45,1.41,56.17,2.83,5.55,93.27,1.05,1.39,9.24,88.14,21.26,0.86,2.28,2.78,1.28,0.89,2.78,0.71,0.24,1.96,0.45,4.56,3.98,1.02,4.48,1.05,6.86,0.86,0.47,45.06,0.42,99.42,0.34,1.26,2.04,61.14,0.65,94.47,3.48,2.78,6.31,1.7,0.97,0.76,4.06,34.51,1.7,89.29
"6",96.04,2.21,78.07,3.42,1.37,1.41,0.93,1.98,26.66,0.67,1.25,4.44,4.57,0.67,96.48,4.7,15.7,0.26,79.06,7.54,0.38,1.69,3.29,0.9,57.8,98.21,12.66,1.53,0.35,93.45,98.43,71.77,19.28,13.2,90.54,73.82,24.26,1.95,15.51,32.48,0.38,57.26,0.35,0.35,3.74,88.62,99.14,0.67,1.6,1.89,7.19,0.22,24.84,0.58,1.09,1.57,0.42,2.78,32.77,0.86,0.26,2.33,1.5,15.31,2.49,1.09,51.28,6.14,22.95,5.08,25.7,1.44,2.53,0.54,0.45,0.38,0.99,5.85,2.08,0.58,2.14,19.5,0.99,2.62,96.32,0.45,3.13,100,2.72,11.67,87.6,99.84,7.13,2.65,9.91,4.51,8.47,19.25,57.51,12.5,0.16,1.31,0.8,2.08,1.47,2.3,2.37,0.29,1.76,0.54,5.66,3.1,0.32,25.19,2.37,0.93,2.49,91.59,3.32,75.51,7.96,1.57,2.62,1.53,7.35,0.54,1.69,5.79,0.54,2.21
"7",2.08,3.28,1.26,24.69,2.29,49.08,2.94,11.37,7.41,0.89,1.23,3.35,3.59,0.99,96.52,4.68,14.65,0.65,2.08,83.03,0.82,97.95,2.63,2.77,47.2,98.57,98.91,1.54,0.51,99.69,99.66,16.84,71.99,52.19,99.35,99.8,89,5.64,22.78,84.39,0.55,22.23,57.58,0.72,1.88,2.53,96.21,0.85,1.57,9.12,10.89,0.44,0.27,5.91,5.53,32.96,0.34,10.14,58.74,0.79,0.17,1.84,1.16,0.92,66.73,2.08,52.8,2.63,24.86,5.7,96.72,1.47,1.71,0.58,0.61,0.55,19.67,2.9,3.14,2.02,56.11,6.39,3.07,4.44,86.41,33.4,4.23,96.86,1.47,0.75,60.72,95.53,30.81,1.16,3.31,4.06,19.43,0.92,6.8,0.82,0.14,3.18,0.58,5.84,1.84,1.95,5.19,0.72,7.04,0.51,15.61,4.61,0.38,78.35,3.89,1.4,1.95,96.48,0.44,78.96,2.9,2.9,11.92,1.91,7.24,0.72,2.02,9.6,5.4,21.31
"8",2.65,2.72,1.03,74.08,1.18,1.66,1.51,48.38,0.74,0.88,2.32,99.71,64.62,13.33,4.42,73.12,0.52,87.81,2.36,1.91,0.55,1.88,2.17,1.95,98.82,3.9,2.47,86.34,0.41,35.01,86.01,94.77,0.74,66.97,94.77,30.6,63.22,0.59,56.55,3.98,81.66,85.31,52.28,26.62,9.06,2.06,1.84,1.25,3.17,89.73,88.73,1.1,0.33,3.39,57.88,2.72,0.85,19.59,0.52,0.77,1.77,3.17,95.43,0.99,0.81,1.47,86.34,96.8,28.06,20.51,1.77,9.43,95.36,92.42,53.61,36.05,3.39,0.92,50.66,1.51,5.15,1.14,0.85,2.69,91.46,1.07,5.41,19.26,1.1,1.66,22.13,15.39,26.07,1.69,1.95,2.36,1.14,1.91,1.58,0.88,0.18,1.8,3.98,3.65,99.37,1.18,4.16,0.29,9.02,1.18,0.07,24.45,0.29,21.28,1.55,0.7,1.69,93.45,1.03,2.28,4.27,2.43,5.67,2.06,1.29,1.4,91.27,23.31,0.48,3.35
"9",1.45,1.84,0.77,22.04,0.97,2.61,0.39,1.93,10.2,0.53,0.92,4.16,3.87,0.77,99.9,4.49,1.88,0.34,1.16,88.45,0.14,86.85,2.61,0.53,73.13,99.66,99.52,1.74,0.24,99.13,99.71,91.3,2.75,68.58,99.32,99.95,75.98,0.29,75.93,99.57,0.58,26.58,14.35,0.39,2.37,1.45,43.26,0.87,2.37,16.53,37.07,0.19,0.14,0.19,0.97,84.92,0.63,2.37,1.64,0.97,0.1,1.88,1.11,0.72,17.83,0.58,45,1.59,18.56,1.69,86.9,1.35,2.22,0.58,0.39,0.63,1.88,0.82,1.59,0.63,79.89,8.55,0.39,1.16,48.62,1.5,3.38,90.87,1.21,1.3,4.74,78.73,12.76,0.68,1.55,1.35,0.68,0.63,2.56,0.63,0,4.16,0.34,3.24,1.79,1.01,2.8,0.19,6.38,0.53,0.19,28.03,0.29,68.58,0.63,0.43,1.64,48.28,0.24,91.3,3.04,1.3,3.24,0.72,0.48,0.19,2.17,12.57,0.53,14.6
"10",3.05,1.34,1.45,7.23,0.86,2.19,0.43,1.77,5.94,1.34,1.18,4.6,4.12,0.8,93.2,4.76,0.64,0.54,2.57,62.74,0.59,45.77,2.68,1.28,60.81,92.56,91.43,1.61,0.37,85.81,88.44,83.03,1.77,30.35,86.03,95.29,38.22,0.43,13.06,91.06,0.27,14.35,8.19,0.43,1.82,4.93,26.34,1.55,1.39,7.55,23.34,0.16,0.48,0.54,0.75,58.99,0.37,2.46,1.71,0.54,0.27,2.19,1.55,2.78,6.53,1.34,18.31,1.61,3.27,1.77,47.81,0.59,3.32,0.59,0.27,0.05,3,1.12,1.5,0.27,42.77,3,0.7,1.93,21.52,1.5,2.94,59.74,1.02,2.14,5.25,50.11,3.75,1.34,1.45,1.87,0.7,1.71,1.87,1.55,0.21,5.03,0.32,2.73,2.36,2.03,2.14,0.43,3.59,0.7,0.96,20.13,0.43,56.32,1.02,0.48,1.77,21.25,0.37,72.43,2.62,0.96,3.53,0.16,0.54,0.16,2.09,2.41,0.27,4.28
"11",4.39,7.03,1.35,54.56,3.31,1.62,1.15,68.63,1.62,0.88,1.89,98.85,88.84,37.73,5.54,80.32,0.2,51.45,2.7,13.59,0.41,3.72,2.5,2.23,40.77,5.54,3.04,81.34,0.14,91.41,96.82,97.57,3.04,45.5,96.35,21.37,80.53,3.31,47.53,5,64.16,41.65,90.06,25.63,11.29,2.1,33.27,1.28,4.26,85.33,85.26,0.61,0.54,11.76,45.3,5,0.61,82.01,12.98,1.42,1.49,3.18,94.46,1.08,2.03,1.49,98.72,97.09,57.81,37.66,3.38,23.6,71.47,69.44,45.17,36.04,11.02,1.22,18.86,2.43,8.25,1.15,0.61,2.16,93.91,0.61,6.9,44.49,4.67,38.13,39.01,41.78,16.16,2.16,4.46,3.58,1.69,1.83,1.89,0.61,0.2,14.81,9.8,3.79,98.44,2.57,4.19,0.2,16.97,0.61,0.54,6.9,0.2,45.3,1.35,1.22,2.5,98.38,2.23,3.11,3.18,2.7,22.52,6.76,2.03,16.9,90.4,23.8,0.54,7.03
"12",2.27,2.5,1.06,11.2,0.68,14.23,0.98,3.1,5.6,1.29,1.06,3.48,3.86,1.51,97.65,5.83,1.36,0.3,1.29,93.26,0.38,72.07,3.1,1.67,50.72,99.09,99.32,1.67,0.15,97.73,99.24,81.53,17.34,53.44,99.02,99.92,71.46,1.74,12.87,94.93,0.45,30.13,7.72,0.45,1.89,2.73,73.5,0.3,2.12,2.04,5.75,0.38,0.38,0.53,0.76,63.29,0.68,15.37,28.69,0.76,0.23,1.97,1.67,0.53,18.93,0.98,31.95,2.04,9.39,3.41,76.76,0.98,2.95,0.61,0.68,0.83,99.17,4.54,1.14,0.68,13.1,1.21,1.21,3.18,67.68,25.51,4.24,87.28,0.98,0.91,43.75,81.91,12.64,1.21,1.59,2.65,1.59,1.36,3.41,0.98,0.15,1.44,0.53,8.18,1.74,1.82,3.79,0.15,7.34,0.45,2.2,24.15,0.15,86.53,2.27,0.53,2.04,73.2,0.53,85.01,4.01,1.89,7.19,0.98,11.2,0.3,2.88,8.86,1.74,18.55
"13",13.02,68.9,1.1,9.94,71.98,6.08,16.34,1.82,83.11,47.36,7.34,4.5,4.58,33.62,21.15,6.24,32.91,1.18,87.61,8.29,0.55,8.13,87.77,47.12,39.54,13.5,70.09,11.44,0.63,97.08,93.84,44.36,31.89,50.43,93.45,11.13,15.86,40.17,35.44,14.36,1.5,20.76,6.16,7.26,85.79,6.08,33.78,98.11,2.92,56.67,4.81,0.47,25.65,1.42,3.31,12.39,0.39,61.4,46.25,3.55,0.63,72.53,57.85,42.23,33.54,20.92,77.43,59.59,55.17,94.24,6.71,25.26,2.76,3.24,14.05,12.87,2.21,3.16,56.43,1.89,11.68,30.31,44.51,41.59,85.24,41.99,7.02,97.63,63.85,98.18,95.58,98.34,3.47,3.55,4.89,4.74,3.55,4.1,3.95,6.24,0.32,26.05,34.33,3.87,3.79,9.08,7.42,2.45,4.5,19.02,0.87,95.19,16.81,14.6,58.48,23.84,79.56,7.34,13.97,8.13,4.81,5.37,12.23,45.38,1.42,2.21,2.84,19.18,2.84,6.24
"14",27.46,5.49,12.36,32.23,6.54,16.24,32.96,8.64,17.53,2.02,2.18,16.48,10.5,2.83,83.6,13.17,76.98,3.23,28.35,58,1.13,51.62,7.03,76.49,70.52,81.02,52.34,14.38,0.4,86.91,91.76,74.64,20.36,71.57,91.36,79.32,45.56,3.15,51.37,71.81,4.04,31.18,14.22,1.94,5.57,31.83,66.96,2.83,3.55,17.12,27.46,1.53,2.18,2.5,10.9,44.75,0.89,9.45,15.51,1.94,0.24,7.67,12.44,10.18,14.62,63.81,56.38,15.43,11.71,6.14,54.68,2.1,13.57,7.92,4.85,8.4,6.62,6.22,9.29,0.97,44.67,10.02,68.82,95.23,59.94,83.6,8.4,79.64,3.15,9.61,89.34,74.15,13,4.12,4.85,3.63,5.41,11.63,15.51,5.01,0,9.29,0.89,5.65,13.41,5.98,10.82,1.29,15.11,0.97,2.91,86.67,5.9,70.36,72.7,0.89,5.41,63.81,0.65,64.78,5.9,4.12,8.24,2.26,6.38,0.4,12.84,21.89,2.18,27.79
"15",5.87,2.89,0.83,4.8,2.07,4.47,0.74,1.24,3.89,0.66,1.24,3.97,3.89,0.83,99.09,3.47,4.05,0.17,34.99,91.65,0.25,46.57,2.15,1.49,39.45,89.91,8.19,1.57,0.17,97.93,99.5,70.89,20.51,37.06,98.92,94.29,78.41,1.41,28.12,97.6,0.66,50.87,5.29,0.83,2.07,37.14,96.28,0.83,0.99,21.17,36.97,0.25,0.41,24.07,2.89,5.29,0.41,2.73,19.02,0.41,0,1.24,0.91,2.15,4.05,1.49,60.3,2.48,18.2,31.27,33.25,1.82,1.82,0.66,0.33,0.41,2.07,8.11,2.07,0.33,48.97,10.26,0.58,2.07,80.31,10.84,4.47,99.83,8.27,11.99,29.86,96.61,24.73,3.97,6.78,3.72,3.97,11.41,31.43,26.39,0.33,2.65,0.91,4.14,1.49,3.64,4.05,0.58,42.68,0.08,14.64,48.22,0.25,66.75,1.16,0.58,2.48,90.49,3.56,18.78,3.39,2.73,6.87,0.99,12.49,0.17,2.89,8.68,0.33,27.3
"16",2.74,3.31,1.23,42.82,1.8,1.7,1.51,65.69,0.85,0.66,1.42,98.96,75.9,25.43,4.91,91.87,0.66,39.98,2.08,3.4,0.57,2.65,1.51,1.32,81,4.82,2.55,93.67,0.19,79.68,91.97,94.33,0.47,63.8,96.31,25.43,62.67,0.76,46.98,3.88,48.02,43.29,30.81,10.3,5.58,2.74,6.33,0.76,2.65,95.75,97.26,0.66,0.76,4.35,65.41,3.78,0.95,63.52,1.42,0.85,3.97,3.02,94.52,1.23,0.66,1.7,87.43,97.26,6.24,26.18,2.93,8.32,96.03,73.82,42.06,40.08,3.02,0.95,34.4,2.27,5.39,1.42,1.13,2.65,81.66,1.42,4.82,33.93,1.42,3.97,11.53,25.52,22.5,1.89,1.32,1.8,0.57,1.23,1.42,0.95,0.28,18.81,3.69,3.97,97.83,1.7,1.8,0.28,47.92,0.57,0.38,24.86,0.19,24.57,1.98,0.28,2.46,96.79,0.95,2.65,3.97,2.84,8.98,1.7,1.13,1.32,96.22,23.82,0.66,3.5
"17",59.73,2.88,29.42,5.42,2.32,2.88,31.31,8.74,14.38,0.66,1.77,3.98,2.88,1.44,84.29,5.75,15.15,0.22,81.42,36.39,0.33,37.28,2.99,3.32,47.23,97.12,7.52,1.77,0.22,95.35,98.89,50,36.84,25.77,94.91,59.18,35.95,4.31,35.84,75,0.44,63.5,2.21,0.44,2.21,46.13,93.69,2.1,1.99,3.1,6.75,0.11,12.06,1.55,1.44,41.7,0.55,1.77,34.18,0.33,0.11,2.43,1.22,15.71,12.61,2.99,61.95,3.54,15.71,18.25,28.87,8.52,2.32,0.33,0.66,1,1.88,12.83,1.88,0.66,37.61,17.48,2.77,5.09,92.48,7.19,4.76,99.45,9.85,17.04,63.5,99.23,23.56,5.42,9.4,5.09,62.28,40.04,85.84,19.36,0.11,5.53,0.44,4.87,1.66,11.28,2.32,0.44,3.1,0.55,2.1,7.19,0.44,32.52,4.76,0.88,8.74,95.13,5.2,32.63,14.49,43.81,3.1,2.54,6.86,0.66,2.43,10.07,1,4.31
"18",48.15,1.7,26.85,7.1,4.69,3.69,7.1,2.13,34.66,1.28,1.85,3.69,3.41,0.14,98.01,3.98,9.66,0.14,65.34,51.7,0.14,37.5,2.13,3.41,90.2,93.47,10.51,0.28,0,95.45,98.86,51.28,47.44,18.32,96.02,87.5,35.8,3.12,25.14,51.42,0.57,46.16,6.25,0.71,12.93,77.84,99.72,0.43,1.42,1.28,4.97,0.57,15.34,9.66,1.42,9.66,0.85,11.79,65.77,0.71,0.14,1.99,1.56,11.22,8.66,2.13,65.77,30.4,44.03,13.78,58.52,0.99,1.85,0.71,0.71,0.57,1.28,11.51,2.7,0.71,7.95,27.84,2.7,5.26,96.31,4.83,10.37,98.72,2.13,9.23,62.78,98.58,60.09,3.41,7.1,2.56,10.94,24.15,39.91,32.81,0.43,1.14,0.85,2.98,0.99,5.26,6.82,0.85,3.84,0.28,17.19,33.24,0.71,46.31,8.66,1.42,3.55,94.74,7.1,71.16,8.95,1.28,14.63,1.7,21.59,1.28,1.14,5.26,0.57,9.09
"19",38.81,1.86,1.36,3.9,0.68,2.2,2.88,2.03,1.86,1.19,1.53,4.07,3.05,1.53,88.64,2.37,7.8,0.17,87.63,10.85,0.17,2.37,7.97,1.69,84.92,2.54,1.86,0.68,0.34,90.34,47.29,78.47,11.19,9.32,64.24,2.37,2.54,0.51,12.03,96.78,1.02,11.19,3.39,2.2,1.86,6.61,33.39,3.05,1.36,1.02,5.25,0.51,0.68,1.02,1.02,11.86,0.85,21.86,6.78,0.85,0.51,1.86,1.36,31.36,27.8,1.36,7.63,3.56,4.41,79.49,1.36,1.86,1.86,0.85,1.02,1.02,4.24,58.47,4.41,0.51,7.12,10,1.19,3.05,84.75,5.25,5.25,93.9,16.27,87.46,64.24,99.15,12.37,8.98,4.24,6.61,30.85,98.64,5.08,28.47,0.17,1.69,0.51,2.54,1.02,99.66,95.59,0.34,3.05,0.17,0.17,13.05,0.51,86.44,2.54,0.68,62.88,45.76,2.03,1.86,1.69,0.85,14.58,0.68,6.95,0.51,1.19,3.22,1.19,17.8
"20",0.25,2.24,0,17.21,0.25,5.49,0.25,1.75,13.22,0.5,1.75,3.74,4.24,1.25,100,3.74,2.24,0,0.5,88.03,0.25,81.55,1.5,0.25,90.52,99.5,100,0.25,0,99.5,99,93.27,16.46,58.6,97.01,100,64.59,0.75,7.48,99.25,1.5,23.19,99.75,0.5,2.49,0.75,60.1,0,2.99,3.74,27.43,0,0,0,1.25,89.78,0.25,1.75,0.25,1.5,0,1.25,1.75,0.75,7.98,0.25,22.19,0.5,9.23,1.25,79.3,1,2,0.5,0.5,0.75,2.24,0.25,1.5,0,74.31,4.24,0,0.5,29.93,4.49,4.24,84.79,0.75,0.75,8.48,76.81,6.23,0.75,1,1.75,1,0,1.25,0,0,1.75,0.25,2.74,3.99,1.25,2.99,0.5,4.49,0.25,0,52.87,0,98.75,0,0.25,1.25,32.92,0.5,93.52,2,2,4.99,2,0.5,0,2.49,4.99,0.5,23.69
"21",14.69,20.94,0.62,32.81,2.19,6.56,36.25,1.56,36.56,0.62,6.25,3.12,36.25,31.87,40.94,23.12,24.06,0,45,1.88,0.31,2.81,50.31,36.88,85.62,4.38,76.25,5.31,0,94.38,67.5,55.94,9.38,45.31,70.31,20.94,1.88,9.69,30.94,13.44,0.62,6.88,15,6.88,35.94,2.19,89.69,66.88,48.12,3.44,4.38,1.25,1.56,7.5,2.5,31.25,0.62,36.25,15.31,46.25,0,18.44,14.37,1.25,8.75,21.88,70,82.5,32.81,89.69,3.12,16.88,1.56,1.88,0.94,4.38,4.69,1.88,82.5,3.44,5.94,2.19,29.69,34.38,97.19,25.62,11.25,85.62,5.31,40.94,95.62,85.94,43.75,1.88,1.88,5,1.56,3.12,2.19,0.62,0,9.06,10,5,0.94,7.5,6.56,2.5,2.19,11.88,0,77.19,3.44,64.38,47.81,13.44,33.75,4.69,17.5,1.56,3.75,3.44,45,49.06,0.31,10,2.81,11.88,0.94,14.06
"22",1.9,2.66,1.52,6.08,0.76,43.35,1.14,32.32,1.14,1.14,1.14,2.66,2.66,0.38,22.43,4.94,33.84,0.38,6.46,36.88,0,54.37,7.6,1.9,7.22,39.92,5.32,0.76,0.76,99.24,83.65,58.17,12.55,19.01,95.82,36.5,32.7,9.51,24.33,92.78,0,10.65,18.25,0.38,3.42,7.6,86.69,1.52,2.28,37.64,12.93,0,0.76,0.38,0.76,80.23,1.14,3.42,23.57,0,0.38,3.42,0.76,2.66,40.68,0.76,52.85,0.38,16.35,31.94,52.85,1.52,0.38,0,0,0,80.23,0.76,3.42,0,84.79,45.25,2.28,3.04,87.45,48.67,33.84,83.27,11.41,8.37,92.02,95.06,26.62,1.14,3.04,1.9,95.06,4.18,63.5,9.13,0,3.42,0.38,4.94,1.52,5.7,4.18,0.38,15.59,0.76,0.38,14.07,0,71.1,2.66,1.14,5.32,87.45,0.38,25.48,6.08,3.42,22.43,2.28,0,0,1.14,6.46,3.42,26.24
"23",38,3,18,14,1,6,0,4,6,0,2,12,4,1,80,5,6,1,38,58,0,48,2,1,71,67,58,4,2,72,81,91,6,30,85,65,47,2,15,89,2,16,6,0,3,12,71,3,6,10,17,0,3,1,3,54,0,7,11,0,1,5,6,36,16,0,26,5,5,1,47,1,4,72,71,72,9,16,0,1,46,14,2,4,59,2,7,89,2,19,31,85,17,14,15,7,15,25,13,4,1,0,0,4,7,26,15,0,8,0,1,22,0,68,1,1,11,50,0,58,3,7,6,1,9,0,4,10,0,11
"24",16.39,22.95,3.28,19.67,13.11,8.2,1.64,29.51,9.84,1.64,6.56,31.15,18.03,0,73.77,31.15,4.92,21.31,4.92,59.02,8.2,49.18,3.28,4.92,57.38,80.33,73.77,26.23,26.23,73.77,85.25,83.61,8.2,37.7,95.08,85.25,85.25,13.11,21.31,75.41,39.34,54.1,27.87,3.28,6.56,14.75,39.34,13.11,3.28,31.15,39.34,1.64,37.7,93.44,42.62,67.21,3.28,22.95,14.75,3.28,11.48,3.28,26.23,21.31,60.66,0,42.62,29.51,21.31,4.92,59.02,49.18,29.51,11.48,4.92,8.2,21.31,3.28,6.56,3.28,59.02,13.11,1.64,1.64,60.66,6.56,9.84,60.66,11.48,8.2,21.31,54.1,16.39,13.11,9.84,13.11,9.84,27.87,24.59,29.51,29.51,47.54,13.11,1.64,31.15,4.92,8.2,8.2,16.39,4.92,1.64,9.84,4.92,77.05,3.28,13.11,4.92,62.3,3.28,65.57,8.2,0,6.56,8.2,34.43,4.92,32.79,32.79,32.79,16.39
"25",4.35,2.17,2.17,17.39,0,4.35,4.35,8.7,4.35,0,2.17,100,6.52,6.52,15.22,8.7,0,0,4.35,54.35,0,6.52,2.17,2.17,97.83,10.87,10.87,8.7,0,100,89.13,97.83,0,41.3,100,10.87,17.39,17.39,8.7,13.04,4.35,28.26,6.52,2.17,69.57,4.35,82.61,0,2.17,43.48,36.96,4.35,0,2.17,2.17,10.87,0,97.83,32.61,0,2.17,0,47.83,2.17,6.52,0,95.65,54.35,23.91,34.78,10.87,2.17,4.35,13.04,6.52,17.39,0,0,36.96,0,10.87,4.35,0,4.35,100,2.17,8.7,41.3,0,4.35,63.04,47.83,69.57,0,4.35,0,0,4.35,0,0,0,4.35,2.17,10.87,10.87,2.17,4.35,0,4.35,0,0,17.39,0,15.22,4.35,2.17,8.7,97.83,56.52,15.22,6.52,0,67.39,2.17,0,2.17,10.87,13.04,0,13.04
